account_id,vpa,bank_name,account_age_days,kyc_tier,opened_at
ACC0000000,bakshianvi@okhdfcbank,SBI,1339,full,2022-12-01 08:00:00
ACC0000001,udantdewan@oksbi,ICICI,531,full,2025-02-16 08:00:00
ACC0000002,chahalpahal@ybl,HDFC,1415,full,2022-09-16 08:00:00
ACC0000003,balangirik@okhdfcbank,HDFC,95,full,2026-04-28 08:00:00
ACC0000004,virajtiwari@ybl,SBI,1064,full,2023-09-02 08:00:00
ACC0000005,issaconi@ybl,BOB,1496,full,2022-06-27 08:00:00
ACC0000006,saumyamall@okicici,SBI,1236,minimal,2023-03-14 08:00:00
ACC0000007,duttapahal@okaxis,Kotak,356,full,2025-08-10 08:00:00
ACC0000008,arunima23@okicici,HDFC,470,full,2025-04-18 08:00:00
ACC0000009,harsh16@okicici,Kotak,228,full,2025-12-16 08:00:00
ACC0000010,parmerhemangini@okhdfcbank,Paytm Payments Bank,1682,full,2021-12-23 08:00:00
ACC0000011,caleb78@okaxis,HDFC,1918,full,2021-05-01 08:00:00
ACC0000012,radhakrishnanfarhan@ybl,Kotak,1728,full,2021-11-07 08:00:00
ACC0000013,janaki93@okhdfcbank,SBI,1472,full,2022-07-21 08:00:00
ACC0000014,bathvedant@okicici,HDFC,1613,minimal,2022-03-02 08:00:00
ACC0000015,fariq31@okhdfcbank,BOB,1804,full,2021-08-23 08:00:00
ACC0000016,dmall@okicici,ICICI,1331,full,2022-12-09 08:00:00
ACC0000017,nicholas55@okicici,HDFC,459,full,2025-04-29 08:00:00
ACC0000018,amarabora@ybl,Axis,380,full,2025-07-17 08:00:00
ACC0000019,yashgade@okicici,Axis,807,full,2024-05-16 08:00:00
ACC0000020,rraghavan@okhdfcbank,Axis,1756,minimal,2021-10-10 08:00:00
ACC0000021,ektabhalla@okicici,BOB,1678,full,2021-12-27 08:00:00
ACC0000022,azadmutti@ybl,Kotak,462,full,2025-04-26 08:00:00
ACC0000023,eloyal@okaxis,Paytm Payments Bank,1052,full,2023-09-14 08:00:00
ACC0000024,divyakala@oksbi,PNB,315,full,2025-09-20 08:00:00
ACC0000025,prandhawa@ybl,BOB,907,full,2024-02-06 08:00:00
ACC0000026,qdhar@ybl,Paytm Payments Bank,313,full,2025-09-22 08:00:00
ACC0000027,yatinyohannan@okhdfcbank,ICICI,126,full,2026-03-28 08:00:00
ACC0000028,priya96@okaxis,HDFC,1652,full,2022-01-22 08:00:00
ACC0000029,theodore28@okaxis,PNB,1250,none,2023-02-28 08:00:00
ACC0000030,wchand@okhdfcbank,HDFC,1792,full,2021-09-04 08:00:00
ACC0000031,choudharymichael@okicici,Kotak,1129,full,2023-06-29 08:00:00
ACC0000032,pahalbhatt@oksbi,Paytm Payments Bank,920,full,2024-01-24 08:00:00
ACC0000033,mraj@okicici,ICICI,1508,full,2022-06-15 08:00:00
ACC0000034,qwadhwa@okicici,Axis,247,full,2025-11-27 08:00:00
ACC0000035,contractoramara@oksbi,SBI,1591,full,2022-03-24 08:00:00
ACC0000036,isaac46@okhdfcbank,HDFC,1030,minimal,2023-10-06 08:00:00
ACC0000037,sudikshaaggarwal@okicici,Axis,1829,full,2021-07-29 08:00:00
ACC0000038,xiti28@ybl,HDFC,1828,full,2021-07-30 08:00:00
ACC0000039,misrayashica@okhdfcbank,ICICI,1025,full,2023-10-11 08:00:00
ACC0000040,michaelprakash@ybl,ICICI,1003,full,2023-11-02 08:00:00
ACC0000041,aadinaik@ybl,BOB,1816,none,2021-08-11 08:00:00
ACC0000042,hbahl@ybl,Axis,1932,full,2021-04-17 08:00:00
ACC0000043,damyanti30@okicici,Paytm Payments Bank,847,minimal,2024-04-06 08:00:00
ACC0000044,farhanchada@okhdfcbank,Axis,954,full,2023-12-21 08:00:00
ACC0000045,wbiswas@okhdfcbank,Axis,722,full,2024-08-09 08:00:00
ACC0000046,kabirsoman@okhdfcbank,SBI,44,full,2026-06-18 08:00:00
ACC0000047,alkawable@okhdfcbank,Kotak,1884,full,2021-06-04 08:00:00
ACC0000048,ikakar@okicici,Paytm Payments Bank,517,full,2025-03-02 08:00:00
ACC0000049,devikarastogi@ybl,Paytm Payments Bank,300,full,2025-10-05 08:00:00
ACC0000050,raksha87@okaxis,Axis,998,full,2023-11-07 08:00:00
ACC0000051,kotaumang@okaxis,Kotak,1379,full,2022-10-22 08:00:00
ACC0000052,nigamansh@okhdfcbank,HDFC,986,full,2023-11-19 08:00:00
ACC0000053,thomasamble@okicici,HDFC,1521,full,2022-06-02 08:00:00
ACC0000054,bhargavaveer@ybl,Paytm Payments Bank,419,full,2025-06-08 08:00:00
ACC0000055,balayganga@okicici,Paytm Payments Bank,405,full,2025-06-22 08:00:00
ACC0000056,varkeywazir@okhdfcbank,Paytm Payments Bank,1920,minimal,2021-04-29 08:00:00
ACC0000057,vedika38@ybl,HDFC,1783,full,2021-09-13 08:00:00
ACC0000058,urvashikibe@okhdfcbank,HDFC,1137,minimal,2023-06-21 08:00:00
ACC0000059,mray@oksbi,ICICI,1768,full,2021-09-28 08:00:00
ACC0000060,chatterjeeraagini@oksbi,BOB,1015,minimal,2023-10-21 08:00:00
ACC0000061,pallavi67@okaxis,SBI,367,none,2025-07-30 08:00:00
ACC0000062,chaudharidarsh@okaxis,PNB,573,full,2025-01-05 08:00:00
ACC0000063,znori@ybl,Paytm Payments Bank,1990,full,2021-02-18 08:00:00
ACC0000064,kotharirehaan@oksbi,SBI,637,full,2024-11-02 08:00:00
ACC0000065,saumyadey@okhdfcbank,Kotak,1140,full,2023-06-18 08:00:00
ACC0000066,rgoswami@okaxis,ICICI,1226,full,2023-03-24 08:00:00
ACC0000067,ekrish@okhdfcbank,ICICI,1070,full,2023-08-27 08:00:00
ACC0000068,dchaudhari@oksbi,BOB,169,full,2026-02-13 08:00:00
ACC0000069,chanderwarjas@ybl,Axis,1853,full,2021-07-05 08:00:00
ACC0000070,niharikasunder@ybl,HDFC,111,full,2026-04-12 08:00:00
ACC0000071,zkala@ybl,Kotak,1225,minimal,2023-03-25 08:00:00
ACC0000072,galaladli@okicici,Axis,448,full,2025-05-10 08:00:00
ACC0000073,ramakrishnanalka@okicici,Paytm Payments Bank,298,full,2025-10-07 08:00:00
ACC0000074,bmangal@okhdfcbank,SBI,1569,full,2022-04-15 08:00:00
ACC0000075,mdubey@okhdfcbank,HDFC,1183,full,2023-05-06 08:00:00
ACC0000076,teerth09@okicici,ICICI,1066,minimal,2023-08-31 08:00:00
ACC0000077,murthydakshesh@okhdfcbank,Axis,1834,full,2021-07-24 08:00:00
ACC0000078,soodyadavi@okaxis,PNB,353,full,2025-08-13 08:00:00
ACC0000079,daksheshtrivedi@ybl,SBI,1682,full,2021-12-23 08:00:00
ACC0000080,grewalekapad@okicici,HDFC,1165,minimal,2023-05-24 08:00:00
ACC0000081,keernetra@okicici,HDFC,305,minimal,2025-09-30 08:00:00
ACC0000082,koshybalveer@ybl,ICICI,1550,full,2022-05-04 08:00:00
ACC0000083,sainidiya@oksbi,Kotak,1268,full,2023-02-10 08:00:00
ACC0000084,samarth53@okicici,Paytm Payments Bank,1328,full,2022-12-12 08:00:00
ACC0000085,meghana24@okhdfcbank,HDFC,1889,full,2021-05-30 08:00:00
ACC0000086,wmutti@okicici,SBI,1728,full,2021-11-07 08:00:00
ACC0000087,andratara@oksbi,PNB,1609,full,2022-03-06 08:00:00
ACC0000088,borahtanay@ybl,BOB,934,full,2024-01-10 08:00:00
ACC0000089,kevin51@okhdfcbank,ICICI,259,full,2025-11-15 08:00:00
ACC0000090,kalamane@okicici,ICICI,1739,full,2021-10-27 08:00:00
ACC0000091,rakshamittal@okicici,Kotak,115,minimal,2026-04-08 08:00:00
ACC0000092,mistryhemang@okhdfcbank,Kotak,1660,full,2022-01-14 08:00:00
ACC0000093,aishanidalia@okhdfcbank,Kotak,541,minimal,2025-02-06 08:00:00
ACC0000094,dugalanita@okaxis,ICICI,1840,minimal,2021-07-18 08:00:00
ACC0000095,shivansh53@oksbi,ICICI,514,minimal,2025-03-05 08:00:00
ACC0000096,yashasvi74@oksbi,Kotak,80,minimal,2026-05-13 08:00:00
ACC0000097,chandapallavi@oksbi,PNB,873,full,2024-03-11 08:00:00
ACC0000098,chaitanya05@okhdfcbank,BOB,1466,minimal,2022-07-27 08:00:00
ACC0000099,adwetaedwin@okaxis,Axis,1788,full,2021-09-08 08:00:00
ACC0000100,jsane@okaxis,Kotak,1910,full,2021-05-09 08:00:00
ACC0000101,choudhuryfaqid@oksbi,Axis,1658,full,2022-01-16 08:00:00
ACC0000102,balendrapingle@okaxis,Kotak,425,full,2025-06-02 08:00:00
ACC0000103,qushidatta@okicici,Kotak,172,full,2026-02-10 08:00:00
ACC0000104,morarjanya@ybl,Kotak,848,minimal,2024-04-05 08:00:00
ACC0000105,parmarshivansh@okicici,ICICI,266,full,2025-11-08 08:00:00
ACC0000106,harshilpandya@okhdfcbank,HDFC,573,full,2025-01-05 08:00:00
ACC0000107,pdubey@okicici,BOB,737,full,2024-07-25 08:00:00
ACC0000108,petersachar@okhdfcbank,BOB,1077,minimal,2023-08-20 08:00:00
ACC0000109,golagaurangi@okicici,SBI,419,full,2025-06-08 08:00:00
ACC0000110,rkothari@ybl,Axis,33,full,2026-06-29 08:00:00
ACC0000111,hritikraja@okicici,Kotak,173,full,2026-02-09 08:00:00
ACC0000112,singhaltristan@okicici,PNB,285,full,2025-10-20 08:00:00
ACC0000113,trivenipalla@okaxis,PNB,698,full,2024-09-02 08:00:00
ACC0000114,vedant30@okaxis,BOB,422,full,2025-06-05 08:00:00
ACC0000115,mohininarasimhan@oksbi,PNB,1878,full,2021-06-10 08:00:00
ACC0000116,ekaraj45@okhdfcbank,PNB,1737,full,2021-10-29 08:00:00
ACC0000117,vyadav@ybl,Kotak,910,full,2024-02-03 08:00:00
ACC0000118,daliaadvika@oksbi,Paytm Payments Bank,935,minimal,2024-01-09 08:00:00
ACC0000119,alkabarad@oksbi,HDFC,1995,full,2021-02-13 08:00:00
ACC0000120,sarafhemani@ybl,Kotak,1389,full,2022-10-12 08:00:00
ACC0000121,rajata98@oksbi,PNB,1979,full,2021-03-01 08:00:00
ACC0000122,rajanranveer@oksbi,SBI,437,full,2025-05-21 08:00:00
ACC0000123,chaitanya60@ybl,HDFC,1003,full,2023-11-02 08:00:00
ACC0000124,janujasankar@ybl,Axis,1844,full,2021-07-14 08:00:00
ACC0000125,narayanandipta@okaxis,BOB,816,full,2024-05-07 08:00:00
ACC0000126,mitalyashica@okhdfcbank,HDFC,1373,minimal,2022-10-28 08:00:00
ACC0000127,nilima56@oksbi,Paytm Payments Bank,478,full,2025-04-10 08:00:00
ACC0000128,joshua36@okhdfcbank,Paytm Payments Bank,540,full,2025-02-07 08:00:00
ACC0000129,nghosh@ybl,Kotak,981,none,2023-11-24 08:00:00
ACC0000130,nidra80@okaxis,BOB,1855,minimal,2021-07-03 08:00:00
ACC0000131,bhavini36@okaxis,ICICI,1152,full,2023-06-06 08:00:00
ACC0000132,udyati77@okaxis,PNB,1002,minimal,2023-11-03 08:00:00
ACC0000133,yastisolanki@okicici,Paytm Payments Bank,1750,full,2021-10-16 08:00:00
ACC0000134,fradomander@okaxis,HDFC,592,full,2024-12-17 08:00:00
ACC0000135,girik34@okicici,Kotak,510,full,2025-03-09 08:00:00
ACC0000136,rushildin@okhdfcbank,ICICI,1136,full,2023-06-22 08:00:00
ACC0000137,batrayash@oksbi,Axis,814,full,2024-05-09 08:00:00
ACC0000138,dbora@okicici,Paytm Payments Bank,864,full,2024-03-20 08:00:00
ACC0000139,thayer@okaxis,BOB,453,minimal,2025-05-05 08:00:00
ACC0000140,ztalwar@okhdfcbank,BOB,1226,full,2023-03-24 08:00:00
ACC0000141,manbirahluwalia@okicici,PNB,1960,minimal,2021-03-20 08:00:00
ACC0000142,sandaltheodore@okaxis,Axis,1777,full,2021-09-19 08:00:00
ACC0000143,zarnashetty@okaxis,Paytm Payments Bank,588,full,2024-12-21 08:00:00
ACC0000144,krishjairaj@okaxis,ICICI,718,minimal,2024-08-13 08:00:00
ACC0000145,zdeol@oksbi,SBI,1913,minimal,2021-05-06 08:00:00
ACC0000146,jwali@ybl,SBI,1242,full,2023-03-08 08:00:00
ACC0000147,saanvi98@oksbi,Paytm Payments Bank,907,full,2024-02-06 08:00:00
ACC0000148,ksehgal@okaxis,Kotak,562,full,2025-01-16 08:00:00
ACC0000149,qsengupta@okicici,BOB,699,full,2024-09-01 08:00:00
ACC0000150,aradhanaverma@okaxis,PNB,1978,minimal,2021-03-02 08:00:00
ACC0000151,rkhare@okhdfcbank,SBI,993,none,2023-11-12 08:00:00
ACC0000152,tbrahmbhatt@oksbi,HDFC,746,minimal,2024-07-16 08:00:00
ACC0000153,wahab45@okhdfcbank,SBI,1364,minimal,2022-11-06 08:00:00
ACC0000154,faris22@okhdfcbank,ICICI,438,full,2025-05-20 08:00:00
ACC0000155,leeladua@okhdfcbank,Axis,999,full,2023-11-06 08:00:00
ACC0000156,devanshsachdeva@okicici,ICICI,554,full,2025-01-24 08:00:00
ACC0000157,inarayanan@okhdfcbank,ICICI,1561,none,2022-04-23 08:00:00
ACC0000158,dsagar@ybl,SBI,251,minimal,2025-11-23 08:00:00
ACC0000159,osharamachandran@okaxis,BOB,1209,minimal,2023-04-10 08:00:00
ACC0000160,raivansha@okhdfcbank,Axis,436,full,2025-05-22 08:00:00
ACC0000161,pandeychanchal@okicici,HDFC,1612,minimal,2022-03-03 08:00:00
ACC0000162,isaini@okhdfcbank,Kotak,1189,full,2023-04-30 08:00:00
ACC0000163,vinayakanda@okicici,HDFC,1384,full,2022-10-17 08:00:00
ACC0000164,rajata70@okhdfcbank,BOB,728,minimal,2024-08-03 08:00:00
ACC0000165,qnayar@okaxis,Kotak,246,full,2025-11-28 08:00:00
ACC0000166,dgandhi@okaxis,ICICI,1727,full,2021-11-08 08:00:00
ACC0000167,aviramesh@ybl,PNB,1532,full,2022-05-22 08:00:00
ACC0000168,chackopriya@ybl,Paytm Payments Bank,1913,full,2021-05-06 08:00:00
ACC0000169,triyagopal@ybl,PNB,1721,full,2021-11-14 08:00:00
ACC0000170,ladladli@okhdfcbank,PNB,532,minimal,2025-02-15 08:00:00
ACC0000171,siddharth75@okaxis,BOB,529,full,2025-02-18 08:00:00
ACC0000172,ladli46@okicici,ICICI,1042,full,2023-09-24 08:00:00
ACC0000173,finn70@okicici,Kotak,756,full,2024-07-06 08:00:00
ACC0000174,pallaudarsh@okicici,SBI,1250,full,2023-02-28 08:00:00
ACC0000175,bariaazaan@okhdfcbank,Axis,421,full,2025-06-06 08:00:00
ACC0000176,ryanbahri@ybl,Axis,1030,full,2023-10-06 08:00:00
ACC0000177,williamdate@okaxis,Paytm Payments Bank,1352,minimal,2022-11-18 08:00:00
ACC0000178,kcontractor@okicici,Axis,220,full,2025-12-24 08:00:00
ACC0000179,udyatikunda@okicici,Kotak,528,full,2025-02-19 08:00:00
ACC0000180,oliver99@okicici,BOB,1117,none,2023-07-11 08:00:00
ACC0000181,gadedeepa@okicici,Kotak,1157,full,2023-06-01 08:00:00
ACC0000182,baldevika@okicici,PNB,584,full,2024-12-25 08:00:00
ACC0000183,tranganathan@oksbi,Kotak,1507,full,2022-06-16 08:00:00
ACC0000184,faqidkibe@oksbi,Axis,1127,full,2023-07-01 08:00:00
ACC0000185,mitrajai@okicici,PNB,1021,none,2023-10-15 08:00:00
ACC0000186,palanpriya@oksbi,PNB,1735,full,2021-10-31 08:00:00
ACC0000187,ekapad85@okicici,SBI,397,full,2025-06-30 08:00:00
ACC0000188,salvivrishti@okicici,SBI,289,none,2025-10-16 08:00:00
ACC0000189,santjanaki@okicici,ICICI,1163,full,2023-05-26 08:00:00
ACC0000190,bdua@okaxis,HDFC,1571,minimal,2022-04-13 08:00:00
ACC0000191,anamikayohannan@okicici,Paytm Payments Bank,1205,full,2023-04-14 08:00:00
ACC0000192,bshroff@oksbi,SBI,727,full,2024-08-04 08:00:00
ACC0000193,ekantika31@okaxis,HDFC,1794,minimal,2021-09-02 08:00:00
ACC0000194,shravya37@okaxis,HDFC,850,full,2024-04-03 08:00:00
ACC0000195,bnayar@okhdfcbank,ICICI,1435,full,2022-08-27 08:00:00
ACC0000196,lnair@okicici,HDFC,1182,none,2023-05-07 08:00:00
ACC0000197,wkala@ybl,BOB,272,full,2025-11-02 08:00:00
ACC0000198,harini49@ybl,Axis,1649,minimal,2022-01-25 08:00:00
ACC0000199,advaith83@okaxis,Paytm Payments Bank,809,full,2024-05-14 08:00:00
ACC0000200,khurananiharika@okaxis,PNB,1235,full,2023-03-15 08:00:00
ACC0000201,skhosla@ybl,HDFC,153,minimal,2026-03-01 08:00:00
ACC0000202,cswaminathan@oksbi,PNB,455,full,2025-05-03 08:00:00
ACC0000203,chanderchaitaly@oksbi,ICICI,351,full,2025-08-15 08:00:00
ACC0000204,nidhikohli@okhdfcbank,BOB,350,full,2025-08-16 08:00:00
ACC0000205,jyoti78@okaxis,PNB,1246,full,2023-03-04 08:00:00
ACC0000206,pavani85@okicici,Paytm Payments Bank,620,full,2024-11-19 08:00:00
ACC0000207,sudiksha44@okicici,Axis,508,full,2025-03-11 08:00:00
ACC0000208,vihaan13@oksbi,ICICI,1145,minimal,2023-06-13 08:00:00
ACC0000209,jagdish82@oksbi,HDFC,1722,full,2021-11-13 08:00:00
ACC0000210,taraksule@okicici,PNB,1653,full,2022-01-21 08:00:00
ACC0000211,barkha13@okicici,BOB,989,minimal,2023-11-16 08:00:00
ACC0000212,utkarsh52@ybl,Paytm Payments Bank,1054,full,2023-09-12 08:00:00
ACC0000213,akshay82@okhdfcbank,BOB,1254,full,2023-02-24 08:00:00
ACC0000214,chakradev08@okicici,SBI,1266,full,2023-02-12 08:00:00
ACC0000215,jonathan71@ybl,SBI,1999,none,2021-02-09 08:00:00
ACC0000216,maneupasna@okicici,SBI,1406,minimal,2022-09-25 08:00:00
ACC0000217,vsastry@okaxis,Paytm Payments Bank,388,minimal,2025-07-09 08:00:00
ACC0000218,charankrishnan@ybl,BOB,401,full,2025-06-26 08:00:00
ACC0000219,ecomar@okhdfcbank,Paytm Payments Bank,1037,full,2023-09-29 08:00:00
ACC0000220,eswamy@okicici,HDFC,712,minimal,2024-08-19 08:00:00
ACC0000221,doshimanthan@okaxis,Paytm Payments Bank,705,full,2024-08-26 08:00:00
ACC0000222,frederick31@okaxis,SBI,1965,full,2021-03-15 08:00:00
ACC0000223,xkara@okicici,Kotak,674,full,2024-09-26 08:00:00
ACC0000224,cseshadri@okaxis,SBI,1612,full,2022-03-03 08:00:00
ACC0000225,pushti49@okaxis,BOB,1141,full,2023-06-17 08:00:00
ACC0000226,chaudharysarthak@okicici,Paytm Payments Bank,1091,full,2023-08-06 08:00:00
ACC0000227,aishanibumb@okhdfcbank,Axis,1586,full,2022-03-29 08:00:00
ACC0000228,wriddhishghose@okicici,Paytm Payments Bank,298,minimal,2025-10-07 08:00:00
ACC0000229,dugaraarnav@okhdfcbank,SBI,1022,none,2023-10-14 08:00:00
ACC0000230,sseshadri@oksbi,ICICI,1276,full,2023-02-02 08:00:00
ACC0000231,cmanne@ybl,BOB,58,full,2026-06-04 08:00:00
ACC0000232,bhavyamandal@okhdfcbank,Paytm Payments Bank,1753,minimal,2021-10-13 08:00:00
ACC0000233,rbobal@oksbi,Paytm Payments Bank,1356,minimal,2022-11-14 08:00:00
ACC0000234,aishanihora@ybl,PNB,627,full,2024-11-12 08:00:00
ACC0000235,icontractor@okaxis,Axis,1018,full,2023-10-18 08:00:00
ACC0000236,manthanlata@okaxis,Axis,326,minimal,2025-09-09 08:00:00
ACC0000237,ekbalbhasin@oksbi,HDFC,1070,full,2023-08-27 08:00:00
ACC0000238,damyantimani@okaxis,Kotak,1647,minimal,2022-01-27 08:00:00
ACC0000239,ddash@okicici,SBI,1069,full,2023-08-28 08:00:00
ACC0000240,neha48@ybl,Paytm Payments Bank,641,minimal,2024-10-29 08:00:00
ACC0000241,fsarma@ybl,Paytm Payments Bank,944,full,2023-12-31 08:00:00
ACC0000242,sankaranekantika@ybl,BOB,1160,full,2023-05-29 08:00:00
ACC0000243,atharv13@oksbi,Axis,689,full,2024-09-11 08:00:00
ACC0000244,luthrabanjeet@okaxis,SBI,508,full,2025-03-11 08:00:00
ACC0000245,upmavenkataraman@okaxis,BOB,998,none,2023-11-07 08:00:00
ACC0000246,lmall@oksbi,Paytm Payments Bank,1652,none,2022-01-22 08:00:00
ACC0000247,fswamy@ybl,Kotak,288,minimal,2025-10-17 08:00:00
ACC0000248,apall@okaxis,HDFC,1820,full,2021-08-07 08:00:00
ACC0000249,ekani12@okhdfcbank,ICICI,965,full,2023-12-10 08:00:00
ACC0000250,nisha74@oksbi,HDFC,1370,full,2022-10-31 08:00:00
ACC0000251,dbansal@okicici,BOB,572,full,2025-01-06 08:00:00
ACC0000252,murtyzayyan@okicici,BOB,1774,none,2021-09-22 08:00:00
ACC0000253,jack68@okaxis,SBI,1313,full,2022-12-27 08:00:00
ACC0000254,shereodika@okicici,Axis,510,full,2025-03-09 08:00:00
ACC0000255,guhazarna@okhdfcbank,HDFC,918,full,2024-01-26 08:00:00
ACC0000256,wishi70@okicici,SBI,1451,full,2022-08-11 08:00:00
ACC0000257,amaradeep@okhdfcbank,PNB,1660,full,2022-01-14 08:00:00
ACC0000258,raksha71@oksbi,Axis,912,full,2024-02-01 08:00:00
ACC0000259,khatrinathan@oksbi,ICICI,1189,full,2023-04-30 08:00:00
ACC0000260,akshay86@okaxis,Axis,1278,full,2023-01-31 08:00:00
ACC0000261,karishaan@oksbi,Axis,1224,full,2023-03-26 08:00:00
ACC0000262,pdalal@okaxis,PNB,550,full,2025-01-28 08:00:00
ACC0000263,wishimanne@okaxis,PNB,1870,full,2021-06-18 08:00:00
ACC0000264,ojasvi77@okhdfcbank,Paytm Payments Bank,353,minimal,2025-08-13 08:00:00
ACC0000265,tanmayidhillon@okicici,BOB,1233,full,2023-03-17 08:00:00
ACC0000266,mhalder@okicici,Axis,965,none,2023-12-10 08:00:00
ACC0000267,ekarajmajumdar@okaxis,HDFC,1777,full,2021-09-19 08:00:00
ACC0000268,yoak@okicici,PNB,1201,none,2023-04-18 08:00:00
ACC0000269,aarnav44@okhdfcbank,BOB,634,full,2024-11-05 08:00:00
ACC0000270,cdixit@okhdfcbank,Paytm Payments Bank,1189,minimal,2023-04-30 08:00:00
ACC0000271,vpai@okicici,Axis,1879,full,2021-06-09 08:00:00
ACC0000272,ushah@oksbi,Axis,751,full,2024-07-11 08:00:00
ACC0000273,williamrajagopal@oksbi,HDFC,1418,minimal,2022-09-13 08:00:00
ACC0000274,nirjabassi@okhdfcbank,PNB,1353,minimal,2022-11-17 08:00:00
ACC0000275,urvashi66@ybl,Kotak,98,full,2026-04-25 08:00:00
ACC0000276,warhibansal@okicici,Kotak,214,full,2025-12-30 08:00:00
ACC0000277,yadavinarula@oksbi,ICICI,389,minimal,2025-07-08 08:00:00
ACC0000278,sarrafharish@okicici,PNB,1824,minimal,2021-08-03 08:00:00
ACC0000279,uaurora@okaxis,PNB,556,full,2025-01-22 08:00:00
ACC0000280,nimratdubey@okhdfcbank,Paytm Payments Bank,723,none,2024-08-08 08:00:00
ACC0000281,singhalka@oksbi,BOB,318,none,2025-09-17 08:00:00
ACC0000282,mitali15@ybl,Kotak,1677,full,2021-12-28 08:00:00
ACC0000283,onadig@okhdfcbank,PNB,838,full,2024-04-15 08:00:00
ACC0000284,nbanik@okicici,PNB,961,full,2023-12-14 08:00:00
ACC0000285,keerbhavna@okicici,HDFC,1714,full,2021-11-21 08:00:00
ACC0000286,gautamsaraf@okhdfcbank,Kotak,995,minimal,2023-11-10 08:00:00
ACC0000287,chaudhrysachi@okhdfcbank,Paytm Payments Bank,483,minimal,2025-04-05 08:00:00
ACC0000288,chandanibalakrishnan@okaxis,HDFC,648,full,2024-10-22 08:00:00
ACC0000289,nairdaksh@okhdfcbank,PNB,1967,none,2021-03-13 08:00:00
ACC0000290,jagrati56@okhdfcbank,Axis,267,minimal,2025-11-07 08:00:00
ACC0000291,yashwali@okaxis,Paytm Payments Bank,307,full,2025-09-28 08:00:00
ACC0000292,kgole@ybl,BOB,1974,full,2021-03-06 08:00:00
ACC0000293,farhanraja@oksbi,BOB,1518,full,2022-06-05 08:00:00
ACC0000294,widishadhar@okaxis,BOB,1737,minimal,2021-10-29 08:00:00
ACC0000295,triyakumar@okhdfcbank,Kotak,602,full,2024-12-07 08:00:00
ACC0000296,qkumer@oksbi,Kotak,940,full,2024-01-04 08:00:00
ACC0000297,shroffbhavna@okicici,Kotak,1434,full,2022-08-28 08:00:00
ACC0000298,ethansathe@oksbi,HDFC,595,minimal,2024-12-14 08:00:00
ACC0000299,chandani64@okaxis,HDFC,1717,full,2021-11-18 08:00:00
ACC0000300,mmittal@ybl,SBI,1344,full,2022-11-26 08:00:00
ACC0000301,gsubramanian@oksbi,ICICI,713,minimal,2024-08-18 08:00:00
ACC0000302,lakshmiparmer@okhdfcbank,Axis,450,full,2025-05-08 08:00:00
ACC0000303,chakrika06@oksbi,Kotak,1695,minimal,2021-12-10 08:00:00
ACC0000304,abhiram90@ybl,SBI,1645,full,2022-01-29 08:00:00
ACC0000305,xmangat@oksbi,PNB,326,minimal,2025-09-09 08:00:00
ACC0000306,indirakanda@okhdfcbank,ICICI,255,full,2025-11-19 08:00:00
ACC0000307,zashildevan@oksbi,Kotak,1647,full,2022-01-27 08:00:00
ACC0000308,baraldayamai@okhdfcbank,ICICI,573,full,2025-01-05 08:00:00
ACC0000309,lbandi@okhdfcbank,HDFC,1107,full,2023-07-21 08:00:00
ACC0000310,karan14@okicici,HDFC,1623,full,2022-02-20 08:00:00
ACC0000311,ojasvi23@ybl,SBI,483,full,2025-04-05 08:00:00
ACC0000312,jasmitwali@ybl,PNB,1891,full,2021-05-28 08:00:00
ACC0000313,nitesh47@okhdfcbank,Paytm Payments Bank,93,minimal,2026-04-30 08:00:00
ACC0000314,hamsini17@okhdfcbank,Paytm Payments Bank,903,full,2024-02-10 08:00:00
ACC0000315,dhaliwalupkaar@okhdfcbank,HDFC,938,full,2024-01-06 08:00:00
ACC0000316,fpau@okhdfcbank,ICICI,333,full,2025-09-02 08:00:00
ACC0000317,qatwal@ybl,Kotak,1326,full,2022-12-14 08:00:00
ACC0000318,shajyoti@ybl,PNB,1253,full,2023-02-25 08:00:00
ACC0000319,lakshmi51@okaxis,HDFC,1269,minimal,2023-02-09 08:00:00
ACC0000320,urishillabakshi@ybl,Axis,264,full,2025-11-10 08:00:00
ACC0000321,timothy17@oksbi,BOB,1848,full,2021-07-10 08:00:00
ACC0000322,nilima12@okaxis,BOB,958,full,2023-12-17 08:00:00
ACC0000323,baraddaksha@okaxis,Kotak,670,full,2024-09-30 08:00:00
ACC0000324,gdalia@oksbi,Paytm Payments Bank,796,full,2024-05-27 08:00:00
ACC0000325,krishnarama@okhdfcbank,HDFC,1733,full,2021-11-02 08:00:00
ACC0000326,qprabhakar@okicici,ICICI,1554,full,2022-04-30 08:00:00
ACC0000327,adubey@ybl,Kotak,1231,full,2023-03-19 08:00:00
ACC0000328,surinikita@okicici,BOB,871,minimal,2024-03-13 08:00:00
ACC0000329,bachittar53@okhdfcbank,PNB,1506,full,2022-06-17 08:00:00
ACC0000330,psaxena@okhdfcbank,Axis,750,full,2024-07-12 08:00:00
ACC0000331,hardik58@oksbi,HDFC,1017,full,2023-10-19 08:00:00
ACC0000332,darsh64@okicici,HDFC,1169,minimal,2023-05-20 08:00:00
ACC0000333,jasonsha@oksbi,BOB,1205,minimal,2023-04-14 08:00:00
ACC0000334,kalaansh@ybl,SBI,1601,full,2022-03-14 08:00:00
ACC0000335,nathyagnesh@okicici,SBI,1377,full,2022-10-24 08:00:00
ACC0000336,sameshbiswas@okicici,Kotak,1469,full,2022-07-24 08:00:00
ACC0000337,tarakkaul@oksbi,BOB,401,full,2025-06-26 08:00:00
ACC0000338,manbir90@okhdfcbank,HDFC,1547,full,2022-05-07 08:00:00
ACC0000339,maanav28@okaxis,BOB,470,full,2025-04-18 08:00:00
ACC0000340,owen10@okicici,PNB,352,full,2025-08-14 08:00:00
ACC0000341,alexanderparmar@ybl,HDFC,1620,minimal,2022-02-23 08:00:00
ACC0000342,ekiyababu@oksbi,SBI,348,full,2025-08-18 08:00:00
ACC0000343,alkaben@okaxis,BOB,587,full,2024-12-22 08:00:00
ACC0000344,oviyavora@okaxis,PNB,935,full,2024-01-09 08:00:00
ACC0000345,bhattvamakshi@okhdfcbank,Kotak,1079,full,2023-08-18 08:00:00
ACC0000346,gpathak@ybl,Paytm Payments Bank,610,full,2024-11-29 08:00:00
ACC0000347,sethyahvi@okhdfcbank,Axis,661,full,2024-10-09 08:00:00
ACC0000348,calebverma@okhdfcbank,SBI,1257,full,2023-02-21 08:00:00
ACC0000349,tara00@oksbi,ICICI,1966,minimal,2021-03-14 08:00:00
ACC0000350,bratti@okicici,HDFC,622,full,2024-11-17 08:00:00
ACC0000351,swaminathansachi@okaxis,ICICI,1559,full,2022-04-25 08:00:00
ACC0000352,buchekanta@oksbi,Kotak,1120,full,2023-07-08 08:00:00
ACC0000353,dominicdate@okhdfcbank,BOB,1794,full,2021-09-02 08:00:00
ACC0000354,ekta69@okhdfcbank,Kotak,1916,full,2021-05-03 08:00:00
ACC0000355,sudiksha89@okaxis,BOB,1204,full,2023-04-15 08:00:00
ACC0000356,ychaudhary@okhdfcbank,Kotak,859,full,2024-03-25 08:00:00
ACC0000357,kalequshi@ybl,Paytm Payments Bank,1970,minimal,2021-03-10 08:00:00
ACC0000358,akari@okicici,HDFC,1913,full,2021-05-06 08:00:00
ACC0000359,sudiksha66@oksbi,BOB,246,full,2025-11-28 08:00:00
ACC0000360,munshiprisha@okhdfcbank,BOB,1103,minimal,2023-07-25 08:00:00
ACC0000361,aadhya52@okicici,Axis,1557,full,2022-04-27 08:00:00
ACC0000362,fbhavsar@okhdfcbank,HDFC,374,full,2025-07-23 08:00:00
ACC0000363,chanderrachana@okicici,Kotak,427,full,2025-05-31 08:00:00
ACC0000364,pradhankalpit@oksbi,Axis,1707,full,2021-11-28 08:00:00
ACC0000365,narayanjason@oksbi,ICICI,554,full,2025-01-24 08:00:00
ACC0000366,qpandya@okhdfcbank,ICICI,1586,none,2022-03-29 08:00:00
ACC0000367,sbehl@okaxis,Paytm Payments Bank,1316,minimal,2022-12-24 08:00:00
ACC0000368,indira19@ybl,Paytm Payments Bank,1586,full,2022-03-29 08:00:00
ACC0000369,mohammedsubramaniam@ybl,Kotak,1836,minimal,2021-07-22 08:00:00
ACC0000370,hritikpalla@okicici,ICICI,1314,full,2022-12-26 08:00:00
ACC0000371,ishwar49@okaxis,PNB,990,minimal,2023-11-15 08:00:00
ACC0000372,pushtibal@okhdfcbank,Kotak,1241,full,2023-03-09 08:00:00
ACC0000373,ayush24@okaxis,Paytm Payments Bank,665,full,2024-10-05 08:00:00
ACC0000374,harinakshi50@okicici,HDFC,785,full,2024-06-07 08:00:00
ACC0000375,lukerattan@okhdfcbank,BOB,1781,full,2021-09-15 08:00:00
ACC0000376,dharazaan@okhdfcbank,Paytm Payments Bank,1165,minimal,2023-05-24 08:00:00
ACC0000377,walitanveer@oksbi,Kotak,1200,full,2023-04-19 08:00:00
ACC0000378,dsaini@oksbi,SBI,1056,full,2023-09-10 08:00:00
ACC0000379,nakul54@okicici,HDFC,1690,full,2021-12-15 08:00:00
ACC0000380,frado02@okhdfcbank,Axis,383,full,2025-07-14 08:00:00
ACC0000381,chandranbumb@ybl,ICICI,929,full,2024-01-15 08:00:00
ACC0000382,saanvi67@okicici,BOB,1909,full,2021-05-10 08:00:00
ACC0000383,rsachdeva@ybl,SBI,722,minimal,2024-08-09 08:00:00
ACC0000384,yauvanicomar@okicici,HDFC,1355,full,2022-11-15 08:00:00
ACC0000385,qushi14@okaxis,PNB,1172,full,2023-05-17 08:00:00
ACC0000386,qvyas@ybl,ICICI,1774,full,2021-09-22 08:00:00
ACC0000387,chakradev36@oksbi,Kotak,1223,full,2023-03-27 08:00:00
ACC0000388,amblesamarth@okaxis,ICICI,1373,full,2022-10-28 08:00:00
ACC0000389,siddharth24@okhdfcbank,PNB,1951,full,2021-03-29 08:00:00
ACC0000390,falak10@okicici,ICICI,1347,full,2022-11-23 08:00:00
ACC0000391,lsani@ybl,HDFC,1727,full,2021-11-08 08:00:00
ACC0000392,lajitawalia@ybl,Kotak,897,full,2024-02-16 08:00:00
ACC0000393,xitipandya@oksbi,Axis,662,full,2024-10-08 08:00:00
ACC0000394,ranganathanbrijesh@okaxis,Axis,1599,full,2022-03-16 08:00:00
ACC0000395,dbahl@oksbi,HDFC,311,full,2025-09-24 08:00:00
ACC0000396,munshipushti@okhdfcbank,SBI,1644,full,2022-01-30 08:00:00
ACC0000397,ssahni@ybl,ICICI,1824,full,2021-08-03 08:00:00
ACC0000398,ravelansh@oksbi,ICICI,345,minimal,2025-08-21 08:00:00
ACC0000399,onveer97@ybl,ICICI,1609,full,2022-03-06 08:00:00
ACC0000400,gaurang61@okaxis,Kotak,119,full,2026-04-04 08:00:00
ACC0000401,rajatarattan@okaxis,PNB,516,minimal,2025-03-03 08:00:00
ACC0000402,randhawadayita@okaxis,Axis,1635,full,2022-02-08 08:00:00
ACC0000403,timothy52@okaxis,Axis,663,full,2024-10-07 08:00:00
ACC0000404,uppalishaan@ybl,Paytm Payments Bank,1969,full,2021-03-11 08:00:00
ACC0000405,ikshitapanchal@okaxis,BOB,607,none,2024-12-02 08:00:00
ACC0000406,warinderchauhan@oksbi,ICICI,1702,minimal,2021-12-03 08:00:00
ACC0000407,aahanahora@okaxis,Kotak,136,full,2026-03-18 08:00:00
ACC0000408,michaelborra@ybl,HDFC,240,full,2025-12-04 08:00:00
ACC0000409,wakeetashetty@oksbi,PNB,1592,full,2022-03-23 08:00:00
ACC0000410,onaidu@oksbi,BOB,1081,full,2023-08-16 08:00:00
ACC0000411,matthew71@oksbi,Paytm Payments Bank,1894,minimal,2021-05-25 08:00:00
ACC0000412,osathe@okhdfcbank,BOB,1935,full,2021-04-14 08:00:00
ACC0000413,anvi90@okicici,Axis,1058,full,2023-09-08 08:00:00
ACC0000414,yashica14@okicici,Axis,197,full,2026-01-16 08:00:00
ACC0000415,cseth@okhdfcbank,Kotak,1936,minimal,2021-04-13 08:00:00
ACC0000416,pillaybhavini@okhdfcbank,PNB,311,minimal,2025-09-24 08:00:00
ACC0000417,chanayashica@oksbi,Paytm Payments Bank,997,full,2023-11-08 08:00:00
ACC0000418,lshere@okhdfcbank,SBI,40,full,2026-06-22 08:00:00
ACC0000419,senguptaraghav@oksbi,BOB,1740,full,2021-10-26 08:00:00
ACC0000420,vamakshi82@oksbi,PNB,620,full,2024-11-19 08:00:00
ACC0000421,seshadriharshil@okaxis,Paytm Payments Bank,518,full,2025-03-01 08:00:00
ACC0000422,frado82@okaxis,SBI,1743,full,2021-10-23 08:00:00
ACC0000423,kotaraksha@oksbi,ICICI,1207,full,2023-04-12 08:00:00
ACC0000424,hviswanathan@ybl,Kotak,33,full,2026-06-29 08:00:00
ACC0000425,janujapradhan@oksbi,HDFC,883,full,2024-03-01 08:00:00
ACC0000426,lila65@okhdfcbank,SBI,768,full,2024-06-24 08:00:00
ACC0000427,nattdominic@okhdfcbank,BOB,992,none,2023-11-13 08:00:00
ACC0000428,girindra86@okhdfcbank,Kotak,549,minimal,2025-01-29 08:00:00
ACC0000429,zayyan92@oksbi,HDFC,736,minimal,2024-07-26 08:00:00
ACC0000430,finn92@okicici,ICICI,1535,full,2022-05-19 08:00:00
ACC0000431,dayita62@okicici,ICICI,1148,minimal,2023-06-10 08:00:00
ACC0000432,mukherjeekrisha@okaxis,Paytm Payments Bank,1432,full,2022-08-30 08:00:00
ACC0000433,joshua81@oksbi,HDFC,1691,full,2021-12-14 08:00:00
ACC0000434,xtrivedi@okaxis,SBI,1962,full,2021-03-18 08:00:00
ACC0000435,patildayamai@oksbi,SBI,119,full,2026-04-04 08:00:00
ACC0000436,tanishom@ybl,BOB,665,none,2024-10-05 08:00:00
ACC0000437,ohanda@okaxis,PNB,1142,full,2023-06-16 08:00:00
ACC0000438,mohammedbrahmbhatt@oksbi,PNB,1354,full,2022-11-16 08:00:00
ACC0000439,harrison88@okhdfcbank,Kotak,1629,full,2022-02-14 08:00:00
ACC0000440,nayarkaran@okicici,BOB,1667,minimal,2022-01-07 08:00:00
ACC0000441,kdube@okaxis,BOB,1552,full,2022-05-02 08:00:00
ACC0000442,noahsarma@okaxis,Paytm Payments Bank,412,full,2025-06-15 08:00:00
ACC0000443,royjanya@ybl,PNB,1662,minimal,2022-01-12 08:00:00
ACC0000444,sachimane@okaxis,HDFC,1519,full,2022-06-04 08:00:00
ACC0000445,ikaur@oksbi,PNB,1714,full,2021-11-21 08:00:00
ACC0000446,dayamaisingh@okicici,PNB,193,full,2026-01-20 08:00:00
ACC0000447,jhalaksastry@okaxis,ICICI,1264,full,2023-02-14 08:00:00
ACC0000448,xmanda@okaxis,SBI,749,full,2024-07-13 08:00:00
ACC0000449,hthakkar@okicici,BOB,1896,full,2021-05-23 08:00:00
ACC0000450,medwin@okhdfcbank,HDFC,1650,full,2022-01-24 08:00:00
ACC0000451,zashilben@okicici,ICICI,861,none,2024-03-23 08:00:00
ACC0000452,jprabhu@ybl,Paytm Payments Bank,322,full,2025-09-13 08:00:00
ACC0000453,vartyjeet@oksbi,Kotak,167,full,2026-02-15 08:00:00
ACC0000454,fiyaz24@ybl,SBI,1974,full,2021-03-06 08:00:00
ACC0000455,jvarghese@okaxis,Kotak,1420,full,2022-09-11 08:00:00
ACC0000456,ochand@okhdfcbank,ICICI,1592,full,2022-03-23 08:00:00
ACC0000457,bpalla@okicici,PNB,845,full,2024-04-08 08:00:00
ACC0000458,zbera@okhdfcbank,ICICI,262,full,2025-11-12 08:00:00
ACC0000459,warinder61@ybl,HDFC,822,full,2024-05-01 08:00:00
ACC0000460,udarsh05@okaxis,Axis,563,none,2025-01-15 08:00:00
ACC0000461,nayakmadhav@okaxis,Axis,614,full,2024-11-25 08:00:00
ACC0000462,balvanmangat@okhdfcbank,Paytm Payments Bank,1776,full,2021-09-20 08:00:00
ACC0000463,wdewan@okaxis,HDFC,1490,minimal,2022-07-03 08:00:00
ACC0000464,nsen@okicici,Kotak,1761,full,2021-10-05 08:00:00
ACC0000465,buchanirudh@ybl,PNB,1156,minimal,2023-06-02 08:00:00
ACC0000466,tanveer28@oksbi,ICICI,1773,minimal,2021-09-23 08:00:00
ACC0000467,xchoudhry@oksbi,HDFC,1071,none,2023-08-26 08:00:00
ACC0000468,wazir41@oksbi,Axis,1652,minimal,2022-01-22 08:00:00
ACC0000469,khareoni@okicici,Kotak,83,full,2026-05-10 08:00:00
ACC0000470,hbhatnagar@oksbi,HDFC,1159,full,2023-05-30 08:00:00
ACC0000471,bwason@okaxis,BOB,845,minimal,2024-04-08 08:00:00
ACC0000472,maanasmanne@ybl,HDFC,1716,full,2021-11-19 08:00:00
ACC0000473,nagarwal@okhdfcbank,Paytm Payments Bank,679,full,2024-09-21 08:00:00
ACC0000474,wridesh96@okicici,ICICI,1089,minimal,2023-08-08 08:00:00
ACC0000475,frederickviswanathan@ybl,ICICI,1627,minimal,2022-02-16 08:00:00
ACC0000476,ekansh88@okaxis,SBI,294,minimal,2025-10-11 08:00:00
ACC0000477,ramakrishnanupma@oksbi,PNB,1091,full,2023-08-06 08:00:00
ACC0000478,ramkashvi@oksbi,Kotak,690,minimal,2024-09-10 08:00:00
ACC0000479,amol51@okicici,HDFC,1092,full,2023-08-05 08:00:00
ACC0000480,wridesh19@ybl,PNB,1330,full,2022-12-10 08:00:00
ACC0000481,kiaan05@ybl,HDFC,650,full,2024-10-20 08:00:00
ACC0000482,parth77@ybl,ICICI,375,full,2025-07-22 08:00:00
ACC0000483,krishnabhatnagar@ybl,Kotak,1308,minimal,2023-01-01 08:00:00
ACC0000484,sbansal@okhdfcbank,SBI,1184,full,2023-05-05 08:00:00
ACC0000485,calebiyengar@ybl,PNB,1972,full,2021-03-08 08:00:00
ACC0000486,muttidayita@ybl,BOB,1600,full,2022-03-15 08:00:00
ACC0000487,qsolanki@okaxis,PNB,92,full,2026-05-01 08:00:00
ACC0000488,halderbhavika@okaxis,Axis,648,minimal,2024-10-22 08:00:00
ACC0000489,champak54@okaxis,PNB,1432,full,2022-08-30 08:00:00
ACC0000490,pillairajeshri@okhdfcbank,ICICI,1440,full,2022-08-22 08:00:00
ACC0000491,ysarraf@okaxis,Axis,1021,full,2023-10-15 08:00:00
ACC0000492,rachit77@okicici,Kotak,324,full,2025-09-11 08:00:00
ACC0000493,zilmil41@okicici,BOB,1792,full,2021-09-04 08:00:00
ACC0000494,bbrar@ybl,HDFC,788,full,2024-06-04 08:00:00
ACC0000495,chaayanagi@okhdfcbank,PNB,985,full,2023-11-20 08:00:00
ACC0000496,buchfalak@okhdfcbank,SBI,318,full,2025-09-17 08:00:00
ACC0000497,damini79@ybl,BOB,816,full,2024-05-07 08:00:00
ACC0000498,sganesan@oksbi,Kotak,1802,minimal,2021-08-25 08:00:00
ACC0000499,cpanchal@okicici,Axis,1506,minimal,2022-06-17 08:00:00
ACC0000500,panditradhika@ybl,Paytm Payments Bank,1050,full,2023-09-16 08:00:00
ACC0000501,dakshesh16@okaxis,SBI,661,full,2024-10-09 08:00:00
ACC0000502,yochana20@ybl,Paytm Payments Bank,835,none,2024-04-18 08:00:00
ACC0000503,rakshabanerjee@ybl,Kotak,470,full,2025-04-18 08:00:00
ACC0000504,ekalingakeer@okaxis,Paytm Payments Bank,606,full,2024-12-03 08:00:00
ACC0000505,janaki69@okhdfcbank,BOB,46,full,2026-06-16 08:00:00
ACC0000506,dubeshivani@okicici,BOB,571,full,2025-01-07 08:00:00
ACC0000507,kamya71@okhdfcbank,Axis,850,full,2024-04-03 08:00:00
ACC0000508,jeevikarao@okhdfcbank,BOB,621,full,2024-11-18 08:00:00
ACC0000509,arya31@ybl,PNB,1595,minimal,2022-03-20 08:00:00
ACC0000510,grewalxalak@ybl,HDFC,1306,full,2023-01-03 08:00:00
ACC0000511,qdalal@okaxis,Kotak,228,minimal,2025-12-16 08:00:00
ACC0000512,sanaya39@ybl,Kotak,724,minimal,2024-08-07 08:00:00
ACC0000513,vritti31@ybl,BOB,437,full,2025-05-21 08:00:00
ACC0000514,ethanseth@okhdfcbank,ICICI,122,full,2026-04-01 08:00:00
ACC0000515,saichahal@okaxis,Paytm Payments Bank,1676,full,2021-12-29 08:00:00
ACC0000516,idika18@ybl,ICICI,1859,full,2021-06-29 08:00:00
ACC0000517,charita22@okicici,ICICI,1285,full,2023-01-24 08:00:00
ACC0000518,yashoda31@okicici,Kotak,1292,full,2023-01-17 08:00:00
ACC0000519,liamkhalsa@ybl,Paytm Payments Bank,1073,full,2023-08-24 08:00:00
ACC0000520,xbal@okaxis,SBI,643,full,2024-10-27 08:00:00
ACC0000521,unni82@okhdfcbank,BOB,1409,full,2022-09-22 08:00:00
ACC0000522,bhattidayamai@okhdfcbank,Paytm Payments Bank,1661,full,2022-01-13 08:00:00
ACC0000523,hsrinivas@ybl,Axis,1372,full,2022-10-29 08:00:00
ACC0000524,krout@okaxis,ICICI,1225,full,2023-03-25 08:00:00
ACC0000525,dassedhitha@ybl,BOB,1506,full,2022-06-17 08:00:00
ACC0000526,senguptaunnati@oksbi,SBI,1424,full,2022-09-07 08:00:00
ACC0000527,kabir89@okhdfcbank,Axis,1464,full,2022-07-29 08:00:00
ACC0000528,kaisant@okaxis,ICICI,672,full,2024-09-28 08:00:00
ACC0000529,dashzarna@okaxis,Paytm Payments Bank,447,minimal,2025-05-11 08:00:00
ACC0000530,dakshagala@okhdfcbank,ICICI,1536,full,2022-05-18 08:00:00
ACC0000531,ekantikakar@okicici,Paytm Payments Bank,1178,full,2023-05-11 08:00:00
ACC0000532,zilmil41@oksbi,Paytm Payments Bank,672,minimal,2024-09-28 08:00:00
ACC0000533,ronith84@ybl,Kotak,731,full,2024-07-31 08:00:00
ACC0000534,chavviwalla@okicici,Paytm Payments Bank,1806,full,2021-08-21 08:00:00
ACC0000535,thakkarom@okicici,PNB,534,full,2025-02-13 08:00:00
ACC0000536,onveernazareth@okicici,Axis,639,full,2024-10-31 08:00:00
ACC0000537,balakrishnanfinn@okicici,Paytm Payments Bank,1031,full,2023-10-05 08:00:00
ACC0000538,lankashivansh@okicici,PNB,1942,full,2021-04-07 08:00:00
ACC0000539,fbalasubramanian@ybl,BOB,1415,minimal,2022-09-16 08:00:00
ACC0000540,chasmum73@okicici,ICICI,838,full,2024-04-15 08:00:00
ACC0000541,dmishra@okhdfcbank,Kotak,619,minimal,2024-11-20 08:00:00
ACC0000542,bhasinnakul@okicici,Paytm Payments Bank,1373,full,2022-10-28 08:00:00
ACC0000543,esagar@ybl,PNB,1725,minimal,2021-11-10 08:00:00
ACC0000544,vjani@okicici,ICICI,1455,full,2022-08-07 08:00:00
ACC0000545,dhritinagar@ybl,Axis,1547,full,2022-05-07 08:00:00
ACC0000546,mohini25@ybl,Axis,1401,full,2022-09-30 08:00:00
ACC0000547,nagarwyatt@okhdfcbank,BOB,137,full,2026-03-17 08:00:00
ACC0000548,rdas@okhdfcbank,ICICI,997,full,2023-11-08 08:00:00
ACC0000549,jkota@oksbi,BOB,1157,full,2023-06-01 08:00:00
ACC0000550,bedibina@okaxis,Paytm Payments Bank,1833,full,2021-07-25 08:00:00
ACC0000551,psahota@okicici,Kotak,1578,full,2022-04-06 08:00:00
ACC0000552,falakmunshi@okhdfcbank,Axis,151,full,2026-03-03 08:00:00
ACC0000553,nathanieltara@okhdfcbank,ICICI,1510,full,2022-06-13 08:00:00
ACC0000554,ttara@oksbi,SBI,1745,none,2021-10-21 08:00:00
ACC0000555,fbajaj@okaxis,ICICI,843,minimal,2024-04-10 08:00:00
ACC0000556,dtiwari@okicici,SBI,2000,full,2021-02-08 08:00:00
ACC0000557,tanveerpandit@ybl,HDFC,1193,minimal,2023-04-26 08:00:00
ACC0000558,bedibaghyawati@okicici,Paytm Payments Bank,716,none,2024-08-15 08:00:00
ACC0000559,ssinghal@ybl,Paytm Payments Bank,1142,minimal,2023-06-16 08:00:00
ACC0000560,chokshiraagini@ybl,Paytm Payments Bank,304,full,2025-10-01 08:00:00
ACC0000561,aishanipau@okhdfcbank,Kotak,1686,full,2021-12-19 08:00:00
ACC0000562,cpau@okicici,ICICI,969,full,2023-12-06 08:00:00
ACC0000563,kbehl@okicici,Axis,720,full,2024-08-11 08:00:00
ACC0000564,jananimani@okaxis,BOB,1783,full,2021-09-13 08:00:00
ACC0000565,rajuyamini@okaxis,HDFC,207,full,2026-01-06 08:00:00
ACC0000566,nmammen@okaxis,Kotak,317,minimal,2025-09-18 08:00:00
ACC0000567,davegunbir@okicici,BOB,43,full,2026-06-19 08:00:00
ACC0000568,yprakash@okicici,Kotak,1573,full,2022-04-11 08:00:00
ACC0000569,jasmit23@ybl,SBI,1510,full,2022-06-13 08:00:00
ACC0000570,ctella@oksbi,SBI,766,full,2024-06-26 08:00:00
ACC0000571,baradlaksh@okicici,ICICI,983,full,2023-11-22 08:00:00
ACC0000572,urvi87@okicici,HDFC,1059,full,2023-09-07 08:00:00
ACC0000573,yutikadey@okicici,Kotak,1956,full,2021-03-24 08:00:00
ACC0000574,eiravati26@oksbi,Paytm Payments Bank,478,full,2025-04-10 08:00:00
ACC0000575,gayathri88@ybl,Kotak,1561,full,2022-04-23 08:00:00
ACC0000576,emistry@okaxis,Axis,1154,minimal,2023-06-04 08:00:00
ACC0000577,pillaygarima@ybl,HDFC,1423,full,2022-09-08 08:00:00
ACC0000578,sahadarika@okicici,HDFC,1111,minimal,2023-07-17 08:00:00
ACC0000579,somalka@okhdfcbank,Axis,259,full,2025-11-15 08:00:00
ACC0000580,charansrinivasan@oksbi,Kotak,336,minimal,2025-08-30 08:00:00
ACC0000581,lajitadivan@okhdfcbank,Axis,934,full,2024-01-10 08:00:00
ACC0000582,azadchoudhary@okhdfcbank,Paytm Payments Bank,1031,minimal,2023-10-05 08:00:00
ACC0000583,anirudhsastry@oksbi,BOB,958,full,2023-12-17 08:00:00
ACC0000584,omya26@ybl,Paytm Payments Bank,148,full,2026-03-06 08:00:00
ACC0000585,nirjathaker@okhdfcbank,BOB,661,full,2024-10-09 08:00:00
ACC0000586,tbhatia@oksbi,HDFC,36,full,2026-06-26 08:00:00
ACC0000587,zilmiljohal@okhdfcbank,SBI,735,minimal,2024-07-27 08:00:00
ACC0000588,vanya86@okaxis,SBI,171,full,2026-02-11 08:00:00
ACC0000589,oscar78@oksbi,BOB,398,full,2025-06-29 08:00:00
ACC0000590,irya49@okaxis,Paytm Payments Bank,1855,minimal,2021-07-03 08:00:00
ACC0000591,phanda@okaxis,BOB,1887,full,2021-06-01 08:00:00
ACC0000592,chanchal34@ybl,ICICI,1385,full,2022-10-16 08:00:00
ACC0000593,sarthak75@okhdfcbank,ICICI,742,none,2024-07-20 08:00:00
ACC0000594,jpalla@ybl,ICICI,834,full,2024-04-19 08:00:00
ACC0000595,bhavna19@okhdfcbank,SBI,486,none,2025-04-02 08:00:00
ACC0000596,wrana@ybl,BOB,978,full,2023-11-27 08:00:00
ACC0000597,binabasak@oksbi,Axis,1716,full,2021-11-19 08:00:00
ACC0000598,farhan57@okicici,Axis,347,minimal,2025-08-19 08:00:00
ACC0000599,varenya33@okhdfcbank,SBI,1514,minimal,2022-06-09 08:00:00
ACC0000600,anita21@ybl,SBI,888,full,2024-02-25 08:00:00
ACC0000601,xavierbedi@okhdfcbank,SBI,167,full,2026-02-15 08:00:00
ACC0000602,virajben@okhdfcbank,Axis,1406,full,2022-09-25 08:00:00
ACC0000603,sachdevganga@okaxis,Axis,853,full,2024-03-31 08:00:00
ACC0000604,rchaudhry@okhdfcbank,ICICI,1574,full,2022-04-10 08:00:00
ACC0000605,abduldugar@oksbi,Kotak,622,full,2024-11-17 08:00:00
ACC0000606,esoni@okicici,Axis,1612,full,2022-03-03 08:00:00
ACC0000607,bhavnanagi@ybl,Axis,323,full,2025-09-12 08:00:00
ACC0000608,daniel19@okhdfcbank,ICICI,593,full,2024-12-16 08:00:00
ACC0000609,baljiwangill@ybl,Paytm Payments Bank,904,full,2024-02-09 08:00:00
ACC0000610,cgoda@okaxis,Kotak,735,full,2024-07-27 08:00:00
ACC0000611,ltandon@oksbi,PNB,866,full,2024-03-18 08:00:00
ACC0000612,baljiwan04@ybl,Paytm Payments Bank,1575,full,2022-04-09 08:00:00
ACC0000613,nayakbhavani@okicici,ICICI,491,minimal,2025-03-28 08:00:00
ACC0000614,fviswanathan@okhdfcbank,BOB,1903,none,2021-05-16 08:00:00
ACC0000615,yaminisidhu@ybl,ICICI,1171,full,2023-05-18 08:00:00
ACC0000616,reyansh15@oksbi,Kotak,552,full,2025-01-26 08:00:00
ACC0000617,tarakurian@okaxis,Kotak,1918,full,2021-05-01 08:00:00
ACC0000618,akshaynazareth@oksbi,SBI,1513,full,2022-06-10 08:00:00
ACC0000619,reyansh29@ybl,SBI,1409,minimal,2022-09-22 08:00:00
ACC0000620,gsane@ybl,Axis,415,full,2025-06-12 08:00:00
ACC0000621,gabriel61@okicici,PNB,1810,none,2021-08-17 08:00:00
ACC0000622,logansood@oksbi,Axis,61,none,2026-06-01 08:00:00
ACC0000623,yuvraj04@okaxis,Axis,270,full,2025-11-04 08:00:00
ACC0000624,ckeer@oksbi,BOB,1471,minimal,2022-07-22 08:00:00
ACC0000625,forum49@okicici,PNB,1160,full,2023-05-29 08:00:00
ACC0000626,laljagvi@okicici,PNB,1122,full,2023-07-06 08:00:00
ACC0000627,daviddani@okaxis,Paytm Payments Bank,1080,full,2023-08-17 08:00:00
ACC0000628,kmohanty@okaxis,Kotak,1509,minimal,2022-06-14 08:00:00
ACC0000629,tthakkar@okicici,BOB,789,full,2024-06-03 08:00:00
ACC0000630,jacob45@oksbi,ICICI,1799,full,2021-08-28 08:00:00
ACC0000631,theodoredeol@ybl,BOB,1163,full,2023-05-26 08:00:00
ACC0000632,ddua@okicici,Axis,431,full,2025-05-27 08:00:00
ACC0000633,ojasvi87@oksbi,Paytm Payments Bank,1736,full,2021-10-30 08:00:00
ACC0000634,yugbumb@okicici,PNB,1962,minimal,2021-03-18 08:00:00
ACC0000635,twable@okaxis,Paytm Payments Bank,1030,full,2023-10-06 08:00:00
ACC0000636,faras91@okicici,ICICI,1658,full,2022-01-16 08:00:00
ACC0000637,tiwarisamaksh@okaxis,ICICI,1149,minimal,2023-06-09 08:00:00
ACC0000638,niteshnarang@okhdfcbank,SBI,1140,minimal,2023-06-18 08:00:00
ACC0000639,rdada@okhdfcbank,SBI,182,full,2026-01-31 08:00:00
ACC0000640,vrindachand@oksbi,HDFC,1755,full,2021-10-11 08:00:00
ACC0000641,dbhakta@oksbi,Paytm Payments Bank,48,full,2026-06-14 08:00:00
ACC0000642,yochanasagar@ybl,Paytm Payments Bank,1295,full,2023-01-14 08:00:00
ACC0000643,jbhardwaj@okhdfcbank,BOB,62,full,2026-05-31 08:00:00
ACC0000644,umorar@okicici,PNB,1114,full,2023-07-14 08:00:00
ACC0000645,randhawaaachal@okaxis,ICICI,1695,full,2021-12-10 08:00:00
ACC0000646,kamdarelijah@ybl,ICICI,227,full,2025-12-17 08:00:00
ACC0000647,sampathhemangini@ybl,PNB,1299,minimal,2023-01-10 08:00:00
ACC0000648,bhasinekapad@okaxis,HDFC,577,full,2025-01-01 08:00:00
ACC0000649,sbalay@okaxis,Axis,861,none,2024-03-23 08:00:00
ACC0000650,xgole@okicici,HDFC,492,full,2025-03-27 08:00:00
ACC0000651,oshaprasad@okhdfcbank,HDFC,1787,full,2021-09-09 08:00:00
ACC0000652,ysen@ybl,Paytm Payments Bank,802,full,2024-05-21 08:00:00
ACC0000653,rbuch@oksbi,HDFC,49,full,2026-06-13 08:00:00
ACC0000654,ijayadani@okicici,HDFC,918,minimal,2024-01-26 08:00:00
ACC0000655,mayawadhwa@okhdfcbank,Axis,1912,full,2021-05-07 08:00:00
ACC0000656,udantaggarwal@ybl,Paytm Payments Bank,1807,full,2021-08-20 08:00:00
ACC0000657,misraubika@okhdfcbank,PNB,1922,minimal,2021-04-27 08:00:00
ACC0000658,ywali@okhdfcbank,ICICI,1184,minimal,2023-05-05 08:00:00
ACC0000659,yugsharma@okhdfcbank,Axis,674,full,2024-09-26 08:00:00
ACC0000660,mohammed43@okaxis,HDFC,1570,full,2022-04-14 08:00:00
ACC0000661,balayoni@oksbi,BOB,1184,full,2023-05-05 08:00:00
ACC0000662,khoslasamuel@okicici,BOB,1137,minimal,2023-06-21 08:00:00
ACC0000663,chaudhuribahadurjit@okhdfcbank,Kotak,316,full,2025-09-19 08:00:00
ACC0000664,pbava@oksbi,HDFC,925,full,2024-01-19 08:00:00
ACC0000665,rattireva@ybl,BOB,1604,none,2022-03-11 08:00:00
ACC0000666,teerthbhalla@okhdfcbank,PNB,698,minimal,2024-09-02 08:00:00
ACC0000667,yahvimann@okaxis,Axis,952,full,2023-12-23 08:00:00
ACC0000668,eiravatinagi@okaxis,BOB,1957,full,2021-03-23 08:00:00
ACC0000669,chasmumdhar@okaxis,HDFC,1229,minimal,2023-03-21 08:00:00
ACC0000670,odikamital@oksbi,HDFC,634,full,2024-11-05 08:00:00
ACC0000671,darsh89@okaxis,ICICI,345,full,2025-08-21 08:00:00
ACC0000672,prishatandon@okicici,HDFC,678,full,2024-09-22 08:00:00
ACC0000673,padmanabhanlakshmi@okicici,Paytm Payments Bank,1961,full,2021-03-19 08:00:00
ACC0000674,omaja62@okhdfcbank,ICICI,582,full,2024-12-27 08:00:00
ACC0000675,krisha28@okaxis,BOB,912,full,2024-02-01 08:00:00
ACC0000676,okhosla@okicici,HDFC,213,full,2025-12-31 08:00:00
ACC0000677,maanas70@okicici,BOB,1636,full,2022-02-07 08:00:00
ACC0000678,jsaha@okaxis,HDFC,877,full,2024-03-07 08:00:00
ACC0000679,lipikakibe@oksbi,ICICI,1175,full,2023-05-14 08:00:00
ACC0000680,samar51@oksbi,PNB,377,full,2025-07-20 08:00:00
ACC0000681,fprabhakar@oksbi,HDFC,1039,full,2023-09-27 08:00:00
ACC0000682,charanloyal@okaxis,PNB,595,full,2024-12-14 08:00:00
ACC0000683,ebaral@okicici,PNB,187,minimal,2026-01-26 08:00:00
ACC0000684,teerthsrinivas@okaxis,Axis,1506,full,2022-06-17 08:00:00
ACC0000685,gaurangimitter@okicici,SBI,307,minimal,2025-09-28 08:00:00
ACC0000686,kakarranveer@ybl,BOB,710,minimal,2024-08-21 08:00:00
ACC0000687,srinivasxavier@okaxis,Kotak,704,full,2024-08-27 08:00:00
ACC0000688,mekhalakhatri@ybl,ICICI,1716,full,2021-11-19 08:00:00
ACC0000689,barkha67@oksbi,Paytm Payments Bank,1265,full,2023-02-13 08:00:00
ACC0000690,darika45@okicici,PNB,845,full,2024-04-08 08:00:00
ACC0000691,gshukla@okaxis,Axis,1326,full,2022-12-14 08:00:00
ACC0000692,nnagarajan@okaxis,Kotak,604,full,2024-12-05 08:00:00
ACC0000693,dhriti60@oksbi,ICICI,1184,full,2023-05-05 08:00:00
ACC0000694,madhavbabu@okhdfcbank,Paytm Payments Bank,1156,minimal,2023-06-02 08:00:00
ACC0000695,omisha42@okaxis,PNB,459,minimal,2025-04-29 08:00:00
ACC0000696,forumkarpe@okaxis,Paytm Payments Bank,171,full,2026-02-11 08:00:00
ACC0000697,fkorpal@oksbi,PNB,650,full,2024-10-20 08:00:00
ACC0000698,aarini77@okaxis,BOB,1494,full,2022-06-29 08:00:00
ACC0000699,uganguly@okaxis,BOB,1254,full,2023-02-24 08:00:00
ACC0000700,omkaar28@okaxis,SBI,1921,minimal,2021-04-28 08:00:00
ACC0000701,igour@ybl,HDFC,766,full,2024-06-26 08:00:00
ACC0000702,viswanathanbahadurjit@okicici,ICICI,538,full,2025-02-09 08:00:00
ACC0000703,bavaabeer@ybl,BOB,120,none,2026-04-03 08:00:00
ACC0000704,odevan@okaxis,HDFC,709,full,2024-08-22 08:00:00
ACC0000705,ekanshdora@oksbi,Axis,559,full,2025-01-19 08:00:00
ACC0000706,kamdaryashasvi@okaxis,ICICI,831,full,2024-04-22 08:00:00
ACC0000707,dprakash@okaxis,HDFC,80,full,2026-05-13 08:00:00
ACC0000708,bsura@okhdfcbank,HDFC,1915,minimal,2021-05-04 08:00:00
ACC0000709,walinisha@oksbi,Kotak,1525,full,2022-05-29 08:00:00
ACC0000710,badalanvi@oksbi,Paytm Payments Bank,962,full,2023-12-13 08:00:00
ACC0000711,anay86@okaxis,Paytm Payments Bank,229,full,2025-12-15 08:00:00
ACC0000712,hredhaanchar@okhdfcbank,HDFC,644,full,2024-10-26 08:00:00
ACC0000713,wrideshhanda@okhdfcbank,ICICI,732,minimal,2024-07-30 08:00:00
ACC0000714,irya46@oksbi,ICICI,1546,full,2022-05-08 08:00:00
ACC0000715,prakashnidra@ybl,BOB,707,none,2024-08-24 08:00:00
ACC0000716,skohli@okaxis,ICICI,504,full,2025-03-15 08:00:00
ACC0000717,charitabuch@okaxis,BOB,1376,full,2022-10-25 08:00:00
ACC0000718,chandernidra@oksbi,Paytm Payments Bank,1287,full,2023-01-22 08:00:00
ACC0000719,jpurohit@okhdfcbank,Axis,826,full,2024-04-27 08:00:00
ACC0000720,obhalla@okhdfcbank,HDFC,1570,minimal,2022-04-14 08:00:00
ACC0000721,gargfitan@oksbi,Kotak,1129,full,2023-06-29 08:00:00
ACC0000722,psaraf@okhdfcbank,PNB,967,full,2023-12-08 08:00:00
ACC0000723,girish80@ybl,Kotak,1032,full,2023-10-04 08:00:00
ACC0000724,siddharthsoman@okaxis,HDFC,1281,full,2023-01-28 08:00:00
ACC0000725,chakradhar14@okaxis,ICICI,1761,minimal,2021-10-05 08:00:00
ACC0000726,goladivya@okicici,HDFC,1475,full,2022-07-18 08:00:00
ACC0000727,johalmaanas@okhdfcbank,Axis,671,full,2024-09-29 08:00:00
ACC0000728,tbose@okicici,ICICI,404,full,2025-06-23 08:00:00
ACC0000729,wrideshramachandran@ybl,ICICI,886,full,2024-02-27 08:00:00
ACC0000730,leena21@oksbi,Paytm Payments Bank,896,full,2024-02-17 08:00:00
ACC0000731,chatresh16@oksbi,ICICI,1450,full,2022-08-12 08:00:00
ACC0000732,faqidoak@oksbi,Kotak,317,minimal,2025-09-18 08:00:00
ACC0000733,bnarain@okhdfcbank,Kotak,1298,none,2023-01-11 08:00:00
ACC0000734,shravya73@oksbi,Axis,1022,minimal,2023-10-14 08:00:00
ACC0000735,keya62@ybl,Paytm Payments Bank,1180,full,2023-05-09 08:00:00
ACC0000736,xchada@okaxis,Paytm Payments Bank,1037,full,2023-09-29 08:00:00
ACC0000737,yatin11@ybl,SBI,199,minimal,2026-01-14 08:00:00
ACC0000738,mitesh62@okicici,SBI,481,full,2025-04-07 08:00:00
ACC0000739,xnadig@okicici,ICICI,1131,minimal,2023-06-27 08:00:00
ACC0000740,chandabdul@okaxis,HDFC,1188,full,2023-05-01 08:00:00
ACC0000741,sai54@ybl,Kotak,578,full,2024-12-31 08:00:00
ACC0000742,deogagan@okhdfcbank,Paytm Payments Bank,1579,full,2022-04-05 08:00:00
ACC0000743,raaginisen@okhdfcbank,Axis,900,full,2024-02-13 08:00:00
ACC0000744,bchauhan@okaxis,PNB,96,full,2026-04-27 08:00:00
ACC0000745,pandyagirik@okhdfcbank,Paytm Payments Bank,1702,minimal,2021-12-03 08:00:00
ACC0000746,lekha04@oksbi,Axis,270,minimal,2025-11-04 08:00:00
ACC0000747,xrama@okicici,BOB,1234,full,2023-03-16 08:00:00
ACC0000748,kibeomkaar@oksbi,Axis,315,minimal,2025-09-20 08:00:00
ACC0000749,igara@okicici,PNB,1197,full,2023-04-22 08:00:00
ACC0000750,charvi47@okicici,PNB,374,full,2025-07-23 08:00:00
ACC0000751,devganesh@ybl,HDFC,577,full,2025-01-01 08:00:00
ACC0000752,amajumdar@okaxis,SBI,1566,none,2022-04-18 08:00:00
ACC0000753,veda15@oksbi,ICICI,1805,full,2021-08-22 08:00:00
ACC0000754,yatin79@okicici,Axis,1486,minimal,2022-07-07 08:00:00
ACC0000755,tanvichhabra@okaxis,Paytm Payments Bank,1414,full,2022-09-17 08:00:00
ACC0000756,dakshaahuja@okicici,BOB,1325,full,2022-12-15 08:00:00
ACC0000757,nnatarajan@okhdfcbank,BOB,184,full,2026-01-29 08:00:00
ACC0000758,cnarayan@okicici,Paytm Payments Bank,599,none,2024-12-10 08:00:00
ACC0000759,qushi92@ybl,SBI,700,minimal,2024-08-31 08:00:00
ACC0000760,ekani93@okhdfcbank,Paytm Payments Bank,1764,full,2021-10-02 08:00:00
ACC0000761,lmurthy@okicici,HDFC,1458,minimal,2022-08-04 08:00:00
ACC0000762,snagar@oksbi,BOB,844,minimal,2024-04-09 08:00:00
ACC0000763,ukibe@okicici,Kotak,1043,minimal,2023-09-23 08:00:00
ACC0000764,ymand@ybl,ICICI,721,full,2024-08-10 08:00:00
ACC0000765,hpatla@okicici,SBI,1023,full,2023-10-13 08:00:00
ACC0000766,pranitbala@okaxis,SBI,1312,full,2022-12-28 08:00:00
ACC0000767,ckadakia@oksbi,Paytm Payments Bank,1786,full,2021-09-10 08:00:00
ACC0000768,ekapad67@okaxis,Axis,1992,none,2021-02-16 08:00:00
ACC0000769,chavvikhurana@oksbi,PNB,1892,full,2021-05-27 08:00:00
ACC0000770,mitesh66@okicici,HDFC,1940,full,2021-04-09 08:00:00
ACC0000771,senvarenya@okhdfcbank,Kotak,542,full,2025-02-05 08:00:00
ACC0000772,gwarrior@oksbi,SBI,1358,full,2022-11-12 08:00:00
ACC0000773,ybansal@oksbi,BOB,655,full,2024-10-15 08:00:00
ACC0000774,frederick13@okhdfcbank,SBI,1471,full,2022-07-22 08:00:00
ACC0000775,ojas90@oksbi,Axis,189,full,2026-01-24 08:00:00
ACC0000776,ynarula@okhdfcbank,SBI,941,full,2024-01-03 08:00:00
ACC0000777,acherian@okhdfcbank,BOB,1703,full,2021-12-02 08:00:00
ACC0000778,kuruvillatristan@okhdfcbank,Axis,1008,full,2023-10-28 08:00:00
ACC0000779,sanayaprasad@okhdfcbank,HDFC,1526,full,2022-05-28 08:00:00
ACC0000780,xsheth@okicici,ICICI,1834,full,2021-07-24 08:00:00
ACC0000781,hemanibakshi@oksbi,ICICI,1695,full,2021-12-10 08:00:00
ACC0000782,scheema@okhdfcbank,ICICI,1183,full,2023-05-06 08:00:00
ACC0000783,hchada@oksbi,ICICI,1509,minimal,2022-06-14 08:00:00
ACC0000784,ijayamuni@okaxis,Axis,1291,full,2023-01-18 08:00:00
ACC0000785,tamanna38@oksbi,HDFC,235,full,2025-12-09 08:00:00
ACC0000786,epall@okicici,BOB,816,full,2024-05-07 08:00:00
ACC0000787,sarmasneha@oksbi,PNB,316,full,2025-09-19 08:00:00
ACC0000788,ekalinga40@ybl,PNB,538,minimal,2025-02-09 08:00:00
ACC0000789,bajajhemal@okhdfcbank,PNB,1444,full,2022-08-18 08:00:00
ACC0000790,galayagnesh@ybl,Axis,1272,full,2023-02-06 08:00:00
ACC0000791,nathanielnarayanan@okhdfcbank,Axis,635,full,2024-11-04 08:00:00
ACC0000792,oshere@oksbi,Paytm Payments Bank,260,full,2025-11-14 08:00:00
ACC0000793,lgour@ybl,SBI,175,none,2026-02-07 08:00:00
ACC0000794,brandhawa@okicici,ICICI,1942,full,2021-04-07 08:00:00
ACC0000795,shivanisanghvi@ybl,BOB,1748,full,2021-10-18 08:00:00
ACC0000796,tagrawal@oksbi,Paytm Payments Bank,1428,none,2022-09-03 08:00:00
ACC0000797,sameshmallick@okhdfcbank,SBI,1607,full,2022-03-08 08:00:00
ACC0000798,chaudryrachit@okicici,Axis,58,full,2026-06-04 08:00:00
ACC0000799,eshana37@okaxis,PNB,153,full,2026-03-01 08:00:00
ACC0000800,lalavrishti@okaxis,BOB,1056,full,2023-09-10 08:00:00
ACC0000801,lipika96@ybl,ICICI,198,full,2026-01-15 08:00:00
ACC0000802,pallindira@okhdfcbank,Axis,664,none,2024-10-06 08:00:00
ACC0000803,rgera@ybl,Kotak,348,full,2025-08-18 08:00:00
ACC0000804,frado25@okhdfcbank,PNB,1329,full,2022-12-11 08:00:00
ACC0000805,kharedalaja@oksbi,SBI,1524,full,2022-05-30 08:00:00
ACC0000806,goswamikashvi@okaxis,HDFC,1923,full,2021-04-26 08:00:00
ACC0000807,yastirama@okhdfcbank,PNB,1276,full,2023-02-02 08:00:00
ACC0000808,kdevi@oksbi,HDFC,1377,full,2022-10-24 08:00:00
ACC0000809,lsampath@okhdfcbank,ICICI,311,full,2025-09-24 08:00:00
ACC0000810,syogi@ybl,PNB,740,full,2024-07-22 08:00:00
ACC0000811,ojassuri@okicici,HDFC,289,minimal,2025-10-16 08:00:00
ACC0000812,logan25@okicici,BOB,90,full,2026-05-03 08:00:00
ACC0000813,wbera@okicici,HDFC,160,full,2026-02-22 08:00:00
ACC0000814,sundaramlaban@okicici,SBI,1076,full,2023-08-21 08:00:00
ACC0000815,leenatiwari@oksbi,Kotak,1190,full,2023-04-29 08:00:00
ACC0000816,rrege@okhdfcbank,HDFC,1613,full,2022-03-02 08:00:00
ACC0000817,tsagar@okhdfcbank,SBI,1072,minimal,2023-08-25 08:00:00
ACC0000818,ksuresh@oksbi,SBI,55,full,2026-06-07 08:00:00
ACC0000819,balasubramanianthomas@oksbi,ICICI,814,minimal,2024-05-09 08:00:00
ACC0000820,bachittar43@okhdfcbank,BOB,1786,full,2021-09-10 08:00:00
ACC0000821,om79@okaxis,Kotak,538,full,2025-02-09 08:00:00
ACC0000822,hvaidya@ybl,Kotak,189,full,2026-01-24 08:00:00
ACC0000823,loyaljeevika@okhdfcbank,ICICI,1408,full,2022-09-23 08:00:00
ACC0000824,sastrytejas@okhdfcbank,BOB,1086,full,2023-08-11 08:00:00
ACC0000825,vchaudry@okicici,PNB,982,full,2023-11-23 08:00:00
ACC0000826,chamelibali@okaxis,SBI,1162,full,2023-05-27 08:00:00
ACC0000827,wlall@ybl,PNB,627,full,2024-11-12 08:00:00
ACC0000828,sarnajacob@okaxis,Kotak,526,full,2025-02-21 08:00:00
ACC0000829,shauryapanchal@oksbi,Axis,1040,full,2023-09-26 08:00:00
ACC0000830,ngandhi@okaxis,SBI,1939,full,2021-04-10 08:00:00
ACC0000831,samueljhaveri@okhdfcbank,Kotak,739,full,2024-07-23 08:00:00
ACC0000832,panchalavni@okaxis,PNB,1376,full,2022-10-25 08:00:00
ACC0000833,ekiyamaster@oksbi,BOB,1115,full,2023-07-13 08:00:00
ACC0000834,amara81@oksbi,PNB,152,full,2026-03-02 08:00:00
ACC0000835,nishabhargava@oksbi,BOB,1916,full,2021-05-03 08:00:00
ACC0000836,jonathan23@okaxis,HDFC,792,full,2024-05-31 08:00:00
ACC0000837,ekantakota@oksbi,BOB,1065,full,2023-09-01 08:00:00
ACC0000838,jsuri@okhdfcbank,BOB,1192,full,2023-04-27 08:00:00
ACC0000839,oeshi67@oksbi,PNB,297,full,2025-10-08 08:00:00
ACC0000840,chanderneha@okaxis,Kotak,675,full,2024-09-25 08:00:00
ACC0000841,jyoti77@oksbi,HDFC,586,minimal,2024-12-23 08:00:00
ACC0000842,aarnav17@ybl,HDFC,308,full,2025-09-27 08:00:00
ACC0000843,dev86@okaxis,Paytm Payments Bank,366,full,2025-07-31 08:00:00
ACC0000844,pushtikakar@ybl,Kotak,277,none,2025-10-28 08:00:00
ACC0000845,uloyal@okaxis,PNB,455,full,2025-05-03 08:00:00
ACC0000846,geetika89@okhdfcbank,HDFC,1775,full,2021-09-21 08:00:00
ACC0000847,vedhikaoza@okicici,SBI,1435,full,2022-08-27 08:00:00
ACC0000848,batrahardik@okicici,ICICI,1784,full,2021-09-12 08:00:00
ACC0000849,hbabu@okicici,BOB,538,full,2025-02-09 08:00:00
ACC0000850,ridhishan@okicici,PNB,1416,minimal,2022-09-15 08:00:00
ACC0000851,sanghasamaksh@okhdfcbank,BOB,386,minimal,2025-07-11 08:00:00
ACC0000852,chasmumdutt@ybl,Axis,1168,full,2023-05-21 08:00:00
ACC0000853,girik54@oksbi,HDFC,238,full,2025-12-06 08:00:00
ACC0000854,prabhunoah@oksbi,ICICI,1730,full,2021-11-05 08:00:00
ACC0000855,randhawadalaja@okicici,HDFC,850,full,2024-04-03 08:00:00
ACC0000856,pushtichand@okhdfcbank,SBI,560,none,2025-01-18 08:00:00
ACC0000857,agarwaltanay@okaxis,ICICI,434,full,2025-05-24 08:00:00
ACC0000858,ibrahmbhatt@okicici,HDFC,1765,full,2021-10-01 08:00:00
ACC0000859,zilmilsaxena@okhdfcbank,ICICI,974,minimal,2023-12-01 08:00:00
ACC0000860,anandhemal@okaxis,Paytm Payments Bank,917,full,2024-01-27 08:00:00
ACC0000861,samikevin@okaxis,ICICI,1429,full,2022-09-02 08:00:00
ACC0000862,obobal@oksbi,PNB,1890,full,2021-05-29 08:00:00
ACC0000863,uchakraborty@oksbi,SBI,1839,full,2021-07-19 08:00:00
ACC0000864,chauhandhriti@oksbi,PNB,1293,full,2023-01-16 08:00:00
ACC0000865,chandani26@ybl,Paytm Payments Bank,1837,full,2021-07-21 08:00:00
ACC0000866,lukebiswas@okaxis,ICICI,602,full,2024-12-07 08:00:00
ACC0000867,galaria@ybl,Axis,1346,full,2022-11-24 08:00:00
ACC0000868,tanay26@ybl,SBI,1672,none,2022-01-02 08:00:00
ACC0000869,fkalla@okicici,Paytm Payments Bank,1631,full,2022-02-12 08:00:00
ACC0000870,deyjatin@okicici,Kotak,1022,full,2023-10-14 08:00:00
ACC0000871,bpanchal@okhdfcbank,Kotak,398,full,2025-06-29 08:00:00
ACC0000872,logan34@okicici,SBI,90,minimal,2026-05-03 08:00:00
ACC0000873,kotharibhavani@ybl,Kotak,996,minimal,2023-11-09 08:00:00
ACC0000874,mitrasamesh@oksbi,HDFC,506,full,2025-03-13 08:00:00
ACC0000875,manyamerchant@okicici,SBI,523,minimal,2025-02-24 08:00:00
ACC0000876,khatriwarda@oksbi,BOB,1971,full,2021-03-09 08:00:00
ACC0000877,pchowdhury@oksbi,ICICI,1748,full,2021-10-18 08:00:00
ACC0000878,hbobal@okicici,SBI,681,full,2024-09-19 08:00:00
ACC0000879,pateledhitha@ybl,ICICI,750,full,2024-07-12 08:00:00
ACC0000880,lilasalvi@okaxis,PNB,415,full,2025-06-12 08:00:00
ACC0000881,orinder71@okhdfcbank,SBI,107,full,2026-04-16 08:00:00
ACC0000882,birakshay@okhdfcbank,Paytm Payments Bank,478,full,2025-04-10 08:00:00
ACC0000883,tanveer00@ybl,Axis,1909,minimal,2021-05-10 08:00:00
ACC0000884,stoor@oksbi,Kotak,727,full,2024-08-04 08:00:00
ACC0000885,ssampath@ybl,ICICI,332,minimal,2025-09-03 08:00:00
ACC0000886,obutala@ybl,Kotak,1763,none,2021-10-03 08:00:00
ACC0000887,arunimachacko@okaxis,HDFC,795,full,2024-05-28 08:00:00
ACC0000888,farhan83@oksbi,ICICI,690,full,2024-09-10 08:00:00
ACC0000889,etaraman@okaxis,Kotak,924,full,2024-01-20 08:00:00
ACC0000890,mukherjeerajeshri@ybl,Kotak,1180,full,2023-05-09 08:00:00
ACC0000891,dalbirkonda@oksbi,BOB,1236,full,2023-03-14 08:00:00
ACC0000892,sarafjack@okicici,ICICI,1440,full,2022-08-22 08:00:00
ACC0000893,tbhakta@ybl,BOB,33,minimal,2026-06-29 08:00:00
ACC0000894,jagdisharora@ybl,SBI,1608,full,2022-03-07 08:00:00
ACC0000895,advaygade@ybl,Axis,681,full,2024-09-19 08:00:00
ACC0000896,hpalan@okaxis,ICICI,243,full,2025-12-01 08:00:00
ACC0000897,ojas52@oksbi,Kotak,189,none,2026-01-24 08:00:00
ACC0000898,jacob05@okhdfcbank,Kotak,373,full,2025-07-24 08:00:00
ACC0000899,hmagar@oksbi,Axis,573,full,2025-01-05 08:00:00
ACC0000900,lallfaraj@okicici,HDFC,747,full,2024-07-15 08:00:00
ACC0000901,gshah@okaxis,Paytm Payments Bank,128,full,2026-03-26 08:00:00
ACC0000902,christopher79@okaxis,Paytm Payments Bank,370,minimal,2025-07-27 08:00:00
ACC0000903,jhalakdugar@ybl,BOB,749,full,2024-07-13 08:00:00
ACC0000904,harshil91@ybl,Axis,1011,full,2023-10-25 08:00:00
ACC0000905,yashodharaagate@okhdfcbank,PNB,180,full,2026-02-02 08:00:00
ACC0000906,arorayash@okhdfcbank,HDFC,564,full,2025-01-14 08:00:00
ACC0000907,sodhijanuja@okaxis,ICICI,1848,full,2021-07-10 08:00:00
ACC0000908,ldoctor@okhdfcbank,Kotak,1150,full,2023-06-08 08:00:00
ACC0000909,sainiudarsh@okaxis,SBI,1286,full,2023-01-23 08:00:00
ACC0000910,yuvraj65@oksbi,BOB,1368,full,2022-11-02 08:00:00
ACC0000911,faras95@okicici,Axis,237,none,2025-12-07 08:00:00
ACC0000912,thakkarcharles@ybl,PNB,868,full,2024-03-16 08:00:00
ACC0000913,udantvarty@oksbi,HDFC,639,full,2024-10-31 08:00:00
ACC0000914,rattanekapad@ybl,Paytm Payments Bank,1200,full,2023-04-19 08:00:00
ACC0000915,xmandal@okhdfcbank,BOB,768,full,2024-06-24 08:00:00
ACC0000916,falak18@ybl,Paytm Payments Bank,1717,full,2021-11-18 08:00:00
ACC0000917,xanand@oksbi,ICICI,82,full,2026-05-11 08:00:00
ACC0000918,bishakhamodi@okaxis,HDFC,197,full,2026-01-16 08:00:00
ACC0000919,ucchalpillay@okaxis,Paytm Payments Bank,844,minimal,2024-04-09 08:00:00
ACC0000920,uhayre@okhdfcbank,BOB,572,full,2025-01-06 08:00:00
ACC0000921,matthewahuja@okaxis,Kotak,1843,full,2021-07-15 08:00:00
ACC0000922,obajwa@okicici,Paytm Payments Bank,121,full,2026-04-02 08:00:00
ACC0000923,aditya50@okicici,SBI,493,full,2025-03-26 08:00:00
ACC0000924,gmohanty@okhdfcbank,HDFC,1456,full,2022-08-06 08:00:00
ACC0000925,wazirsaini@ybl,BOB,1685,none,2021-12-20 08:00:00
ACC0000926,jbhasin@oksbi,SBI,1237,minimal,2023-03-13 08:00:00
ACC0000927,girik03@ybl,BOB,1706,none,2021-11-29 08:00:00
ACC0000928,dpradhan@okaxis,Axis,1437,full,2022-08-25 08:00:00
ACC0000929,chandranyashasvi@okaxis,SBI,191,full,2026-01-22 08:00:00
ACC0000930,meeraborde@ybl,ICICI,1874,full,2021-06-14 08:00:00
ACC0000931,sarankalpit@okaxis,ICICI,1580,minimal,2022-04-04 08:00:00
ACC0000932,bishakhalal@oksbi,Axis,372,full,2025-07-25 08:00:00
ACC0000933,maya55@okhdfcbank,BOB,897,full,2024-02-16 08:00:00
ACC0000934,omagar@oksbi,PNB,1714,full,2021-11-21 08:00:00
ACC0000935,jainlaban@okhdfcbank,HDFC,1519,full,2022-06-04 08:00:00
ACC0000936,dugalhitesh@ybl,Kotak,843,minimal,2024-04-10 08:00:00
ACC0000937,shivanishukla@okaxis,SBI,1094,minimal,2023-08-03 08:00:00
ACC0000938,niharika18@ybl,BOB,1306,full,2023-01-03 08:00:00
ACC0000939,sarthak74@oksbi,HDFC,336,minimal,2025-08-30 08:00:00
ACC0000940,hlanka@okhdfcbank,PNB,1182,minimal,2023-05-07 08:00:00
ACC0000941,dugardaksha@okicici,BOB,1832,full,2021-07-26 08:00:00
ACC0000942,kalefalak@okaxis,Paytm Payments Bank,1371,full,2022-10-30 08:00:00
ACC0000943,gavinkothari@okaxis,ICICI,594,full,2024-12-15 08:00:00
ACC0000944,meghana80@okaxis,SBI,1424,full,2022-09-07 08:00:00
ACC0000945,abha20@okicici,Axis,1830,full,2021-07-28 08:00:00
ACC0000946,jsethi@okicici,Kotak,1003,full,2023-11-02 08:00:00
ACC0000947,girindrashere@okicici,PNB,1704,full,2021-12-01 08:00:00
ACC0000948,deyjairaj@okhdfcbank,Axis,1036,full,2023-09-30 08:00:00
ACC0000949,bhatiatristan@okaxis,Kotak,1553,full,2022-05-01 08:00:00
ACC0000950,rudrarattan@ybl,HDFC,883,full,2024-03-01 08:00:00
ACC0000951,frado99@okaxis,Paytm Payments Bank,462,minimal,2025-04-26 08:00:00
ACC0000952,falan01@okicici,SBI,1806,full,2021-08-21 08:00:00
ACC0000953,sachidave@okhdfcbank,PNB,355,full,2025-08-11 08:00:00
ACC0000954,narulajason@oksbi,SBI,856,full,2024-03-28 08:00:00
ACC0000955,shenoychandresh@oksbi,SBI,1822,full,2021-08-05 08:00:00
ACC0000956,rachitarana@okhdfcbank,Kotak,964,full,2023-12-11 08:00:00
ACC0000957,ybalan@okicici,Paytm Payments Bank,591,full,2024-12-18 08:00:00
ACC0000958,wgera@okhdfcbank,SBI,1331,full,2022-12-09 08:00:00
ACC0000959,rachitmaharaj@ybl,Paytm Payments Bank,1031,full,2023-10-05 08:00:00
ACC0000960,sanaya20@okaxis,Kotak,1812,full,2021-08-15 08:00:00
ACC0000961,chakrikatara@okicici,HDFC,1745,full,2021-10-21 08:00:00
ACC0000962,dsrinivas@okhdfcbank,ICICI,821,minimal,2024-05-02 08:00:00
ACC0000963,mammenleela@oksbi,Axis,1627,full,2022-02-16 08:00:00
ACC0000964,oniiyengar@oksbi,PNB,1417,full,2022-09-14 08:00:00
ACC0000965,anirudhraja@okhdfcbank,SBI,1081,full,2023-08-16 08:00:00
ACC0000966,varsha87@oksbi,SBI,300,full,2025-10-05 08:00:00
ACC0000967,yadavi56@okicici,PNB,1275,full,2023-02-03 08:00:00
ACC0000968,pranit05@okicici,Paytm Payments Bank,801,full,2024-05-22 08:00:00
ACC0000969,ayushmanmand@okicici,BOB,985,full,2023-11-20 08:00:00
ACC0000970,sodhiishita@ybl,Kotak,45,full,2026-06-17 08:00:00
ACC0000971,nathanielchaudhry@ybl,PNB,1246,full,2023-03-04 08:00:00
ACC0000972,wrideshlata@okaxis,HDFC,251,full,2025-11-23 08:00:00
ACC0000973,kandalipika@okicici,PNB,596,full,2024-12-13 08:00:00
ACC0000974,oscar23@okicici,Axis,1486,full,2022-07-07 08:00:00
ACC0000975,jagrati90@oksbi,SBI,1597,minimal,2022-03-18 08:00:00
ACC0000976,lucky93@ybl,BOB,1673,full,2022-01-01 08:00:00
ACC0000977,lmore@oksbi,SBI,1424,full,2022-09-07 08:00:00
ACC0000978,fbarad@okicici,BOB,635,full,2024-11-04 08:00:00
ACC0000979,kaultheodore@okhdfcbank,Axis,1538,full,2022-05-16 08:00:00
ACC0000980,vyasvanya@oksbi,Paytm Payments Bank,1490,minimal,2022-07-03 08:00:00
ACC0000981,narulasaksham@okicici,PNB,1405,minimal,2022-09-26 08:00:00
ACC0000982,harinigoel@ybl,ICICI,1751,full,2021-10-15 08:00:00
ACC0000983,daniel02@oksbi,PNB,994,full,2023-11-11 08:00:00
ACC0000984,indrajitvora@oksbi,Kotak,1174,full,2023-05-15 08:00:00
ACC0000985,elijah56@okicici,Axis,485,full,2025-04-03 08:00:00
ACC0000986,nayarchasmum@okaxis,Kotak,658,full,2024-10-12 08:00:00
ACC0000987,laban26@okicici,Paytm Payments Bank,1229,minimal,2023-03-21 08:00:00
ACC0000988,lnadig@okhdfcbank,HDFC,993,full,2023-11-12 08:00:00
ACC0000989,udant92@ybl,HDFC,428,minimal,2025-05-30 08:00:00
ACC0000990,umohanty@ybl,PNB,811,full,2024-05-12 08:00:00
ACC0000991,joshua20@oksbi,ICICI,1813,none,2021-08-14 08:00:00
ACC0000992,lbali@okaxis,Paytm Payments Bank,731,full,2024-07-31 08:00:00
ACC0000993,timothy91@oksbi,HDFC,1796,full,2021-08-31 08:00:00
ACC0000994,vdhaliwal@oksbi,Kotak,1322,full,2022-12-18 08:00:00
ACC0000995,khannaidika@okaxis,PNB,39,full,2026-06-23 08:00:00
ACC0000996,oliver15@oksbi,ICICI,1614,full,2022-03-01 08:00:00
ACC0000997,qapte@okhdfcbank,ICICI,1593,full,2022-03-22 08:00:00
ACC0000998,zaidbir@okaxis,BOB,1327,full,2022-12-13 08:00:00
ACC0000999,aahana10@okaxis,SBI,1007,full,2023-10-29 08:00:00
ACC0001000,rajuraksha@okicici,SBI,438,minimal,2025-05-20 08:00:00
ACC0001001,aganesan@ybl,Axis,1580,full,2022-04-04 08:00:00
ACC0001002,wradhakrishnan@oksbi,Axis,38,full,2026-06-24 08:00:00
ACC0001003,echaudhuri@okicici,ICICI,735,full,2024-07-27 08:00:00
ACC0001004,nicholasseth@ybl,PNB,1060,full,2023-09-06 08:00:00
ACC0001005,bandichaitaly@okhdfcbank,PNB,1717,minimal,2021-11-18 08:00:00
ACC0001006,nagaradvika@ybl,Kotak,963,full,2023-12-12 08:00:00
ACC0001007,borahhema@oksbi,Kotak,1436,none,2022-08-26 08:00:00
ACC0001008,keyadyal@okicici,Axis,1033,full,2023-10-03 08:00:00
ACC0001009,chanderhamsini@okaxis,SBI,1887,full,2021-06-01 08:00:00
ACC0001010,bbalasubramanian@oksbi,Axis,1519,full,2022-06-04 08:00:00
ACC0001011,radhadugar@ybl,ICICI,1237,full,2023-03-13 08:00:00
ACC0001012,chaudhurigarima@okhdfcbank,BOB,1486,minimal,2022-07-07 08:00:00
ACC0001013,ranveerrout@ybl,SBI,553,full,2025-01-25 08:00:00
ACC0001014,baghyawati43@okhdfcbank,SBI,128,full,2026-03-26 08:00:00
ACC0001015,bawamaya@okaxis,Paytm Payments Bank,267,full,2025-11-07 08:00:00
ACC0001016,ddube@okicici,Paytm Payments Bank,1150,full,2023-06-08 08:00:00
ACC0001017,aarush61@okhdfcbank,PNB,450,full,2025-05-08 08:00:00
ACC0001018,varsha31@ybl,PNB,236,full,2025-12-08 08:00:00
ACC0001019,jhaverionkar@oksbi,BOB,1465,minimal,2022-07-28 08:00:00
ACC0001020,finn71@ybl,HDFC,244,full,2025-11-30 08:00:00
ACC0001021,mitali77@okhdfcbank,Paytm Payments Bank,1637,full,2022-02-06 08:00:00
ACC0001022,gavin86@okicici,Axis,439,full,2025-05-19 08:00:00
ACC0001023,kamalaraj@okicici,ICICI,869,full,2024-03-15 08:00:00
ACC0001024,rachit70@oksbi,Paytm Payments Bank,1046,full,2023-09-20 08:00:00
ACC0001025,ria74@okhdfcbank,HDFC,35,minimal,2026-06-27 08:00:00
ACC0001026,amrutabhatia@ybl,Paytm Payments Bank,1740,full,2021-10-26 08:00:00
ACC0001027,gunbirchada@ybl,HDFC,214,full,2025-12-30 08:00:00
ACC0001028,odika93@okicici,Axis,237,full,2025-12-07 08:00:00
ACC0001029,ramomya@okicici,Paytm Payments Bank,636,full,2024-11-03 08:00:00
ACC0001030,ekeer@oksbi,SBI,1695,minimal,2021-12-10 08:00:00
ACC0001031,farhan60@okicici,BOB,767,full,2024-06-25 08:00:00
ACC0001032,jaisen@okhdfcbank,SBI,224,minimal,2025-12-20 08:00:00
ACC0001033,oliverkakar@oksbi,Kotak,1388,full,2022-10-13 08:00:00
ACC0001034,jonathanbasak@ybl,PNB,926,minimal,2024-01-18 08:00:00
ACC0001035,rbrar@okicici,Kotak,220,full,2025-12-24 08:00:00
ACC0001036,ojaggi@okaxis,Paytm Payments Bank,850,full,2024-04-03 08:00:00
ACC0001037,aarnanagarajan@okaxis,BOB,819,full,2024-05-04 08:00:00
ACC0001038,chahallipika@oksbi,HDFC,1662,full,2022-01-12 08:00:00
ACC0001039,rnanda@okhdfcbank,ICICI,1517,full,2022-06-06 08:00:00
ACC0001040,yarora@ybl,Paytm Payments Bank,1896,minimal,2021-05-23 08:00:00
ACC0001041,achowdhury@okaxis,ICICI,1419,full,2022-09-12 08:00:00
ACC0001042,manbirchaudhry@okicici,SBI,1625,minimal,2022-02-18 08:00:00
ACC0001043,chaudhuribhavika@oksbi,Paytm Payments Bank,1832,minimal,2021-07-26 08:00:00
ACC0001044,nirja46@okaxis,Paytm Payments Bank,261,full,2025-11-13 08:00:00
ACC0001045,csolanki@okicici,SBI,565,full,2025-01-13 08:00:00
ACC0001046,anyarau@ybl,Axis,1418,none,2022-09-13 08:00:00
ACC0001047,neelimabarad@okicici,HDFC,1401,full,2022-09-30 08:00:00
ACC0001048,snarula@oksbi,Paytm Payments Bank,1518,full,2022-06-05 08:00:00
ACC0001049,chandransoman@okaxis,ICICI,1415,minimal,2022-09-16 08:00:00
ACC0001050,kashish05@ybl,SBI,1173,full,2023-05-16 08:00:00
ACC0001051,deepa47@oksbi,Paytm Payments Bank,1943,minimal,2021-04-06 08:00:00
ACC0001052,karikrish@oksbi,HDFC,1810,minimal,2021-08-17 08:00:00
ACC0001053,saanvi54@oksbi,Kotak,686,none,2024-09-14 08:00:00
ACC0001054,mchakraborty@ybl,Axis,133,full,2026-03-21 08:00:00
ACC0001055,akakar@okaxis,Axis,805,full,2024-05-18 08:00:00
ACC0001056,xvarty@ybl,Paytm Payments Bank,939,full,2024-01-05 08:00:00
ACC0001057,varmanathan@okaxis,Kotak,1050,full,2023-09-16 08:00:00
ACC0001058,mukhopadhyayyashawini@okhdfcbank,HDFC,1048,full,2023-09-18 08:00:00
ACC0001059,xdeshmukh@ybl,SBI,103,minimal,2026-04-20 08:00:00
ACC0001060,ghosereyansh@ybl,PNB,1651,minimal,2022-01-23 08:00:00
ACC0001061,dalbirkrish@oksbi,Paytm Payments Bank,1181,none,2023-05-08 08:00:00
ACC0001062,shanchandresh@okhdfcbank,Axis,774,minimal,2024-06-18 08:00:00
ACC0001063,rushil45@ybl,Paytm Payments Bank,709,full,2024-08-22 08:00:00
ACC0001064,ztiwari@okaxis,HDFC,774,full,2024-06-18 08:00:00
ACC0001065,balasubramanianwyatt@oksbi,SBI,1379,full,2022-10-22 08:00:00
ACC0001066,vrinda97@okicici,Kotak,1729,full,2021-11-06 08:00:00
ACC0001067,urvipalla@oksbi,Paytm Payments Bank,123,full,2026-03-31 08:00:00
ACC0001068,nihal41@okaxis,HDFC,1498,full,2022-06-25 08:00:00
ACC0001069,ayaan60@oksbi,HDFC,431,minimal,2025-05-27 08:00:00
ACC0001070,tanishkant@oksbi,Paytm Payments Bank,834,minimal,2024-04-19 08:00:00
ACC0001071,samuelluthra@okicici,HDFC,420,minimal,2025-06-07 08:00:00
ACC0001072,bvarghese@ybl,HDFC,125,minimal,2026-03-29 08:00:00
ACC0001073,somkevin@okaxis,ICICI,952,none,2023-12-23 08:00:00
ACC0001074,abhiramkapur@ybl,SBI,38,full,2026-06-24 08:00:00
ACC0001075,dalaja46@ybl,Paytm Payments Bank,916,minimal,2024-01-28 08:00:00
ACC0001076,dpalla@oksbi,ICICI,1629,full,2022-02-14 08:00:00
ACC0001077,tejas74@okhdfcbank,BOB,292,full,2025-10-13 08:00:00
ACC0001078,achaudry@okicici,BOB,1271,full,2023-02-07 08:00:00
ACC0001079,barkha41@oksbi,PNB,1277,full,2023-02-01 08:00:00
ACC0001080,vbhatt@okicici,Paytm Payments Bank,732,minimal,2024-07-30 08:00:00
ACC0001081,ekta44@okaxis,PNB,312,minimal,2025-09-23 08:00:00
ACC0001082,raghav28@okicici,Axis,1151,full,2023-06-07 08:00:00
ACC0001083,daksheshraval@okicici,Kotak,1308,minimal,2023-01-01 08:00:00
ACC0001084,logan07@oksbi,Kotak,301,full,2025-10-04 08:00:00
ACC0001085,aashi66@okicici,Paytm Payments Bank,1588,full,2022-03-27 08:00:00
ACC0001086,lbanik@okaxis,PNB,1960,minimal,2021-03-20 08:00:00
ACC0001087,hemalkapadia@okhdfcbank,HDFC,895,full,2024-02-18 08:00:00
ACC0001088,gparmer@okhdfcbank,SBI,327,full,2025-09-08 08:00:00
ACC0001089,onkar82@oksbi,PNB,1566,full,2022-04-18 08:00:00
ACC0001090,gunbir72@okhdfcbank,PNB,329,full,2025-09-06 08:00:00
ACC0001091,qadim51@okhdfcbank,Kotak,1138,minimal,2023-06-20 08:00:00
ACC0001092,ishakapoor@ybl,Axis,239,full,2025-12-05 08:00:00
ACC0001093,osha55@okaxis,Axis,1179,full,2023-05-10 08:00:00
ACC0001094,chaitaly71@okicici,SBI,1661,minimal,2022-01-13 08:00:00
ACC0001095,obera@okaxis,Kotak,823,none,2024-04-30 08:00:00
ACC0001096,sodhirobert@okhdfcbank,PNB,140,full,2026-03-14 08:00:00
ACC0001097,rajchanchal@okaxis,Axis,1809,minimal,2021-08-18 08:00:00
ACC0001098,jbhagat@okicici,Axis,1473,minimal,2022-07-20 08:00:00
ACC0001099,saioommen@okicici,Paytm Payments Bank,426,full,2025-06-01 08:00:00
ACC0001100,jshankar@okhdfcbank,ICICI,1428,none,2022-09-03 08:00:00
ACC0001101,pranit17@ybl,HDFC,1535,full,2022-05-19 08:00:00
ACC0001102,peter50@okicici,PNB,907,full,2024-02-06 08:00:00
ACC0001103,sethanusha@okicici,SBI,1226,full,2023-03-24 08:00:00
ACC0001104,omdutt@oksbi,SBI,1483,full,2022-07-10 08:00:00
ACC0001105,ichakrabarti@ybl,SBI,690,minimal,2024-09-10 08:00:00
ACC0001106,zsanghvi@ybl,PNB,1310,full,2022-12-30 08:00:00
ACC0001107,ysood@ybl,Kotak,1202,full,2023-04-17 08:00:00
ACC0001108,baradryan@okicici,Axis,1479,none,2022-07-14 08:00:00
ACC0001109,akshay58@okhdfcbank,ICICI,1096,full,2023-08-01 08:00:00
ACC0001110,andrewagrawal@okaxis,HDFC,1129,full,2023-06-29 08:00:00
ACC0001111,upkaarpadmanabhan@oksbi,Kotak,1839,full,2021-07-19 08:00:00
ACC0001112,kai16@oksbi,Paytm Payments Bank,631,none,2024-11-08 08:00:00
ACC0001113,oliver10@okhdfcbank,HDFC,1716,full,2021-11-19 08:00:00
ACC0001114,bina78@oksbi,Axis,942,none,2024-01-02 08:00:00
ACC0001115,radha25@okicici,BOB,1427,minimal,2022-09-04 08:00:00
ACC0001116,wparmer@okhdfcbank,BOB,1965,full,2021-03-15 08:00:00
ACC0001117,niteshraval@okicici,SBI,1512,minimal,2022-06-11 08:00:00
ACC0001118,kariudarsh@okicici,Paytm Payments Bank,1713,full,2021-11-22 08:00:00
ACC0001119,siddharthbains@oksbi,Kotak,637,full,2024-11-02 08:00:00
ACC0001120,jatinperi@okhdfcbank,ICICI,1971,none,2021-03-09 08:00:00
ACC0001121,prashadaadhya@ybl,SBI,1613,full,2022-03-02 08:00:00
ACC0001122,bavahritik@oksbi,BOB,461,minimal,2025-04-27 08:00:00
ACC0001123,bavajack@ybl,BOB,451,full,2025-05-07 08:00:00
ACC0001124,ysawhney@okhdfcbank,ICICI,1954,full,2021-03-26 08:00:00
ACC0001125,krishnanurvi@okicici,SBI,1498,full,2022-06-25 08:00:00
ACC0001126,sameshandra@oksbi,PNB,141,full,2026-03-13 08:00:00
ACC0001127,osha18@oksbi,PNB,1207,full,2023-04-12 08:00:00
ACC0001128,laksh61@okaxis,BOB,953,full,2023-12-22 08:00:00
ACC0001129,mandalishaan@okhdfcbank,SBI,827,full,2024-04-26 08:00:00
ACC0001130,tankrushil@okhdfcbank,SBI,1296,full,2023-01-13 08:00:00
ACC0001131,adyavirk@okicici,HDFC,178,full,2026-02-04 08:00:00
ACC0001132,ishitarout@okicici,HDFC,1434,full,2022-08-28 08:00:00
ACC0001133,naveen08@okaxis,BOB,1927,full,2021-04-22 08:00:00
ACC0001134,sjohal@okhdfcbank,Paytm Payments Bank,1383,full,2022-10-18 08:00:00
ACC0001135,pnarayanan@oksbi,BOB,480,minimal,2025-04-08 08:00:00
ACC0001136,aryagaurav@ybl,PNB,1769,none,2021-09-27 08:00:00
ACC0001137,takmanthan@okicici,Kotak,325,none,2025-09-10 08:00:00
ACC0001138,vaidyafalan@ybl,ICICI,52,full,2026-06-10 08:00:00
ACC0001139,kundavihaan@ybl,BOB,40,full,2026-06-22 08:00:00
ACC0001140,qminhas@okhdfcbank,PNB,1969,full,2021-03-11 08:00:00
ACC0001141,gbedi@okicici,Axis,1548,full,2022-05-06 08:00:00
ACC0001142,balveermannan@ybl,ICICI,1352,full,2022-11-18 08:00:00
ACC0001143,dhriti61@ybl,PNB,482,full,2025-04-06 08:00:00
ACC0001144,bathaditya@ybl,SBI,401,minimal,2025-06-26 08:00:00
ACC0001145,onkarnarasimhan@ybl,Paytm Payments Bank,1939,full,2021-04-10 08:00:00
ACC0001146,raksha94@okicici,HDFC,179,full,2026-02-03 08:00:00
ACC0001147,pradhanhema@ybl,Paytm Payments Bank,434,none,2025-05-24 08:00:00
ACC0001148,ishaanrattan@oksbi,Axis,761,full,2024-07-01 08:00:00
ACC0001149,rshan@okhdfcbank,Axis,1298,full,2023-01-11 08:00:00
ACC0001150,zsridhar@okicici,PNB,952,full,2023-12-23 08:00:00
ACC0001151,hganesan@ybl,Kotak,342,minimal,2025-08-24 08:00:00
ACC0001152,danieldutta@okaxis,ICICI,1993,full,2021-02-15 08:00:00
ACC0001153,sahavasudha@oksbi,BOB,534,full,2025-02-13 08:00:00
ACC0001154,ngolla@oksbi,Kotak,766,minimal,2024-06-26 08:00:00
ACC0001155,nparmer@okaxis,Kotak,977,minimal,2023-11-28 08:00:00
ACC0001156,devasudha@ybl,HDFC,1027,full,2023-10-09 08:00:00
ACC0001157,achowdhury@okhdfcbank,PNB,1272,minimal,2023-02-06 08:00:00
ACC0001158,ebatra@ybl,Axis,316,full,2025-09-19 08:00:00
ACC0001159,dipta08@okhdfcbank,HDFC,1845,minimal,2021-07-13 08:00:00
ACC0001160,hamsinivenkataraman@ybl,SBI,1769,minimal,2021-09-27 08:00:00
ACC0001161,santyuvraj@okaxis,Axis,1215,minimal,2023-04-04 08:00:00
ACC0001162,qpal@okicici,Paytm Payments Bank,1159,full,2023-05-30 08:00:00
ACC0001163,jdixit@okicici,BOB,334,full,2025-09-01 08:00:00
ACC0001164,aptenaksh@ybl,PNB,1611,full,2022-03-04 08:00:00
ACC0001165,ktandon@ybl,HDFC,1056,full,2023-09-10 08:00:00
ACC0001166,swamyekani@okhdfcbank,Axis,1058,minimal,2023-09-08 08:00:00
ACC0001167,gangamall@ybl,ICICI,1681,minimal,2021-12-24 08:00:00
ACC0001168,tripathiudant@okaxis,ICICI,317,full,2025-09-18 08:00:00
ACC0001169,prau@ybl,ICICI,1972,full,2021-03-08 08:00:00
ACC0001170,sharafsachi@okicici,SBI,1020,full,2023-10-16 08:00:00
ACC0001171,fchakrabarti@oksbi,HDFC,1028,full,2023-10-08 08:00:00
ACC0001172,hmutti@okhdfcbank,Axis,509,full,2025-03-10 08:00:00
ACC0001173,gbadami@okicici,BOB,1650,full,2022-01-24 08:00:00
ACC0001174,csachar@okhdfcbank,SBI,961,none,2023-12-14 08:00:00
ACC0001175,chanddaksha@okhdfcbank,PNB,693,minimal,2024-09-07 08:00:00
ACC0001176,tanmayiom@ybl,ICICI,569,full,2025-01-09 08:00:00
ACC0001177,chatura37@okicici,HDFC,805,full,2024-05-18 08:00:00
ACC0001178,urvashi57@oksbi,BOB,800,full,2024-05-23 08:00:00
ACC0001179,chatterjeetristan@okicici,Paytm Payments Bank,1807,minimal,2021-08-20 08:00:00
ACC0001180,omisha@ybl,SBI,1846,full,2021-07-12 08:00:00
ACC0001181,kashvi10@okaxis,ICICI,314,full,2025-09-21 08:00:00
ACC0001182,waidadey@okicici,Axis,1083,full,2023-08-14 08:00:00
ACC0001183,qchhabra@okicici,HDFC,352,full,2025-08-14 08:00:00
ACC0001184,raghavdara@okicici,HDFC,879,full,2024-03-05 08:00:00
ACC0001185,dkale@okaxis,Axis,1010,full,2023-10-26 08:00:00
ACC0001186,hamsinichokshi@okaxis,SBI,1355,full,2022-11-15 08:00:00
ACC0001187,obatra@ybl,ICICI,291,full,2025-10-14 08:00:00
ACC0001188,seshadritanvi@okhdfcbank,ICICI,1079,full,2023-08-18 08:00:00
ACC0001189,wishiagrawal@oksbi,BOB,558,full,2025-01-20 08:00:00
ACC0001190,santvasudha@okhdfcbank,PNB,1184,minimal,2023-05-05 08:00:00
ACC0001191,oscardave@okaxis,Paytm Payments Bank,473,minimal,2025-04-15 08:00:00
ACC0001192,ramekanta@oksbi,BOB,379,full,2025-07-18 08:00:00
ACC0001193,msahota@ybl,ICICI,1657,full,2022-01-17 08:00:00
ACC0001194,anusharao@okicici,ICICI,1076,full,2023-08-21 08:00:00
ACC0001195,chaitaly72@okaxis,HDFC,731,full,2024-07-31 08:00:00
ACC0001196,nitaravala@oksbi,HDFC,819,full,2024-05-04 08:00:00
ACC0001197,dipta83@ybl,BOB,1100,minimal,2023-07-28 08:00:00
ACC0001198,shauryamannan@okhdfcbank,ICICI,1270,full,2023-02-08 08:00:00
ACC0001199,kevin28@ybl,SBI,1289,minimal,2023-01-20 08:00:00
ACC0001200,jack58@ybl,HDFC,1118,full,2023-07-10 08:00:00
ACC0001201,rsahni@oksbi,SBI,1380,minimal,2022-10-21 08:00:00
ACC0001202,pahal08@okaxis,BOB,1616,full,2022-02-27 08:00:00
ACC0001203,bakshilakshmi@ybl,BOB,118,full,2026-04-05 08:00:00
ACC0001204,chatreshbhalla@okaxis,BOB,1673,full,2022-01-01 08:00:00
ACC0001205,amaradyal@ybl,HDFC,1677,full,2021-12-28 08:00:00
ACC0001206,zashil20@okaxis,Axis,551,minimal,2025-01-27 08:00:00
ACC0001207,samar80@okicici,BOB,201,full,2026-01-12 08:00:00
ACC0001208,sneha19@okhdfcbank,HDFC,41,full,2026-06-21 08:00:00
ACC0001209,lopakhanna@oksbi,Kotak,798,full,2024-05-25 08:00:00
ACC0001210,champak66@oksbi,BOB,248,full,2025-11-26 08:00:00
ACC0001211,jmunshi@okicici,BOB,549,full,2025-01-29 08:00:00
ACC0001212,aryazayan@okicici,BOB,1283,minimal,2023-01-26 08:00:00
ACC0001213,saanvikar@ybl,Paytm Payments Bank,876,full,2024-03-08 08:00:00
ACC0001214,ronith34@ybl,Paytm Payments Bank,1175,full,2023-05-14 08:00:00
ACC0001215,rgoel@ybl,Kotak,658,minimal,2024-10-12 08:00:00
ACC0001216,groveroscar@oksbi,HDFC,845,full,2024-04-08 08:00:00
ACC0001217,purohitbanjeet@oksbi,HDFC,944,full,2023-12-31 08:00:00
ACC0001218,jmallick@okicici,SBI,850,full,2024-04-03 08:00:00
ACC0001219,kalpit29@okhdfcbank,HDFC,1332,minimal,2022-12-08 08:00:00
ACC0001220,abdul57@ybl,BOB,995,full,2023-11-10 08:00:00
ACC0001221,balveerdube@oksbi,Kotak,568,full,2025-01-10 08:00:00
ACC0001222,charan94@okaxis,BOB,107,full,2026-04-16 08:00:00
ACC0001223,eparmar@okicici,SBI,1097,minimal,2023-07-31 08:00:00
ACC0001224,thomas28@oksbi,Paytm Payments Bank,1709,full,2021-11-26 08:00:00
ACC0001225,tiwarinathaniel@ybl,PNB,443,full,2025-05-15 08:00:00
ACC0001226,zyadav@ybl,Axis,1635,full,2022-02-08 08:00:00
ACC0001227,pallatimothy@okhdfcbank,Kotak,1410,full,2022-09-21 08:00:00
ACC0001228,garimanarula@oksbi,HDFC,30,none,2026-07-02 08:00:00
ACC0001229,chaaya39@okaxis,Kotak,1626,full,2022-02-17 08:00:00
ACC0001230,handra@ybl,Axis,860,full,2024-03-24 08:00:00
ACC0001231,sanaya39@okhdfcbank,HDFC,1539,full,2022-05-15 08:00:00
ACC0001232,balveernagi@ybl,Kotak,1517,full,2022-06-06 08:00:00
ACC0001233,ycomar@okicici,Axis,1700,full,2021-12-05 08:00:00
ACC0001234,barkha08@okaxis,BOB,428,full,2025-05-30 08:00:00
ACC0001235,yoshita87@oksbi,BOB,564,full,2025-01-14 08:00:00
ACC0001236,sbassi@okhdfcbank,PNB,1174,full,2023-05-15 08:00:00
ACC0001237,ekanivarkey@ybl,PNB,269,minimal,2025-11-05 08:00:00
ACC0001238,charoliver@ybl,PNB,1695,full,2021-12-10 08:00:00
ACC0001239,bhattishivansh@ybl,Paytm Payments Bank,802,minimal,2024-05-21 08:00:00
ACC0001240,paninichawla@okicici,Paytm Payments Bank,1581,full,2022-04-03 08:00:00
ACC0001241,radhikabora@ybl,SBI,1866,full,2021-06-22 08:00:00
ACC0001242,arjunsharaf@okhdfcbank,BOB,558,full,2025-01-20 08:00:00
ACC0001243,baljiwan11@oksbi,Kotak,481,full,2025-04-07 08:00:00
ACC0001244,gokhalezayan@ybl,SBI,753,full,2024-07-09 08:00:00
ACC0001245,kariaarna@oksbi,PNB,569,full,2025-01-09 08:00:00
ACC0001246,crama@okicici,HDFC,1409,full,2022-09-22 08:00:00
ACC0001247,usant@okaxis,Kotak,395,full,2025-07-02 08:00:00
ACC0001248,ramachandranjagat@ybl,PNB,1861,full,2021-06-27 08:00:00
ACC0001249,bhatnagarchakradev@oksbi,Paytm Payments Bank,1558,full,2022-04-26 08:00:00
ACC0001250,parmaryadavi@oksbi,PNB,510,full,2025-03-09 08:00:00
ACC0001251,manncharvi@oksbi,Kotak,445,full,2025-05-13 08:00:00
ACC0001252,mandaraksha@okhdfcbank,HDFC,248,full,2025-11-26 08:00:00
ACC0001253,qrana@okaxis,SBI,1388,minimal,2022-10-13 08:00:00
ACC0001254,somnaksh@okhdfcbank,Paytm Payments Bank,1138,full,2023-06-20 08:00:00
ACC0001255,labanraman@okaxis,PNB,675,full,2024-09-25 08:00:00
ACC0001256,maanas45@ybl,PNB,1595,full,2022-03-20 08:00:00
ACC0001257,dhaliwaljatin@ybl,ICICI,1566,full,2022-04-18 08:00:00
ACC0001258,ahluwaliameera@okaxis,Paytm Payments Bank,1666,minimal,2022-01-08 08:00:00
ACC0001259,modyshivansh@ybl,Kotak,96,full,2026-04-27 08:00:00
ACC0001260,siddharth68@oksbi,Paytm Payments Bank,1435,none,2022-08-27 08:00:00
ACC0001261,naveengour@ybl,Paytm Payments Bank,1460,full,2022-08-02 08:00:00
ACC0001262,zayyanhari@okhdfcbank,Axis,47,full,2026-06-15 08:00:00
ACC0001263,gollachatura@okicici,Kotak,236,full,2025-12-08 08:00:00
ACC0001264,sbora@oksbi,PNB,561,full,2025-01-17 08:00:00
ACC0001265,krishnaguneet@ybl,Kotak,995,full,2023-11-10 08:00:00
ACC0001266,vidhinarayanan@okaxis,Axis,1051,full,2023-09-15 08:00:00
ACC0001267,kabir31@okicici,Kotak,1570,minimal,2022-04-14 08:00:00
ACC0001268,ekaraj35@okaxis,ICICI,602,full,2024-12-07 08:00:00
ACC0001269,vseshadri@oksbi,HDFC,1209,full,2023-04-10 08:00:00
ACC0001270,michael99@oksbi,BOB,1676,minimal,2021-12-29 08:00:00
ACC0001271,diya62@oksbi,ICICI,431,full,2025-05-27 08:00:00
ACC0001272,munshiyatin@oksbi,BOB,49,full,2026-06-13 08:00:00
ACC0001273,rajatamalhotra@ybl,Kotak,1859,minimal,2021-06-29 08:00:00
ACC0001274,krish57@okicici,SBI,644,full,2024-10-26 08:00:00
ACC0001275,wsehgal@oksbi,SBI,1444,full,2022-08-18 08:00:00
ACC0001276,vidhi81@okaxis,HDFC,550,full,2025-01-28 08:00:00
ACC0001277,finnmand@okicici,Kotak,715,full,2024-08-16 08:00:00
ACC0001278,ronithlall@okicici,Kotak,1171,full,2023-05-18 08:00:00
ACC0001279,borraanirudh@okicici,Axis,278,full,2025-10-27 08:00:00
ACC0001280,ravelsimon@ybl,ICICI,1360,none,2022-11-10 08:00:00
ACC0001281,ladurmi@okicici,Kotak,612,full,2024-11-27 08:00:00
ACC0001282,jasmitramanathan@okaxis,HDFC,1028,full,2023-10-08 08:00:00
ACC0001283,binadesai@okaxis,ICICI,616,minimal,2024-11-23 08:00:00
ACC0001284,gthaker@okicici,BOB,1341,full,2022-11-29 08:00:00
ACC0001285,ranganathanjanuja@okaxis,HDFC,1200,full,2023-04-19 08:00:00
ACC0001286,kharenoah@oksbi,Kotak,733,full,2024-07-29 08:00:00
ACC0001287,sanayadutta@okicici,BOB,626,full,2024-11-13 08:00:00
ACC0001288,madhavsule@okicici,Paytm Payments Bank,941,full,2024-01-03 08:00:00
ACC0001289,banjeet37@okhdfcbank,ICICI,406,full,2025-06-21 08:00:00
ACC0001290,devlalla@okicici,HDFC,1385,full,2022-10-16 08:00:00
ACC0001291,vivaan03@okhdfcbank,HDFC,843,full,2024-04-10 08:00:00
ACC0001292,lipika77@okaxis,SBI,1829,full,2021-07-29 08:00:00
ACC0001293,baralekiya@ybl,HDFC,843,full,2024-04-10 08:00:00
ACC0001294,vermaanusha@oksbi,HDFC,1295,full,2023-01-14 08:00:00
ACC0001295,owen66@okaxis,PNB,1843,full,2021-07-15 08:00:00
ACC0001296,faras84@okicici,Paytm Payments Bank,1540,full,2022-05-14 08:00:00
ACC0001297,hkapoor@ybl,ICICI,298,full,2025-10-07 08:00:00
ACC0001298,wpandit@okicici,Kotak,1388,minimal,2022-10-13 08:00:00
ACC0001299,msubramaniam@ybl,PNB,986,full,2023-11-19 08:00:00
ACC0001300,thakerliam@ybl,ICICI,306,full,2025-09-29 08:00:00
ACC0001301,ogandhi@ybl,BOB,965,full,2023-12-10 08:00:00
ACC0001302,varkeyavni@ybl,PNB,1339,minimal,2022-12-01 08:00:00
ACC0001303,masongrover@ybl,Axis,1016,minimal,2023-10-20 08:00:00
ACC0001304,janakidani@okicici,Kotak,934,full,2024-01-10 08:00:00
ACC0001305,oeshinarayanan@okicici,SBI,348,full,2025-08-18 08:00:00
ACC0001306,subramaniamvarenya@oksbi,Kotak,1699,full,2021-12-06 08:00:00
ACC0001307,lkade@okhdfcbank,Paytm Payments Bank,1125,minimal,2023-07-03 08:00:00
ACC0001308,nirjabains@okicici,SBI,1007,minimal,2023-10-29 08:00:00
ACC0001309,calebdatta@okicici,Axis,1664,minimal,2022-01-10 08:00:00
ACC0001310,krishvala@okicici,Axis,1152,full,2023-06-06 08:00:00
ACC0001311,dindaksh@okaxis,BOB,1178,full,2023-05-11 08:00:00
ACC0001312,aarnagole@okaxis,BOB,1494,full,2022-06-29 08:00:00
ACC0001313,ubahl@okaxis,Axis,192,full,2026-01-21 08:00:00
ACC0001314,frederick37@ybl,PNB,1668,full,2022-01-06 08:00:00
ACC0001315,ksubramaniam@ybl,PNB,1551,full,2022-05-03 08:00:00
ACC0001316,nirjadhar@okhdfcbank,ICICI,1777,full,2021-09-19 08:00:00
ACC0001317,yastilalla@okaxis,Paytm Payments Bank,256,full,2025-11-18 08:00:00
ACC0001318,hemasetty@okaxis,Axis,1305,full,2023-01-04 08:00:00
ACC0001319,karpekritika@okhdfcbank,SBI,341,full,2025-08-25 08:00:00
ACC0001320,gdeo@okicici,PNB,239,full,2025-12-05 08:00:00
ACC0001321,jainyamini@okhdfcbank,Axis,927,full,2024-01-17 08:00:00
ACC0001322,mdoctor@okaxis,Axis,60,full,2026-06-02 08:00:00
ACC0001323,goelvamakshi@okaxis,Kotak,668,full,2024-10-02 08:00:00
ACC0001324,waliyahvi@okhdfcbank,Kotak,1650,full,2022-01-24 08:00:00
ACC0001325,chandervasatika@oksbi,SBI,1567,full,2022-04-17 08:00:00
ACC0001326,aaravsankar@okhdfcbank,Paytm Payments Bank,833,full,2024-04-20 08:00:00
ACC0001327,cprabhakar@okicici,BOB,1864,minimal,2021-06-24 08:00:00
ACC0001328,zkarnik@oksbi,BOB,279,minimal,2025-10-26 08:00:00
ACC0001329,wraj@oksbi,SBI,937,full,2024-01-07 08:00:00
ACC0001330,sandalkrish@okhdfcbank,Axis,1535,full,2022-05-19 08:00:00
ACC0001331,vansha31@okicici,Kotak,1425,full,2022-09-06 08:00:00
ACC0001332,nilima43@okhdfcbank,HDFC,1521,full,2022-06-02 08:00:00
ACC0001333,amblejacob@okicici,Axis,1337,full,2022-12-03 08:00:00
ACC0001334,prashadsamesh@oksbi,HDFC,136,full,2026-03-18 08:00:00
ACC0001335,nilima51@okicici,SBI,919,full,2024-01-25 08:00:00
ACC0001336,poojakulkarni@ybl,HDFC,595,full,2024-12-14 08:00:00
ACC0001337,pallavi95@okhdfcbank,SBI,527,full,2025-02-20 08:00:00
ACC0001338,mekhala36@okaxis,ICICI,1444,full,2022-08-18 08:00:00
ACC0001339,xgola@oksbi,ICICI,213,full,2025-12-31 08:00:00
ACC0001340,tkulkarni@ybl,Kotak,1434,minimal,2022-08-28 08:00:00
ACC0001341,mitali21@okhdfcbank,SBI,1585,full,2022-03-30 08:00:00
ACC0001342,sanyaedwin@ybl,HDFC,345,full,2025-08-21 08:00:00
ACC0001343,kalayashoda@okicici,Kotak,506,minimal,2025-03-13 08:00:00
ACC0001344,znigam@oksbi,SBI,928,full,2024-01-16 08:00:00
ACC0001345,dyallopa@oksbi,PNB,763,minimal,2024-06-29 08:00:00
ACC0001346,chandmaanav@okaxis,PNB,1023,full,2023-10-13 08:00:00
ACC0001347,fsaran@oksbi,ICICI,1033,full,2023-10-03 08:00:00
ACC0001348,lalltristan@okaxis,PNB,692,minimal,2024-09-08 08:00:00
ACC0001349,fariq90@ybl,ICICI,1256,full,2023-02-22 08:00:00
ACC0001350,nrattan@okaxis,PNB,347,minimal,2025-08-19 08:00:00
ACC0001351,dakshesh27@okicici,Paytm Payments Bank,1139,full,2023-06-19 08:00:00
ACC0001352,manne@ybl,BOB,1336,full,2022-12-04 08:00:00
ACC0001353,robert09@okhdfcbank,Kotak,1838,minimal,2021-07-20 08:00:00
ACC0001354,omkaarbanik@okicici,HDFC,519,full,2025-02-28 08:00:00
ACC0001355,william02@okaxis,Axis,1133,full,2023-06-25 08:00:00
ACC0001356,majumdarmugdha@ybl,ICICI,1048,full,2023-09-18 08:00:00
ACC0001357,megha69@okaxis,Kotak,690,full,2024-09-10 08:00:00
ACC0001358,zarnaaurora@okhdfcbank,SBI,1101,minimal,2023-07-27 08:00:00
ACC0001359,chanabhavani@oksbi,SBI,295,full,2025-10-10 08:00:00
ACC0001360,idika43@oksbi,HDFC,1024,full,2023-10-12 08:00:00
ACC0001361,suhaniraval@okaxis,Paytm Payments Bank,1344,full,2022-11-26 08:00:00
ACC0001362,lalparth@ybl,PNB,1466,full,2022-07-27 08:00:00
ACC0001363,gtoor@ybl,HDFC,482,full,2025-04-06 08:00:00
ACC0001364,thakurchaitaly@oksbi,Paytm Payments Bank,1916,minimal,2021-05-03 08:00:00
ACC0001365,jackson84@okhdfcbank,Paytm Payments Bank,1734,minimal,2021-11-01 08:00:00
ACC0001366,saanvi69@okicici,BOB,154,minimal,2026-02-28 08:00:00
ACC0001367,wkohli@okhdfcbank,PNB,1656,full,2022-01-18 08:00:00
ACC0001368,tara79@okhdfcbank,PNB,1533,full,2022-05-21 08:00:00
ACC0001369,subramaniamjackson@ybl,HDFC,472,full,2025-04-16 08:00:00
ACC0001370,ekansh63@ybl,BOB,503,full,2025-03-16 08:00:00
ACC0001371,diyasachar@oksbi,ICICI,1107,full,2023-07-21 08:00:00
ACC0001372,zaitra80@okaxis,HDFC,1173,minimal,2023-05-16 08:00:00
ACC0001373,yuvraj41@okicici,Paytm Payments Bank,1210,full,2023-04-09 08:00:00
ACC0001374,eoommen@okhdfcbank,ICICI,904,minimal,2024-02-09 08:00:00
ACC0001375,vamakshimurthy@okaxis,Kotak,1156,full,2023-06-02 08:00:00
ACC0001376,tejas94@ybl,Paytm Payments Bank,1123,minimal,2023-07-05 08:00:00
ACC0001377,ranveertara@okicici,Kotak,1878,minimal,2021-06-10 08:00:00
ACC0001378,wahabkhurana@okaxis,Kotak,874,full,2024-03-10 08:00:00
ACC0001379,samuel33@ybl,Axis,1183,full,2023-05-06 08:00:00
ACC0001380,ishanidugal@okicici,Kotak,1156,none,2023-06-02 08:00:00
ACC0001381,darfarhan@okaxis,SBI,946,full,2023-12-29 08:00:00
ACC0001382,wahuja@ybl,SBI,612,full,2024-11-27 08:00:00
ACC0001383,subramaniamkamya@okicici,SBI,1853,full,2021-07-05 08:00:00
ACC0001384,waida94@oksbi,Kotak,484,full,2025-04-04 08:00:00
ACC0001385,wgoswami@okicici,ICICI,1713,full,2021-11-22 08:00:00
ACC0001386,mitali39@okicici,ICICI,972,full,2023-12-03 08:00:00
ACC0001387,chaturavora@ybl,Axis,781,full,2024-06-11 08:00:00
ACC0001388,isridhar@okicici,HDFC,1691,full,2021-12-14 08:00:00
ACC0001389,thakkaridika@oksbi,HDFC,1195,full,2023-04-24 08:00:00
ACC0001390,dghosh@okaxis,ICICI,1653,full,2022-01-21 08:00:00
ACC0001391,vasatriveni@ybl,HDFC,1871,full,2021-06-17 08:00:00
ACC0001392,abhiram03@okhdfcbank,BOB,645,full,2024-10-25 08:00:00
ACC0001393,uchaudhuri@okicici,Kotak,144,minimal,2026-03-10 08:00:00
ACC0001394,aashi28@okaxis,HDFC,919,minimal,2024-01-25 08:00:00
ACC0001395,warjas47@ybl,SBI,494,full,2025-03-25 08:00:00
ACC0001396,jasmit27@okaxis,SBI,1324,full,2022-12-16 08:00:00
ACC0001397,akade@okicici,ICICI,114,full,2026-04-09 08:00:00
ACC0001398,janya64@oksbi,ICICI,1459,full,2022-08-03 08:00:00
ACC0001399,kgole@okaxis,Paytm Payments Bank,1528,minimal,2022-05-26 08:00:00
ACC0001400,veerchaudhry@ybl,HDFC,1208,full,2023-04-11 08:00:00
ACC0001401,warinder86@okaxis,ICICI,623,full,2024-11-16 08:00:00
ACC0001402,jhayre@okaxis,SBI,199,full,2026-01-14 08:00:00
ACC0001403,urvashiandra@okhdfcbank,BOB,567,full,2025-01-11 08:00:00
ACC0001404,oviyatata@oksbi,ICICI,1614,full,2022-03-01 08:00:00
ACC0001405,zansiwalla@okaxis,BOB,435,full,2025-05-23 08:00:00
ACC0001406,vidhi44@ybl,Axis,431,full,2025-05-27 08:00:00
ACC0001407,raohardik@okaxis,Kotak,575,full,2025-01-03 08:00:00
ACC0001408,darpankale@okhdfcbank,HDFC,1209,full,2023-04-10 08:00:00
ACC0001409,vamakshi17@okicici,Kotak,897,full,2024-02-16 08:00:00
ACC0001410,abha55@ybl,SBI,735,minimal,2024-07-27 08:00:00
ACC0001411,hemangini06@okicici,Paytm Payments Bank,376,full,2025-07-21 08:00:00
ACC0001412,panchalrushil@okhdfcbank,Axis,932,full,2024-01-12 08:00:00
ACC0001413,bhavanipant@oksbi,HDFC,795,full,2024-05-28 08:00:00
ACC0001414,yashvi77@oksbi,ICICI,141,minimal,2026-03-13 08:00:00
ACC0001415,rajbhavini@okicici,SBI,1709,full,2021-11-26 08:00:00
ACC0001416,kdhillon@okhdfcbank,PNB,1677,full,2021-12-28 08:00:00
ACC0001417,oviya99@okicici,Axis,76,full,2026-05-17 08:00:00
ACC0001418,fbora@oksbi,PNB,463,full,2025-04-25 08:00:00
ACC0001419,hemalkari@oksbi,SBI,1305,full,2023-01-04 08:00:00
ACC0001420,edhitha44@ybl,SBI,1885,full,2021-06-03 08:00:00
ACC0001421,cmadan@okicici,Axis,153,minimal,2026-03-01 08:00:00
ACC0001422,shravya62@okicici,SBI,1295,full,2023-01-14 08:00:00
ACC0001423,arindass@okhdfcbank,HDFC,1965,full,2021-03-15 08:00:00
ACC0001424,zayanbuch@okicici,HDFC,585,full,2024-12-24 08:00:00
ACC0001425,ojasranganathan@okaxis,Axis,1806,none,2021-08-21 08:00:00
ACC0001426,chandrandevansh@okhdfcbank,Kotak,1071,full,2023-08-26 08:00:00
ACC0001427,bbhagat@ybl,HDFC,1252,full,2023-02-26 08:00:00
ACC0001428,wviswanathan@okaxis,SBI,1055,full,2023-09-11 08:00:00
ACC0001429,chawlaadweta@ybl,PNB,1918,full,2021-05-01 08:00:00
ACC0001430,fradoramakrishnan@oksbi,SBI,835,full,2024-04-18 08:00:00
ACC0001431,veer34@okicici,PNB,750,full,2024-07-12 08:00:00
ACC0001432,idate@okicici,SBI,1056,full,2023-09-10 08:00:00
ACC0001433,ayushbanerjee@okaxis,SBI,1829,minimal,2021-07-29 08:00:00
ACC0001434,eshana77@okicici,Axis,1973,full,2021-03-07 08:00:00
ACC0001435,sai28@okaxis,ICICI,1867,full,2021-06-21 08:00:00
ACC0001436,tanmayisaran@ybl,Axis,812,full,2024-05-11 08:00:00
ACC0001437,idika78@oksbi,BOB,1203,none,2023-04-16 08:00:00
ACC0001438,gauravsathe@ybl,Kotak,1893,full,2021-05-26 08:00:00
ACC0001439,jasmit64@oksbi,ICICI,299,full,2025-10-06 08:00:00
ACC0001440,chavvianne@oksbi,ICICI,1430,full,2022-09-01 08:00:00
ACC0001441,virklaban@ybl,ICICI,1474,full,2022-07-19 08:00:00
ACC0001442,bhavini78@oksbi,ICICI,1891,full,2021-05-28 08:00:00
ACC0001443,swamyvansha@ybl,HDFC,1171,full,2023-05-18 08:00:00
ACC0001444,aditya64@oksbi,SBI,1749,minimal,2021-10-17 08:00:00
ACC0001445,abhimanyuprakash@okaxis,BOB,1832,full,2021-07-26 08:00:00
ACC0001446,nishasarkar@okicici,ICICI,1557,minimal,2022-04-27 08:00:00
ACC0001447,kkrish@oksbi,ICICI,248,full,2025-11-26 08:00:00
ACC0001448,oradhakrishnan@ybl,PNB,1283,full,2023-01-26 08:00:00
ACC0001449,fariq63@oksbi,Axis,1284,full,2023-01-25 08:00:00
ACC0001450,bhavani84@okicici,HDFC,83,full,2026-05-10 08:00:00
ACC0001451,eguha@oksbi,Paytm Payments Bank,1006,full,2023-10-30 08:00:00
ACC0001452,labanmann@oksbi,BOB,795,full,2024-05-28 08:00:00
ACC0001453,shahsneha@oksbi,Axis,311,full,2025-09-24 08:00:00
ACC0001454,vyanjana35@okhdfcbank,PNB,866,none,2024-03-18 08:00:00
ACC0001455,doshichandran@oksbi,Axis,485,full,2025-04-03 08:00:00
ACC0001456,grewalharsh@okaxis,Paytm Payments Bank,1928,full,2021-04-21 08:00:00
ACC0001457,amruta27@okaxis,Axis,1805,full,2021-08-22 08:00:00
ACC0001458,kaulgautam@okhdfcbank,BOB,1619,full,2022-02-24 08:00:00
ACC0001459,alexandertak@ybl,SBI,837,full,2024-04-16 08:00:00
ACC0001460,hemasalvi@okaxis,SBI,954,minimal,2023-12-21 08:00:00
ACC0001461,wishi57@ybl,BOB,533,none,2025-02-14 08:00:00
ACC0001462,narayananfaris@ybl,BOB,110,full,2026-04-13 08:00:00
ACC0001463,dakshlata@okhdfcbank,Axis,1321,full,2022-12-19 08:00:00
ACC0001464,ibora@okicici,PNB,845,full,2024-04-08 08:00:00
ACC0001465,mgolla@okicici,SBI,895,full,2024-02-18 08:00:00
ACC0001466,lakshmi01@oksbi,Paytm Payments Bank,1880,minimal,2021-06-08 08:00:00
ACC0001467,lekhasavant@okhdfcbank,HDFC,955,full,2023-12-20 08:00:00
ACC0001468,bahadurjitissac@ybl,ICICI,1228,full,2023-03-22 08:00:00
ACC0001469,hchandra@okaxis,SBI,692,full,2024-09-08 08:00:00
ACC0001470,urvashiramachandran@oksbi,Paytm Payments Bank,1238,full,2023-03-12 08:00:00
ACC0001471,ekantika20@oksbi,HDFC,693,full,2024-09-07 08:00:00
ACC0001472,kulkarnivasana@okaxis,Kotak,1476,full,2022-07-17 08:00:00
ACC0001473,rushil50@okaxis,ICICI,1478,full,2022-07-15 08:00:00
ACC0001474,isaiahkeer@okhdfcbank,ICICI,809,minimal,2024-05-14 08:00:00
ACC0001475,anair@oksbi,ICICI,1188,minimal,2023-05-01 08:00:00
ACC0001476,anyadar@okhdfcbank,BOB,396,full,2025-07-01 08:00:00
ACC0001477,akibe@okaxis,PNB,1525,full,2022-05-29 08:00:00
ACC0001478,somanmohammed@oksbi,Axis,270,full,2025-11-04 08:00:00
ACC0001479,gaurav32@okicici,SBI,1597,full,2022-03-18 08:00:00
ACC0001480,rchand@okaxis,SBI,1781,full,2021-09-15 08:00:00
ACC0001481,darpan05@oksbi,Axis,1040,full,2023-09-26 08:00:00
ACC0001482,hredhaandass@okaxis,BOB,1004,full,2023-11-01 08:00:00
ACC0001483,ukaul@ybl,SBI,1261,full,2023-02-17 08:00:00
ACC0001484,reva30@okicici,Axis,1150,full,2023-06-08 08:00:00
ACC0001485,uparmar@okhdfcbank,Kotak,333,full,2025-09-02 08:00:00
ACC0001486,zashilbaral@okhdfcbank,PNB,1778,full,2021-09-18 08:00:00
ACC0001487,jsarma@okhdfcbank,HDFC,209,full,2026-01-04 08:00:00
ACC0001488,vrishti39@oksbi,PNB,395,full,2025-07-02 08:00:00
ACC0001489,ijayanaik@ybl,ICICI,1446,none,2022-08-16 08:00:00
ACC0001490,mmaharaj@ybl,Kotak,1564,minimal,2022-04-20 08:00:00
ACC0001491,ekapadwali@okicici,Kotak,220,full,2025-12-24 08:00:00
ACC0001492,shivanimerchant@okhdfcbank,BOB,806,minimal,2024-05-17 08:00:00
ACC0001493,jeevika70@okicici,Paytm Payments Bank,162,full,2026-02-20 08:00:00
ACC0001494,bgoyal@okicici,Kotak,1452,full,2022-08-10 08:00:00
ACC0001495,william51@oksbi,Axis,1104,full,2023-07-24 08:00:00
ACC0001496,hgupta@ybl,HDFC,253,full,2025-11-21 08:00:00
ACC0001497,ndube@ybl,PNB,1440,full,2022-08-22 08:00:00
ACC0001498,ekantika65@okicici,PNB,1766,full,2021-09-30 08:00:00
ACC0001499,charekalinga@okicici,ICICI,1306,full,2023-01-03 08:00:00
ACC0001500,dayalpranav@ybl,Paytm Payments Bank,1046,full,2023-09-20 08:00:00
ACC0001501,jaggihredhaan@ybl,Axis,398,full,2025-06-29 08:00:00
ACC0001502,ghanda@okhdfcbank,HDFC,426,full,2025-06-01 08:00:00
ACC0001503,ramavrishti@okhdfcbank,Axis,1310,minimal,2022-12-30 08:00:00
ACC0001504,chandran53@okaxis,SBI,879,full,2024-03-05 08:00:00
ACC0001505,aryasathvik@oksbi,SBI,1177,full,2023-05-12 08:00:00
ACC0001506,dbuch@okicici,PNB,1443,minimal,2022-08-19 08:00:00
ACC0001507,patelojasvi@okicici,Kotak,660,minimal,2024-10-10 08:00:00
ACC0001508,dalbir94@okicici,Kotak,263,full,2025-11-11 08:00:00
ACC0001509,bobaldaksha@ybl,SBI,1195,minimal,2023-04-24 08:00:00
ACC0001510,kalitazilmil@okicici,Kotak,427,minimal,2025-05-31 08:00:00
ACC0001511,chaudhurivihaan@okaxis,SBI,1011,full,2023-10-25 08:00:00
ACC0001512,mgupta@oksbi,Paytm Payments Bank,1016,minimal,2023-10-20 08:00:00
ACC0001513,praneelsagar@okicici,Paytm Payments Bank,1129,minimal,2023-06-29 08:00:00
ACC0001514,parmartara@okhdfcbank,PNB,877,full,2024-03-07 08:00:00
ACC0001515,kchawla@okicici,SBI,1418,full,2022-09-13 08:00:00
ACC0001516,neelimathaman@okicici,Kotak,1433,full,2022-08-29 08:00:00
ACC0001517,nakul89@okicici,SBI,335,full,2025-08-31 08:00:00
ACC0001518,upandey@ybl,ICICI,798,full,2024-05-25 08:00:00
ACC0001519,kamya66@oksbi,HDFC,827,minimal,2024-04-26 08:00:00
ACC0001520,wridesh98@okicici,Kotak,1569,full,2022-04-15 08:00:00
ACC0001521,keyakumar@okaxis,HDFC,586,full,2024-12-23 08:00:00
ACC0001522,sneha76@okicici,Paytm Payments Bank,516,minimal,2025-03-03 08:00:00
ACC0001523,banerjeebhavani@oksbi,PNB,649,full,2024-10-21 08:00:00
ACC0001524,vasakrishna@okhdfcbank,Axis,796,minimal,2024-05-27 08:00:00
ACC0001525,abeer43@ybl,SBI,938,minimal,2024-01-06 08:00:00
ACC0001526,divyabains@ybl,ICICI,1883,full,2021-06-05 08:00:00
ACC0001527,yasti89@okaxis,PNB,1921,minimal,2021-04-28 08:00:00
ACC0001528,girindrabarad@okhdfcbank,ICICI,323,full,2025-09-12 08:00:00
ACC0001529,jparekh@okaxis,BOB,104,full,2026-04-19 08:00:00
ACC0001530,alkaperi@okhdfcbank,SBI,1099,full,2023-07-29 08:00:00
ACC0001531,virajkunda@ybl,HDFC,120,full,2026-04-03 08:00:00
ACC0001532,george96@okhdfcbank,HDFC,1851,full,2021-07-07 08:00:00
ACC0001533,farasnair@okicici,SBI,1379,full,2022-10-22 08:00:00
ACC0001534,fghose@oksbi,Kotak,669,full,2024-10-01 08:00:00
ACC0001535,mitalbaljiwan@okicici,Kotak,616,minimal,2024-11-23 08:00:00
ACC0001536,xbrar@okhdfcbank,PNB,1404,full,2022-09-27 08:00:00
ACC0001537,nattijaya@okhdfcbank,SBI,590,none,2024-12-19 08:00:00
ACC0001538,hsaha@ybl,HDFC,1176,full,2023-05-13 08:00:00
ACC0001539,advayraja@ybl,Kotak,747,full,2024-07-15 08:00:00
ACC0001540,modybenjamin@okicici,Axis,1961,full,2021-03-19 08:00:00
ACC0001541,mason58@ybl,Kotak,667,full,2024-10-03 08:00:00
ACC0001542,michaelbedi@oksbi,SBI,133,full,2026-03-21 08:00:00
ACC0001543,wsehgal@okhdfcbank,HDFC,1413,full,2022-09-18 08:00:00
ACC0001544,kapadiarachana@okaxis,BOB,206,full,2026-01-07 08:00:00
ACC0001545,meera22@ybl,Paytm Payments Bank,1250,full,2023-02-28 08:00:00
ACC0001546,fitan79@okicici,Axis,669,full,2024-10-01 08:00:00
ACC0001547,rastogiadweta@ybl,HDFC,1403,none,2022-09-28 08:00:00
ACC0001548,rastogiyachana@okaxis,ICICI,1577,full,2022-04-07 08:00:00
ACC0001549,wde@okaxis,HDFC,1673,full,2022-01-01 08:00:00
ACC0001550,vasanahora@okaxis,Paytm Payments Bank,1431,full,2022-08-31 08:00:00
ACC0001551,prana@oksbi,PNB,488,minimal,2025-03-31 08:00:00
ACC0001552,yatinkibe@oksbi,Kotak,832,minimal,2024-04-21 08:00:00
ACC0001553,lataqushi@okicici,Paytm Payments Bank,1837,full,2021-07-21 08:00:00
ACC0001554,gaurav16@okaxis,HDFC,163,full,2026-02-19 08:00:00
ACC0001555,wpau@oksbi,PNB,974,minimal,2023-12-01 08:00:00
ACC0001556,ekanipadmanabhan@ybl,ICICI,1267,full,2023-02-11 08:00:00
ACC0001557,modyomkaar@okhdfcbank,Kotak,860,full,2024-03-24 08:00:00
ACC0001558,riya92@okicici,Paytm Payments Bank,175,full,2026-02-07 08:00:00
ACC0001559,obasu@oksbi,Axis,876,full,2024-03-08 08:00:00
ACC0001560,kashvidugal@okaxis,HDFC,1017,full,2023-10-19 08:00:00
ACC0001561,chowdhurychatura@ybl,BOB,1696,minimal,2021-12-09 08:00:00
ACC0001562,manbirmani@ybl,Kotak,921,full,2024-01-23 08:00:00
ACC0001563,ozaindrajit@oksbi,HDFC,513,full,2025-03-06 08:00:00
ACC0001564,shivani70@ybl,Paytm Payments Bank,1487,full,2022-07-06 08:00:00
ACC0001565,shaurya83@okaxis,Kotak,1250,full,2023-02-28 08:00:00
ACC0001566,aarnasubramanian@okaxis,ICICI,1713,full,2021-11-22 08:00:00
ACC0001567,andrewpuri@okhdfcbank,HDFC,861,full,2024-03-23 08:00:00
ACC0001568,kumeronkar@okaxis,Kotak,1251,full,2023-02-27 08:00:00
ACC0001569,mandersai@okhdfcbank,HDFC,1382,full,2022-10-19 08:00:00
ACC0001570,chatresh70@ybl,SBI,314,minimal,2025-09-21 08:00:00
ACC0001571,ramaanika@oksbi,Paytm Payments Bank,1383,full,2022-10-18 08:00:00
ACC0001572,hritik04@ybl,Paytm Payments Bank,828,full,2024-04-25 08:00:00
ACC0001573,ykashyap@okicici,PNB,1425,full,2022-09-06 08:00:00
ACC0001574,muttivedhika@okicici,BOB,1900,full,2021-05-19 08:00:00
ACC0001575,grewalrushil@okicici,HDFC,1904,full,2021-05-15 08:00:00
ACC0001576,cbains@ybl,BOB,1282,minimal,2023-01-27 08:00:00
ACC0001577,dalajanath@okicici,SBI,1775,full,2021-09-21 08:00:00
ACC0001578,vramaswamy@okhdfcbank,SBI,1154,full,2023-06-04 08:00:00
ACC0001579,andrewpalan@okicici,HDFC,1710,minimal,2021-11-25 08:00:00
ACC0001580,isha43@okhdfcbank,Axis,1802,full,2021-08-25 08:00:00
ACC0001581,david46@okaxis,Kotak,1238,full,2023-03-12 08:00:00
ACC0001582,mammenumang@okaxis,BOB,861,full,2024-03-23 08:00:00
ACC0001583,haritaramaswamy@oksbi,Paytm Payments Bank,1386,full,2022-10-15 08:00:00
ACC0001584,gaganraja@okaxis,Kotak,1167,minimal,2023-05-22 08:00:00
ACC0001585,omishakhosla@okicici,ICICI,345,full,2025-08-21 08:00:00
ACC0001586,poojamuni@okhdfcbank,ICICI,176,full,2026-02-06 08:00:00
ACC0001587,saumya82@okaxis,ICICI,1026,full,2023-10-10 08:00:00
ACC0001588,lakshitjain@okaxis,Paytm Payments Bank,1345,minimal,2022-11-25 08:00:00
ACC0001589,dayamaiviswanathan@ybl,BOB,1454,full,2022-08-08 08:00:00
ACC0001590,qushidhillon@ybl,BOB,960,full,2023-12-15 08:00:00
ACC0001591,eeshabir@okaxis,Kotak,951,full,2023-12-24 08:00:00
ACC0001592,goureesha@ybl,SBI,899,full,2024-02-14 08:00:00
ACC0001593,ayushmannagar@oksbi,PNB,1764,full,2021-10-02 08:00:00
ACC0001594,tsabharwal@ybl,Kotak,1148,full,2023-06-10 08:00:00
ACC0001595,jmahal@ybl,Paytm Payments Bank,107,full,2026-04-16 08:00:00
ACC0001596,hredhaandeep@ybl,Paytm Payments Bank,261,none,2025-11-13 08:00:00
ACC0001597,atharvloke@oksbi,PNB,193,full,2026-01-20 08:00:00
ACC0001598,vincentkashyap@ybl,HDFC,190,full,2026-01-23 08:00:00
ACC0001599,parmerfariq@okhdfcbank,PNB,1321,full,2022-12-19 08:00:00
ACC0001600,gdesai@okicici,SBI,1880,full,2021-06-08 08:00:00
ACC0001601,lprakash@okaxis,Kotak,1079,full,2023-08-18 08:00:00
ACC0001602,eswamy@okicici,PNB,1997,full,2021-02-11 08:00:00
ACC0001603,nihalhans@ybl,PNB,1453,full,2022-08-09 08:00:00
ACC0001604,bachittarrege@okicici,SBI,1184,full,2023-05-05 08:00:00
ACC0001605,madannitara@oksbi,SBI,1214,full,2023-04-05 08:00:00
ACC0001606,samakshjayaraman@ybl,SBI,627,full,2024-11-12 08:00:00
ACC0001607,goelreva@oksbi,HDFC,198,minimal,2026-01-15 08:00:00
ACC0001608,dnair@okicici,ICICI,599,full,2024-12-10 08:00:00
ACC0001609,prisharavel@okicici,SBI,593,full,2024-12-16 08:00:00
ACC0001610,raidhriti@oksbi,ICICI,1266,full,2023-02-12 08:00:00
ACC0001611,hyadav@oksbi,PNB,787,minimal,2024-06-05 08:00:00
ACC0001612,vermaikbal@okaxis,ICICI,513,minimal,2025-03-06 08:00:00
ACC0001613,cshan@okhdfcbank,Kotak,1795,none,2021-09-01 08:00:00
ACC0001614,zilmilyogi@ybl,ICICI,327,minimal,2025-09-08 08:00:00
ACC0001615,jbaral@okaxis,BOB,1571,full,2022-04-13 08:00:00
ACC0001616,wvarty@oksbi,Axis,931,full,2024-01-13 08:00:00
ACC0001617,guptabishakha@okicici,SBI,1754,full,2021-10-12 08:00:00
ACC0001618,trao@okhdfcbank,SBI,1577,full,2022-04-07 08:00:00
ACC0001619,triya26@okaxis,PNB,846,full,2024-04-07 08:00:00
ACC0001620,chatura82@ybl,Axis,1972,full,2021-03-08 08:00:00
ACC0001621,fseth@okaxis,Paytm Payments Bank,1475,full,2022-07-18 08:00:00
ACC0001622,golekrishna@okaxis,SBI,1116,full,2023-07-12 08:00:00
ACC0001623,usachdev@okaxis,BOB,1662,full,2022-01-12 08:00:00
ACC0001624,lbakshi@ybl,SBI,1999,full,2021-02-09 08:00:00
ACC0001625,djaggi@okicici,BOB,1118,full,2023-07-10 08:00:00
ACC0001626,krishnaekiya@okicici,Kotak,1365,full,2022-11-05 08:00:00
ACC0001627,jatinchand@okhdfcbank,PNB,1673,full,2022-01-01 08:00:00
ACC0001628,senguptajanani@okaxis,Axis,831,full,2024-04-22 08:00:00
ACC0001629,viswanathanleena@oksbi,Kotak,1235,full,2023-03-15 08:00:00
ACC0001630,kritikarai@okicici,SBI,398,full,2025-06-29 08:00:00
ACC0001631,gardegautami@okhdfcbank,SBI,1733,full,2021-11-02 08:00:00
ACC0001632,nicholasdhillon@okhdfcbank,Paytm Payments Bank,1105,full,2023-07-23 08:00:00
ACC0001633,charansaini@okicici,PNB,1515,full,2022-06-08 08:00:00
ACC0001634,dayamai74@ybl,HDFC,78,full,2026-05-15 08:00:00
ACC0001635,jacobdeep@oksbi,HDFC,1246,full,2023-03-04 08:00:00
ACC0001636,aarushkulkarni@okhdfcbank,ICICI,275,full,2025-10-30 08:00:00
ACC0001637,shankerwidisha@ybl,ICICI,1594,minimal,2022-03-21 08:00:00
ACC0001638,mahluwalia@oksbi,PNB,1454,full,2022-08-08 08:00:00
ACC0001639,nkhanna@okhdfcbank,Paytm Payments Bank,1382,minimal,2022-10-19 08:00:00
ACC0001640,asetty@okaxis,Kotak,596,full,2024-12-13 08:00:00
ACC0001641,mbuch@okhdfcbank,PNB,1628,minimal,2022-02-15 08:00:00
ACC0001642,kondaarunima@okaxis,Kotak,813,none,2024-05-10 08:00:00
ACC0001643,chandrangoyal@okicici,ICICI,558,full,2025-01-20 08:00:00
ACC0001644,christopherpalla@oksbi,BOB,1037,full,2023-09-29 08:00:00
ACC0001645,dhillonbachittar@okhdfcbank,ICICI,1037,full,2023-09-29 08:00:00
ACC0001646,garima10@oksbi,HDFC,913,minimal,2024-01-31 08:00:00
ACC0001647,sahapranav@okicici,HDFC,1495,full,2022-06-28 08:00:00
ACC0001648,bhavanigoel@ybl,PNB,174,minimal,2026-02-08 08:00:00
ACC0001649,cparsa@okaxis,ICICI,68,full,2026-05-25 08:00:00
ACC0001650,mistryekantika@okhdfcbank,BOB,31,full,2026-07-01 08:00:00
ACC0001651,ladli16@okicici,BOB,1463,full,2022-07-30 08:00:00
ACC0001652,masterurishilla@okaxis,Paytm Payments Bank,1085,full,2023-08-12 08:00:00
ACC0001653,jairajmaharaj@okhdfcbank,Axis,1758,full,2021-10-08 08:00:00
ACC0001654,odika83@okaxis,HDFC,1984,full,2021-02-24 08:00:00
ACC0001655,dalbirchopra@okicici,Kotak,1944,full,2021-04-05 08:00:00
ACC0001656,sulebhavna@okhdfcbank,HDFC,850,full,2024-04-03 08:00:00
ACC0001657,qnadig@okicici,HDFC,1777,minimal,2021-09-19 08:00:00
ACC0001658,kai99@okicici,Axis,1587,full,2022-03-28 08:00:00
ACC0001659,uvenkatesh@okaxis,Axis,110,full,2026-04-13 08:00:00
ACC0001660,ztailor@okhdfcbank,Kotak,828,full,2024-04-25 08:00:00
ACC0001661,virajmannan@okaxis,Axis,1842,full,2021-07-16 08:00:00
ACC0001662,aaravdani@okhdfcbank,Axis,425,full,2025-06-02 08:00:00
ACC0001663,shroffjacob@ybl,PNB,159,full,2026-02-23 08:00:00
ACC0001664,oeshisachdev@okaxis,SBI,1738,full,2021-10-28 08:00:00
ACC0001665,nathinaya@okicici,SBI,144,full,2026-03-10 08:00:00
ACC0001666,advayjaggi@ybl,Paytm Payments Bank,463,minimal,2025-04-25 08:00:00
ACC0001667,aachal14@ybl,ICICI,1812,full,2021-08-15 08:00:00
ACC0001668,yashawini85@okhdfcbank,SBI,507,full,2025-03-12 08:00:00
ACC0001669,comargauri@okhdfcbank,Paytm Payments Bank,1031,minimal,2023-10-05 08:00:00
ACC0001670,meghana99@okhdfcbank,Axis,1296,full,2023-01-13 08:00:00
ACC0001671,gillrishi@okhdfcbank,ICICI,297,full,2025-10-08 08:00:00
ACC0001672,hamsini77@okicici,HDFC,1882,full,2021-06-06 08:00:00
ACC0001673,deshpandevasatika@ybl,HDFC,379,minimal,2025-07-18 08:00:00
ACC0001674,triveniyadav@okhdfcbank,Paytm Payments Bank,247,full,2025-11-27 08:00:00
ACC0001675,turvi60@oksbi,HDFC,1290,minimal,2023-01-19 08:00:00
ACC0001676,diya88@okicici,BOB,902,full,2024-02-11 08:00:00
ACC0001677,joshigarima@ybl,ICICI,1431,full,2022-08-31 08:00:00
ACC0001678,dominic24@oksbi,SBI,1654,full,2022-01-20 08:00:00
ACC0001679,norikeya@okhdfcbank,HDFC,717,full,2024-08-14 08:00:00
ACC0001680,lopagrover@okaxis,ICICI,1581,full,2022-04-03 08:00:00
ACC0001681,morardivya@oksbi,Paytm Payments Bank,1163,full,2023-05-26 08:00:00
ACC0001682,magarodika@okhdfcbank,ICICI,1221,full,2023-03-29 08:00:00
ACC0001683,tanejawazir@ybl,BOB,1765,minimal,2021-10-01 08:00:00
ACC0001684,siya43@okaxis,HDFC,62,full,2026-05-31 08:00:00
ACC0001685,parth15@okhdfcbank,PNB,397,full,2025-06-30 08:00:00
ACC0001686,jaggigeorge@okaxis,ICICI,1683,full,2021-12-22 08:00:00
ACC0001687,btoor@okicici,Paytm Payments Bank,1340,full,2022-11-30 08:00:00
ACC0001688,jtella@oksbi,SBI,1951,full,2021-03-29 08:00:00
ACC0001689,harinisule@okaxis,HDFC,1498,full,2022-06-25 08:00:00
ACC0001690,falak21@okicici,Kotak,1632,full,2022-02-11 08:00:00
ACC0001691,sameshbansal@oksbi,Axis,1172,full,2023-05-17 08:00:00
ACC0001692,tram@okhdfcbank,Kotak,1115,minimal,2023-07-13 08:00:00
ACC0001693,agrawaldeepa@ybl,Axis,1135,full,2023-06-23 08:00:00
ACC0001694,chahalgauri@oksbi,PNB,1312,full,2022-12-28 08:00:00
ACC0001695,gbatra@oksbi,Paytm Payments Bank,260,full,2025-11-14 08:00:00
ACC0001696,arin94@okhdfcbank,SBI,357,full,2025-08-09 08:00:00
ACC0001697,ekaniiyer@oksbi,BOB,613,full,2024-11-26 08:00:00
ACC0001698,bhavinimalhotra@okaxis,SBI,1293,full,2023-01-16 08:00:00
ACC0001699,ridhi14@ybl,ICICI,137,full,2026-03-17 08:00:00
ACC0001700,nakulmahal@okaxis,HDFC,89,full,2026-05-04 08:00:00
ACC0001701,aurorayoshita@okaxis,Kotak,511,full,2025-03-08 08:00:00
ACC0001702,jhaveriinaya@okicici,Axis,1560,minimal,2022-04-24 08:00:00
ACC0001703,anika24@oksbi,HDFC,697,full,2024-09-03 08:00:00
ACC0001704,onveerbobal@oksbi,BOB,874,minimal,2024-03-10 08:00:00
ACC0001705,hamsini87@okaxis,Paytm Payments Bank,180,full,2026-02-02 08:00:00
ACC0001706,deayush@oksbi,Axis,922,minimal,2024-01-22 08:00:00
ACC0001707,gbedi@oksbi,BOB,961,full,2023-12-14 08:00:00
ACC0001708,fbhagat@oksbi,Kotak,967,none,2023-12-08 08:00:00
ACC0001709,lramanathan@okicici,ICICI,444,full,2025-05-14 08:00:00
ACC0001710,tparekh@okhdfcbank,PNB,1194,full,2023-04-25 08:00:00
ACC0001711,rudra81@okaxis,Paytm Payments Bank,1774,full,2021-09-22 08:00:00
ACC0001712,fdeep@okicici,Axis,1587,minimal,2022-03-28 08:00:00
ACC0001713,dchatterjee@oksbi,ICICI,1266,full,2023-02-12 08:00:00
ACC0001714,udyati73@oksbi,HDFC,1162,full,2023-05-27 08:00:00
ACC0001715,maanaskuruvilla@okaxis,Axis,1098,full,2023-07-30 08:00:00
ACC0001716,manya25@okaxis,PNB,1744,full,2021-10-22 08:00:00
ACC0001717,sudiksha70@oksbi,Axis,906,full,2024-02-07 08:00:00
ACC0001718,somanisaiah@oksbi,ICICI,1216,minimal,2023-04-03 08:00:00
ACC0001719,varenya72@okhdfcbank,BOB,1869,none,2021-06-19 08:00:00
ACC0001720,ijaya99@okaxis,SBI,112,full,2026-04-11 08:00:00
ACC0001721,yashodachauhan@okaxis,HDFC,837,full,2024-04-16 08:00:00
ACC0001722,uchhabra@okhdfcbank,SBI,522,full,2025-02-25 08:00:00
ACC0001723,mittaltriya@oksbi,ICICI,862,full,2024-03-22 08:00:00
ACC0001724,psachdev@okhdfcbank,SBI,519,full,2025-02-28 08:00:00
ACC0001725,nathansubramaniam@oksbi,Paytm Payments Bank,654,minimal,2024-10-16 08:00:00
ACC0001726,vbhatti@ybl,SBI,1560,none,2022-04-24 08:00:00
ACC0001727,raaginisaran@oksbi,BOB,979,full,2023-11-26 08:00:00
ACC0001728,warinder21@okicici,Paytm Payments Bank,1814,full,2021-08-13 08:00:00
ACC0001729,lcontractor@okhdfcbank,BOB,32,minimal,2026-06-30 08:00:00
ACC0001730,jnanda@ybl,SBI,711,full,2024-08-20 08:00:00
ACC0001731,saxenapatrick@okicici,Axis,1571,minimal,2022-04-13 08:00:00
ACC0001732,nidra19@ybl,Kotak,195,full,2026-01-18 08:00:00
ACC0001733,raghavanfalak@ybl,Kotak,142,minimal,2026-03-12 08:00:00
ACC0001734,fbhat@okaxis,Kotak,257,full,2025-11-17 08:00:00
ACC0001735,liamacharya@okicici,Kotak,113,full,2026-04-10 08:00:00
ACC0001736,manthansethi@okhdfcbank,Axis,1174,full,2023-05-15 08:00:00
ACC0001737,madhavi99@oksbi,HDFC,715,full,2024-08-16 08:00:00
ACC0001738,nhayre@ybl,Axis,1540,minimal,2022-05-14 08:00:00
ACC0001739,chandani94@oksbi,Kotak,1588,full,2022-03-27 08:00:00
ACC0001740,fpadmanabhan@ybl,BOB,577,full,2025-01-01 08:00:00
ACC0001741,uppalnetra@okicici,Kotak,159,full,2026-02-23 08:00:00
ACC0001742,chaitalybhatia@ybl,HDFC,1056,full,2023-09-10 08:00:00
ACC0001743,chatresh08@ybl,PNB,1119,full,2023-07-09 08:00:00
ACC0001744,imaran40@okhdfcbank,Axis,783,minimal,2024-06-09 08:00:00
ACC0001745,rachanaramesh@okhdfcbank,HDFC,967,full,2023-12-08 08:00:00
ACC0001746,lavanya66@okicici,HDFC,396,full,2025-07-01 08:00:00
ACC0001747,qkakar@okhdfcbank,ICICI,595,full,2024-12-14 08:00:00
ACC0001748,vaishnavidewan@oksbi,SBI,1821,full,2021-08-06 08:00:00
ACC0001749,leenaparsa@ybl,ICICI,1427,full,2022-09-04 08:00:00
ACC0001750,sdube@okaxis,SBI,890,full,2024-02-23 08:00:00
ACC0001751,krishapte@okhdfcbank,Axis,158,minimal,2026-02-24 08:00:00
ACC0001752,babumaanas@okicici,BOB,1094,full,2023-08-03 08:00:00
ACC0001753,isarkar@okicici,Paytm Payments Bank,1372,full,2022-10-29 08:00:00
ACC0001754,devanojasvi@ybl,Paytm Payments Bank,1457,full,2022-08-05 08:00:00
ACC0001755,nsandal@oksbi,PNB,1191,full,2023-04-28 08:00:00
ACC0001756,suhaniupadhyay@oksbi,Paytm Payments Bank,562,full,2025-01-16 08:00:00
ACC0001757,ysengupta@okhdfcbank,ICICI,620,full,2024-11-19 08:00:00
ACC0001758,upkaar26@oksbi,ICICI,963,full,2023-12-12 08:00:00
ACC0001759,tarawarjas@oksbi,ICICI,614,minimal,2024-11-25 08:00:00
ACC0001760,nirja89@oksbi,ICICI,1448,full,2022-08-14 08:00:00
ACC0001761,bahadurjit09@okicici,ICICI,114,full,2026-04-09 08:00:00
ACC0001762,hpillay@oksbi,Axis,787,full,2024-06-05 08:00:00
ACC0001763,jbuch@okicici,Kotak,101,full,2026-04-22 08:00:00
ACC0001764,udyati81@ybl,ICICI,948,full,2023-12-27 08:00:00
ACC0001765,korpalurmi@okhdfcbank,BOB,278,minimal,2025-10-27 08:00:00
ACC0001766,zachariadevika@oksbi,Paytm Payments Bank,1603,minimal,2022-03-12 08:00:00
ACC0001767,ozaadvay@okhdfcbank,Kotak,349,full,2025-08-17 08:00:00
ACC0001768,gsetty@okaxis,PNB,635,none,2024-11-04 08:00:00
ACC0001769,anarula@ybl,ICICI,1574,minimal,2022-04-10 08:00:00
ACC0001770,chaitaly42@okaxis,Kotak,1522,full,2022-06-01 08:00:00
ACC0001771,modiabha@okaxis,SBI,1528,full,2022-05-26 08:00:00
ACC0001772,solankiomkaar@okhdfcbank,PNB,1158,full,2023-05-31 08:00:00
ACC0001773,manneavi@oksbi,Paytm Payments Bank,1294,full,2023-01-15 08:00:00
ACC0001774,vedhika12@okhdfcbank,Axis,698,full,2024-09-02 08:00:00
ACC0001775,mallzayyan@okicici,Axis,484,full,2025-04-04 08:00:00
ACC0001776,avnimaharaj@okaxis,HDFC,1132,none,2023-06-26 08:00:00
ACC0001777,akshay19@oksbi,Paytm Payments Bank,837,full,2024-04-16 08:00:00
ACC0001778,matthewsekhon@ybl,SBI,1269,minimal,2023-02-09 08:00:00
ACC0001779,parth43@okaxis,ICICI,769,full,2024-06-23 08:00:00
ACC0001780,zgolla@okicici,BOB,905,full,2024-02-08 08:00:00
ACC0001781,ozafrado@okicici,Kotak,612,full,2024-11-27 08:00:00
ACC0001782,miteshtandon@ybl,HDFC,942,full,2024-01-02 08:00:00
ACC0001783,prajagopal@okaxis,BOB,1848,minimal,2021-07-10 08:00:00
ACC0001784,nganesh@oksbi,BOB,621,full,2024-11-18 08:00:00
ACC0001785,chatura41@oksbi,HDFC,878,full,2024-03-06 08:00:00
ACC0001786,ganeshucchal@okaxis,Kotak,651,full,2024-10-19 08:00:00
ACC0001787,tsoni@ybl,BOB,1996,full,2021-02-12 08:00:00
ACC0001788,owalia@okicici,BOB,868,full,2024-03-16 08:00:00
ACC0001789,eramakrishnan@ybl,ICICI,976,full,2023-11-29 08:00:00
ACC0001790,maanav86@okaxis,PNB,1734,full,2021-11-01 08:00:00
ACC0001791,manisaumya@okicici,PNB,116,full,2026-04-07 08:00:00
ACC0001792,hmutti@okaxis,Axis,1545,full,2022-05-09 08:00:00
ACC0001793,chatterjeeirya@oksbi,PNB,35,full,2026-06-27 08:00:00
ACC0001794,vmahajan@okaxis,HDFC,1341,full,2022-11-29 08:00:00
ACC0001795,amara14@okicici,BOB,1858,full,2021-06-30 08:00:00
ACC0001796,xshenoy@oksbi,SBI,1887,full,2021-06-01 08:00:00
ACC0001797,robertvenkatesh@okaxis,HDFC,597,full,2024-12-12 08:00:00
ACC0001798,pranit58@ybl,Paytm Payments Bank,770,full,2024-06-22 08:00:00
ACC0001799,anandekansh@okicici,Paytm Payments Bank,1808,none,2021-08-19 08:00:00
ACC0001800,sabharwalguneet@okhdfcbank,Kotak,1705,full,2021-11-30 08:00:00
ACC0001801,sehgalindali@okhdfcbank,PNB,1208,full,2023-04-11 08:00:00
ACC0001802,bhanumatikrishnamurthy@oksbi,Kotak,149,full,2026-03-05 08:00:00
ACC0001803,bahadurjitbajwa@oksbi,Kotak,1449,full,2022-08-13 08:00:00
ACC0001804,bhandariteerth@okicici,BOB,588,full,2024-12-21 08:00:00
ACC0001805,dargabriel@okicici,SBI,1986,full,2021-02-22 08:00:00
ACC0001806,keyagoyal@okhdfcbank,Axis,1114,minimal,2023-07-14 08:00:00
ACC0001807,gourzehaan@okhdfcbank,ICICI,405,full,2025-06-22 08:00:00
ACC0001808,unni17@okicici,PNB,1816,full,2021-08-11 08:00:00
ACC0001809,prisha54@okicici,HDFC,1459,full,2022-08-03 08:00:00
ACC0001810,ethanmalhotra@oksbi,SBI,750,full,2024-07-12 08:00:00
ACC0001811,rajalipika@okicici,Paytm Payments Bank,606,full,2024-12-03 08:00:00
ACC0001812,darpan44@oksbi,HDFC,1916,full,2021-05-03 08:00:00
ACC0001813,ridhiboase@oksbi,Axis,1060,minimal,2023-09-06 08:00:00
ACC0001814,niyer@ybl,HDFC,1174,full,2023-05-15 08:00:00
ACC0001815,pgokhale@okhdfcbank,HDFC,1906,minimal,2021-05-13 08:00:00
ACC0001816,jchopra@okhdfcbank,Paytm Payments Bank,1921,full,2021-04-28 08:00:00
ACC0001817,nkamdar@okicici,ICICI,1445,minimal,2022-08-17 08:00:00
ACC0001818,satheaashi@ybl,Kotak,1852,full,2021-07-06 08:00:00
ACC0001819,banerjeeelijah@okhdfcbank,HDFC,653,full,2024-10-17 08:00:00
ACC0001820,krishnasanaya@oksbi,Axis,1784,full,2021-09-12 08:00:00
ACC0001821,tankmanthan@oksbi,HDFC,459,full,2025-04-29 08:00:00
ACC0001822,baradmadhavi@okhdfcbank,HDFC,1592,full,2022-03-23 08:00:00
ACC0001823,max56@okaxis,SBI,1021,full,2023-10-15 08:00:00
ACC0001824,varmavritti@ybl,SBI,97,full,2026-04-26 08:00:00
ACC0001825,zsarin@okicici,SBI,1890,full,2021-05-29 08:00:00
ACC0001826,zachariahupkaar@okhdfcbank,HDFC,1397,minimal,2022-10-04 08:00:00
ACC0001827,rajagopalanvasatika@ybl,Axis,1914,full,2021-05-05 08:00:00
ACC0001828,wasonjagrati@oksbi,Kotak,439,full,2025-05-19 08:00:00
ACC0001829,chavvi60@okicici,Kotak,328,full,2025-09-07 08:00:00
ACC0001830,pauharini@ybl,Axis,1781,full,2021-09-15 08:00:00
ACC0001831,sharafbimala@okhdfcbank,SBI,169,full,2026-02-13 08:00:00
ACC0001832,patrickbaral@oksbi,PNB,1495,full,2022-06-28 08:00:00
ACC0001833,thalder@ybl,SBI,1574,none,2022-04-10 08:00:00
ACC0001834,ochhabra@oksbi,Paytm Payments Bank,232,full,2025-12-12 08:00:00
ACC0001835,vidhi17@oksbi,Paytm Payments Bank,1237,full,2023-03-13 08:00:00
ACC0001836,loganbanik@oksbi,Kotak,249,none,2025-11-25 08:00:00
ACC0001837,aryankhare@oksbi,Axis,898,full,2024-02-15 08:00:00
ACC0001838,eramachandran@okicici,HDFC,1589,full,2022-03-26 08:00:00
ACC0001839,xalak87@oksbi,Paytm Payments Bank,1094,minimal,2023-08-03 08:00:00
ACC0001840,bansalharinakshi@okicici,SBI,1473,full,2022-07-20 08:00:00
ACC0001841,nazarethbrijesh@okhdfcbank,BOB,1041,full,2023-09-25 08:00:00
ACC0001842,ndani@okicici,Paytm Payments Bank,1259,full,2023-02-19 08:00:00
ACC0001843,jyadav@okicici,BOB,864,full,2024-03-20 08:00:00
ACC0001844,ekbalbansal@okaxis,Kotak,172,full,2026-02-10 08:00:00
ACC0001845,vrindabahl@okaxis,HDFC,1410,full,2022-09-21 08:00:00
ACC0001846,pbath@okhdfcbank,HDFC,1100,full,2023-07-28 08:00:00
ACC0001847,akshaygera@ybl,HDFC,850,full,2024-04-03 08:00:00
ACC0001848,mohantygunbir@oksbi,HDFC,1857,full,2021-07-01 08:00:00
ACC0001849,lgarde@okicici,Axis,437,full,2025-05-21 08:00:00
ACC0001850,cherianishaan@okhdfcbank,Axis,857,minimal,2024-03-27 08:00:00
ACC0001851,ekannan@okaxis,PNB,1515,minimal,2022-06-08 08:00:00
ACC0001852,poojanazareth@ybl,PNB,1598,minimal,2022-03-17 08:00:00
ACC0001853,hnair@okaxis,Kotak,1670,full,2022-01-04 08:00:00
ACC0001854,ekantakala@okaxis,Paytm Payments Bank,1265,full,2023-02-13 08:00:00
ACC0001855,ghosegautami@okaxis,HDFC,331,full,2025-09-04 08:00:00
ACC0001856,daraanusha@okaxis,Axis,1032,full,2023-10-04 08:00:00
ACC0001857,ojasviganguly@okhdfcbank,HDFC,305,full,2025-09-30 08:00:00
ACC0001858,nitesh73@okhdfcbank,Paytm Payments Bank,1730,full,2021-11-05 08:00:00
ACC0001859,deolharish@okaxis,Kotak,396,full,2025-07-01 08:00:00
ACC0001860,bdugar@ybl,HDFC,1303,minimal,2023-01-06 08:00:00
ACC0001861,abuch@ybl,Paytm Payments Bank,1383,minimal,2022-10-18 08:00:00
ACC0001862,golagaurav@okicici,Paytm Payments Bank,443,full,2025-05-15 08:00:00
ACC0001863,omaja72@ybl,Kotak,565,minimal,2025-01-13 08:00:00
ACC0001864,lukemadan@ybl,SBI,1137,none,2023-06-21 08:00:00
ACC0001865,psabharwal@okaxis,HDFC,94,full,2026-04-29 08:00:00
ACC0001866,baljiwangole@okaxis,Paytm Payments Bank,674,full,2024-09-26 08:00:00
ACC0001867,ochakrabarti@oksbi,PNB,97,minimal,2026-04-26 08:00:00
ACC0001868,ijaya60@okaxis,BOB,366,full,2025-07-31 08:00:00
ACC0001869,rehaandalal@okaxis,Paytm Payments Bank,1495,minimal,2022-06-28 08:00:00
ACC0001870,pathakyashica@okaxis,Paytm Payments Bank,1195,full,2023-04-24 08:00:00
ACC0001871,ucchaljoshi@oksbi,SBI,1779,full,2021-09-17 08:00:00
ACC0001872,chatresh31@ybl,BOB,1043,full,2023-09-23 08:00:00
ACC0001873,urvitank@okicici,Kotak,752,full,2024-07-10 08:00:00
ACC0001874,nathanielbassi@okhdfcbank,ICICI,1239,minimal,2023-03-11 08:00:00
ACC0001875,patlabhavani@ybl,SBI,744,minimal,2024-07-18 08:00:00
ACC0001876,radhikakrishnamurthy@okicici,BOB,1310,full,2022-12-30 08:00:00
ACC0001877,sudiksha01@okicici,BOB,736,full,2024-07-26 08:00:00
ACC0001878,yogipatrick@oksbi,Axis,1384,full,2022-10-17 08:00:00
ACC0001879,ayushsundaram@ybl,HDFC,669,minimal,2024-10-01 08:00:00
ACC0001880,bobalwahab@okicici,HDFC,164,full,2026-02-18 08:00:00
ACC0001881,ananda@ybl,Kotak,70,full,2026-05-23 08:00:00
ACC0001882,eshanakarpe@okaxis,BOB,1377,full,2022-10-24 08:00:00
ACC0001883,nandavedant@okaxis,SBI,1455,none,2022-08-07 08:00:00
ACC0001884,khalsanitara@ybl,BOB,803,full,2024-05-20 08:00:00
ACC0001885,keyakannan@okaxis,HDFC,230,full,2025-12-14 08:00:00
ACC0001886,sinhavedhika@okicici,Paytm Payments Bank,451,full,2025-05-07 08:00:00
ACC0001887,sarinmaanav@okicici,ICICI,1596,full,2022-03-19 08:00:00
ACC0001888,suhanigokhale@okaxis,Axis,774,full,2024-06-18 08:00:00
ACC0001889,iprakash@okhdfcbank,Axis,1765,full,2021-10-01 08:00:00
ACC0001890,ohari@okicici,BOB,127,minimal,2026-03-27 08:00:00
ACC0001891,anamika35@okhdfcbank,HDFC,1309,full,2022-12-31 08:00:00
ACC0001892,azadbhasin@okhdfcbank,Paytm Payments Bank,589,full,2024-12-20 08:00:00
ACC0001893,laban17@okhdfcbank,PNB,741,full,2024-07-21 08:00:00
ACC0001894,ksahota@okaxis,Kotak,644,full,2024-10-26 08:00:00
ACC0001895,thomas49@okicici,Paytm Payments Bank,853,full,2024-03-31 08:00:00
ACC0001896,onkarkarpe@oksbi,SBI,1151,full,2023-06-07 08:00:00
ACC0001897,sabharwalvrinda@oksbi,Paytm Payments Bank,1087,full,2023-08-10 08:00:00
ACC0001898,urvashishere@okaxis,PNB,2000,minimal,2021-02-08 08:00:00
ACC0001899,akshay63@ybl,BOB,1121,minimal,2023-07-07 08:00:00
ACC0001900,falaksaraf@okhdfcbank,Axis,1518,full,2022-06-05 08:00:00
ACC0001901,manthanahluwalia@oksbi,ICICI,332,full,2025-09-03 08:00:00
ACC0001902,cbasu@okicici,BOB,1597,full,2022-03-18 08:00:00
ACC0001903,cthaman@okhdfcbank,Axis,1791,minimal,2021-09-05 08:00:00
ACC0001904,zwali@okicici,ICICI,576,full,2025-01-02 08:00:00
ACC0001905,cchaudhari@oksbi,BOB,1261,full,2023-02-17 08:00:00
ACC0001906,fkhosla@oksbi,SBI,337,full,2025-08-29 08:00:00
ACC0001907,raytejas@okicici,Paytm Payments Bank,1724,full,2021-11-11 08:00:00
ACC0001908,jagratimerchant@okaxis,SBI,923,full,2024-01-21 08:00:00
ACC0001909,gautambabu@oksbi,SBI,588,full,2024-12-21 08:00:00
ACC0001910,kmody@okicici,ICICI,1675,full,2021-12-30 08:00:00
ACC0001911,dbajwa@okaxis,SBI,116,full,2026-04-07 08:00:00
ACC0001912,tdevi@okhdfcbank,Kotak,1866,full,2021-06-22 08:00:00
ACC0001913,ygoyal@okhdfcbank,BOB,1805,minimal,2021-08-22 08:00:00
ACC0001914,ucchal01@okhdfcbank,BOB,1405,minimal,2022-09-26 08:00:00
ACC0001915,hnatarajan@oksbi,Axis,1513,full,2022-06-10 08:00:00
ACC0001916,minhaspooja@ybl,HDFC,1534,full,2022-05-20 08:00:00
ACC0001917,sarthak19@ybl,PNB,1727,full,2021-11-08 08:00:00
ACC0001918,christopher85@oksbi,HDFC,214,minimal,2025-12-30 08:00:00
ACC0001919,choudhryleela@okicici,BOB,671,minimal,2024-09-29 08:00:00
ACC0001920,udyati90@oksbi,BOB,1553,full,2022-05-01 08:00:00
ACC0001921,jeevika28@oksbi,Axis,248,none,2025-11-26 08:00:00
ACC0001922,jayaramanlakshit@okaxis,PNB,930,minimal,2024-01-14 08:00:00
ACC0001923,william81@okaxis,Kotak,144,full,2026-03-10 08:00:00
ACC0001924,wkadakia@okicici,BOB,261,full,2025-11-13 08:00:00
ACC0001925,ekanipandit@okicici,ICICI,534,full,2025-02-13 08:00:00
ACC0001926,yahvi64@okicici,PNB,1495,full,2022-06-28 08:00:00
ACC0001927,bhatnagarkashish@ybl,SBI,1883,minimal,2021-06-05 08:00:00
ACC0001928,sneha78@okhdfcbank,Axis,1386,full,2022-10-15 08:00:00
ACC0001929,singhalbrinda@okicici,Kotak,817,minimal,2024-05-06 08:00:00
ACC0001930,zpillai@okhdfcbank,Axis,1433,minimal,2022-08-29 08:00:00
ACC0001931,guhatanvi@okhdfcbank,BOB,825,minimal,2024-04-28 08:00:00
ACC0001932,buchmahika@okicici,PNB,1909,full,2021-05-10 08:00:00
ACC0001933,bhavyabose@oksbi,PNB,1714,full,2021-11-21 08:00:00
ACC0001934,galaanya@oksbi,Paytm Payments Bank,1853,full,2021-07-05 08:00:00
ACC0001935,divanwatika@okaxis,SBI,1831,full,2021-07-27 08:00:00
ACC0001936,samarthverma@okaxis,Paytm Payments Bank,194,full,2026-01-19 08:00:00
ACC0001937,memonomaja@okicici,BOB,1927,minimal,2021-04-22 08:00:00
ACC0001938,urvipalan@okhdfcbank,ICICI,1709,full,2021-11-26 08:00:00
ACC0001939,vsawhney@okhdfcbank,Kotak,1066,full,2023-08-31 08:00:00
ACC0001940,manneranbir@ybl,Kotak,1523,full,2022-05-31 08:00:00
ACC0001941,bainsvincent@okhdfcbank,ICICI,86,full,2026-05-07 08:00:00
ACC0001942,nisha95@oksbi,SBI,1650,full,2022-01-24 08:00:00
ACC0001943,vedika98@okicici,Kotak,1316,full,2022-12-24 08:00:00
ACC0001944,tshankar@oksbi,Axis,256,full,2025-11-18 08:00:00
ACC0001945,daminigarg@oksbi,BOB,1602,minimal,2022-03-13 08:00:00
ACC0001946,utkarsh75@okaxis,Paytm Payments Bank,684,minimal,2024-09-16 08:00:00
ACC0001947,champak25@okicici,ICICI,303,full,2025-10-02 08:00:00
ACC0001948,tamanna29@okicici,PNB,1723,full,2021-11-12 08:00:00
ACC0001949,bhavikagopal@okicici,ICICI,878,full,2024-03-06 08:00:00
ACC0001950,miteshedwin@ybl,Axis,802,full,2024-05-21 08:00:00
ACC0001951,jacksonbarman@ybl,Axis,77,minimal,2026-05-16 08:00:00
ACC0001952,jonathan74@oksbi,PNB,977,full,2023-11-28 08:00:00
ACC0001953,qarin38@okhdfcbank,BOB,375,full,2025-07-22 08:00:00
ACC0001954,nadighemangini@okicici,ICICI,1259,full,2023-02-19 08:00:00
ACC0001955,kashishsen@oksbi,HDFC,783,full,2024-06-09 08:00:00
ACC0001956,charvidara@okaxis,Paytm Payments Bank,1106,minimal,2023-07-22 08:00:00
ACC0001957,ravelxalak@okhdfcbank,Axis,1042,full,2023-09-24 08:00:00
ACC0001958,taranagarajan@okicici,PNB,420,full,2025-06-07 08:00:00
ACC0001959,aayushtripathi@oksbi,BOB,812,minimal,2024-05-11 08:00:00
ACC0001960,chakrika74@oksbi,PNB,1258,full,2023-02-20 08:00:00
ACC0001961,riyanigam@okaxis,ICICI,417,full,2025-06-10 08:00:00
ACC0001962,srinivasbanjeet@okhdfcbank,PNB,328,none,2025-09-07 08:00:00
ACC0001963,jacksonmorar@ybl,Paytm Payments Bank,512,minimal,2025-03-07 08:00:00
ACC0001964,rattithomas@ybl,Paytm Payments Bank,787,full,2024-06-05 08:00:00
ACC0001965,fparikh@oksbi,Kotak,990,none,2023-11-15 08:00:00
ACC0001966,christopher93@oksbi,BOB,844,full,2024-04-09 08:00:00
ACC0001967,arunimahayre@ybl,PNB,1537,full,2022-05-17 08:00:00
ACC0001968,chackosanaya@okhdfcbank,SBI,1170,full,2023-05-19 08:00:00
ACC0001969,valameera@okaxis,Kotak,510,none,2025-03-09 08:00:00
ACC0001970,vrittinadkarni@ybl,SBI,1953,full,2021-03-27 08:00:00
ACC0001971,patelmitali@ybl,BOB,1063,full,2023-09-03 08:00:00
ACC0001972,prishapingle@okicici,ICICI,838,none,2024-04-15 08:00:00
ACC0001973,apradhan@okhdfcbank,ICICI,1175,full,2023-05-14 08:00:00
ACC0001974,hemani54@okaxis,Kotak,1061,minimal,2023-09-05 08:00:00
ACC0001975,nchahal@okhdfcbank,Kotak,300,full,2025-10-05 08:00:00
ACC0001976,zsagar@oksbi,PNB,916,full,2024-01-28 08:00:00
ACC0001977,kmani@oksbi,Paytm Payments Bank,120,minimal,2026-04-03 08:00:00
ACC0001978,isachdeva@okicici,Kotak,1739,minimal,2021-10-27 08:00:00
ACC0001979,dhawansarthak@okicici,PNB,609,full,2024-11-30 08:00:00
ACC0001980,vaishnavi85@oksbi,Kotak,922,full,2024-01-22 08:00:00
ACC0001981,prashadgaurang@oksbi,Paytm Payments Bank,1036,full,2023-09-30 08:00:00
ACC0001982,routanjali@okhdfcbank,Axis,334,full,2025-09-01 08:00:00
ACC0001983,jgill@okicici,ICICI,993,full,2023-11-12 08:00:00
ACC0001984,mdevan@okhdfcbank,Paytm Payments Bank,923,full,2024-01-21 08:00:00
ACC0001985,lakshmimann@ybl,Paytm Payments Bank,760,full,2024-07-02 08:00:00
ACC0001986,tbasak@oksbi,HDFC,260,full,2025-11-14 08:00:00
ACC0001987,wakeeta87@okicici,ICICI,447,minimal,2025-05-11 08:00:00
ACC0001988,aviagate@ybl,PNB,1565,full,2022-04-19 08:00:00
ACC0001989,adwetamital@ybl,Axis,1388,full,2022-10-13 08:00:00
ACC0001990,pdash@ybl,ICICI,38,full,2026-06-24 08:00:00
ACC0001991,omisha27@oksbi,Paytm Payments Bank,187,full,2026-01-26 08:00:00
ACC0001992,ayushdar@okicici,SBI,1847,full,2021-07-11 08:00:00
ACC0001993,waida19@okhdfcbank,BOB,1423,full,2022-09-08 08:00:00
ACC0001994,vasana96@okhdfcbank,Kotak,1932,full,2021-04-17 08:00:00
ACC0001995,vamakshi15@okaxis,Paytm Payments Bank,196,full,2026-01-17 08:00:00
ACC0001996,ladnicholas@okicici,SBI,1986,full,2021-02-22 08:00:00
ACC0001997,dhingraekaja@ybl,Paytm Payments Bank,119,full,2026-04-04 08:00:00
ACC0001998,wdeshmukh@ybl,ICICI,1528,full,2022-05-26 08:00:00
ACC0001999,chatreshmahajan@okicici,Kotak,129,minimal,2026-03-25 08:00:00
ACC0002000,oni50@okhdfcbank,BOB,1553,full,2022-05-01 08:00:00
ACC0002001,bishakha81@oksbi,Axis,552,none,2025-01-26 08:00:00
ACC0002002,qadimchandra@okaxis,HDFC,1802,full,2021-08-25 08:00:00
ACC0002003,ekantikamutti@oksbi,BOB,456,minimal,2025-05-02 08:00:00
ACC0002004,anika51@oksbi,HDFC,613,full,2024-11-26 08:00:00
ACC0002005,maanas02@okaxis,PNB,1670,minimal,2022-01-04 08:00:00
ACC0002006,kashish76@oksbi,Kotak,1265,full,2023-02-13 08:00:00
ACC0002007,nicholas13@okicici,Axis,1734,full,2021-11-01 08:00:00
ACC0002008,yahvikant@okaxis,Paytm Payments Bank,1843,full,2021-07-15 08:00:00
ACC0002009,ishaansahni@okaxis,HDFC,1259,minimal,2023-02-19 08:00:00
ACC0002010,hbose@okicici,ICICI,1690,full,2021-12-15 08:00:00
ACC0002011,anaysrinivasan@okhdfcbank,SBI,902,full,2024-02-11 08:00:00
ACC0002012,devika52@oksbi,ICICI,979,minimal,2023-11-26 08:00:00
ACC0002013,wvirk@ybl,HDFC,1109,full,2023-07-19 08:00:00
ACC0002014,orinder40@okhdfcbank,Paytm Payments Bank,925,full,2024-01-19 08:00:00
ACC0002015,kapadiakabir@okicici,Axis,291,full,2025-10-14 08:00:00
ACC0002016,utkarshmohanty@ybl,SBI,635,full,2024-11-04 08:00:00
ACC0002017,shauryade@okhdfcbank,HDFC,1908,full,2021-05-11 08:00:00
ACC0002018,sandalisaac@okhdfcbank,Paytm Payments Bank,875,full,2024-03-09 08:00:00
ACC0002019,bahlveda@okicici,Kotak,1194,full,2023-04-25 08:00:00
ACC0002020,mbasak@ybl,SBI,197,full,2026-01-16 08:00:00
ACC0002021,baliyochana@okaxis,ICICI,1384,minimal,2022-10-17 08:00:00
ACC0002022,singhjagat@okaxis,SBI,1756,full,2021-10-10 08:00:00
ACC0002023,caleb14@okicici,Kotak,1825,full,2021-08-02 08:00:00
ACC0002024,charjatin@okaxis,PNB,961,full,2023-12-14 08:00:00
ACC0002025,ryangoyal@oksbi,Axis,1910,full,2021-05-09 08:00:00
ACC0002026,ayush12@ybl,PNB,1559,minimal,2022-04-25 08:00:00
ACC0002027,ijaya52@okaxis,SBI,247,full,2025-11-27 08:00:00
ACC0002028,yashasvibir@okhdfcbank,ICICI,268,full,2025-11-06 08:00:00
ACC0002029,atwalteerth@okaxis,Paytm Payments Bank,972,full,2023-12-03 08:00:00
ACC0002030,baghyawatigarg@ybl,Kotak,1695,full,2021-12-10 08:00:00
ACC0002031,chaudharytanish@okaxis,PNB,1443,full,2022-08-19 08:00:00
ACC0002032,speri@okhdfcbank,Axis,306,full,2025-09-29 08:00:00
ACC0002033,riachhabra@oksbi,SBI,62,full,2026-05-31 08:00:00
ACC0002034,isharaghavan@oksbi,Axis,1358,full,2022-11-12 08:00:00
ACC0002035,gkala@ybl,Axis,1312,full,2022-12-28 08:00:00
ACC0002036,nikitachowdhury@okaxis,ICICI,1606,full,2022-03-09 08:00:00
ACC0002037,jatin71@okhdfcbank,ICICI,74,minimal,2026-05-19 08:00:00
ACC0002038,warhipatel@okaxis,Paytm Payments Bank,1543,full,2022-05-11 08:00:00
ACC0002039,banjeet15@okaxis,Axis,1790,full,2021-09-06 08:00:00
ACC0002040,ydalia@okaxis,SBI,1196,full,2023-04-23 08:00:00
ACC0002041,tanmayi94@okaxis,BOB,240,minimal,2025-12-04 08:00:00
ACC0002042,jkara@ybl,PNB,1539,full,2022-05-15 08:00:00
ACC0002043,bmannan@okaxis,Paytm Payments Bank,848,full,2024-04-05 08:00:00
ACC0002044,ekarajsoni@ybl,SBI,154,full,2026-02-28 08:00:00
ACC0002045,praneel07@ybl,HDFC,676,full,2024-09-24 08:00:00
ACC0002046,randhawaraksha@okaxis,Paytm Payments Bank,1357,full,2022-11-13 08:00:00
ACC0002047,darluke@okicici,Paytm Payments Bank,1305,full,2023-01-04 08:00:00
ACC0002048,srattan@oksbi,PNB,72,full,2026-05-21 08:00:00
ACC0002049,gangulydhruv@okicici,Paytm Payments Bank,991,full,2023-11-14 08:00:00
ACC0002050,rushil53@ybl,Kotak,479,minimal,2025-04-09 08:00:00
ACC0002051,odas@okaxis,ICICI,1777,minimal,2021-09-19 08:00:00
ACC0002052,rtata@okaxis,BOB,1510,minimal,2022-06-13 08:00:00
ACC0002053,mugdha57@okicici,Paytm Payments Bank,1408,minimal,2022-09-23 08:00:00
ACC0002054,gsundaram@oksbi,Axis,1759,full,2021-10-07 08:00:00
ACC0002055,manan71@okhdfcbank,Paytm Payments Bank,1564,full,2022-04-20 08:00:00
ACC0002056,krishnavrishti@oksbi,Paytm Payments Bank,438,full,2025-05-20 08:00:00
ACC0002057,okashyap@okaxis,PNB,881,full,2024-03-03 08:00:00
ACC0002058,ayushmanchaudhary@okhdfcbank,SBI,1170,full,2023-05-19 08:00:00
ACC0002059,birwishi@okicici,ICICI,564,full,2025-01-14 08:00:00
ACC0002060,golalavanya@ybl,SBI,1790,minimal,2021-09-06 08:00:00
ACC0002061,michael49@okaxis,HDFC,721,full,2024-08-10 08:00:00
ACC0002062,bosezinal@ybl,Axis,277,full,2025-10-28 08:00:00
ACC0002063,mshukla@okicici,SBI,726,minimal,2024-08-05 08:00:00
ACC0002064,widisha78@okicici,ICICI,1170,minimal,2023-05-19 08:00:00
ACC0002065,hemal88@ybl,HDFC,1819,full,2021-08-08 08:00:00
ACC0002066,balayqushi@okaxis,Paytm Payments Bank,1927,none,2021-04-22 08:00:00
ACC0002067,rajagopalshivani@okhdfcbank,HDFC,1577,minimal,2022-04-07 08:00:00
ACC0002068,krisha77@okhdfcbank,SBI,1278,full,2023-01-31 08:00:00
ACC0002069,balipeter@okhdfcbank,Axis,372,minimal,2025-07-25 08:00:00
ACC0002070,nitesh76@okicici,Paytm Payments Bank,351,minimal,2025-08-15 08:00:00
ACC0002071,devikaramachandran@okhdfcbank,ICICI,1050,full,2023-09-16 08:00:00
ACC0002072,kchoudhary@oksbi,HDFC,715,minimal,2024-08-16 08:00:00
ACC0002073,kzacharia@okaxis,SBI,929,full,2024-01-15 08:00:00
ACC0002074,jsoni@okaxis,Kotak,1687,full,2021-12-18 08:00:00
ACC0002075,yashawinibhalla@okhdfcbank,PNB,380,full,2025-07-17 08:00:00
ACC0002076,flall@okaxis,Kotak,1575,full,2022-04-09 08:00:00
ACC0002077,xpandit@oksbi,BOB,532,minimal,2025-02-15 08:00:00
ACC0002078,ekani00@okaxis,BOB,312,minimal,2025-09-23 08:00:00
ACC0002079,davejeevika@okaxis,Kotak,1869,minimal,2021-06-19 08:00:00
ACC0002080,avi56@oksbi,SBI,936,full,2024-01-08 08:00:00
ACC0002081,sanghahemani@okhdfcbank,HDFC,1089,full,2023-08-08 08:00:00
ACC0002082,nisha50@oksbi,BOB,852,full,2024-04-01 08:00:00
ACC0002083,yugkeer@okhdfcbank,ICICI,1584,minimal,2022-03-31 08:00:00
ACC0002084,frado14@ybl,PNB,148,full,2026-03-06 08:00:00
ACC0002085,nazarethomkaar@ybl,PNB,1844,full,2021-07-14 08:00:00
ACC0002086,yohannaneshana@okicici,SBI,672,minimal,2024-09-28 08:00:00
ACC0002087,sharmapahal@ybl,ICICI,1873,full,2021-06-15 08:00:00
ACC0002088,bloke@oksbi,Paytm Payments Bank,943,full,2024-01-01 08:00:00
ACC0002089,ubains@okaxis,Axis,1847,minimal,2021-07-11 08:00:00
ACC0002090,uramakrishnan@okhdfcbank,Kotak,202,full,2026-01-11 08:00:00
ACC0002091,sureshharish@oksbi,PNB,1502,full,2022-06-21 08:00:00
ACC0002092,gayathritaneja@ybl,PNB,1077,full,2023-08-20 08:00:00
ACC0002093,ojas94@oksbi,SBI,1580,full,2022-04-04 08:00:00
ACC0002094,rajata37@ybl,PNB,1661,full,2022-01-13 08:00:00
ACC0002095,wasontanish@okicici,BOB,1615,none,2022-02-28 08:00:00
ACC0002096,alka04@okhdfcbank,Kotak,256,full,2025-11-18 08:00:00
ACC0002097,nkara@okicici,HDFC,1069,full,2023-08-28 08:00:00
ACC0002098,chandrangayathri@okhdfcbank,Paytm Payments Bank,1363,full,2022-11-07 08:00:00
ACC0002099,ekalinga98@okhdfcbank,Paytm Payments Bank,1539,full,2022-05-15 08:00:00
ACC0002100,nsane@ybl,Axis,513,full,2025-03-06 08:00:00
ACC0002101,faraj48@ybl,ICICI,612,full,2024-11-27 08:00:00
ACC0002102,rachita85@oksbi,HDFC,1094,full,2023-08-03 08:00:00
ACC0002103,oeshiratti@oksbi,Kotak,1222,full,2023-03-28 08:00:00
ACC0002104,yutika78@okaxis,BOB,330,full,2025-09-05 08:00:00
ACC0002105,anirudhvarty@okaxis,ICICI,157,full,2026-02-25 08:00:00
ACC0002106,xalakkala@okhdfcbank,Kotak,943,full,2024-01-01 08:00:00
ACC0002107,oloyal@ybl,BOB,854,minimal,2024-03-30 08:00:00
ACC0002108,hbhasin@okaxis,BOB,1226,none,2023-03-24 08:00:00
ACC0002109,janyashere@okaxis,BOB,1441,minimal,2022-08-21 08:00:00
ACC0002110,wrideshdora@ybl,ICICI,325,full,2025-09-10 08:00:00
ACC0002111,radhika65@oksbi,HDFC,967,full,2023-12-08 08:00:00
ACC0002112,janinitara@okaxis,SBI,962,full,2023-12-13 08:00:00
ACC0002113,bhavini24@ybl,Kotak,1963,minimal,2021-03-17 08:00:00
ACC0002114,nidrakhare@ybl,BOB,273,full,2025-11-01 08:00:00
ACC0002115,doctorrehaan@ybl,PNB,786,full,2024-06-06 08:00:00
ACC0002116,korpaldayita@okhdfcbank,Kotak,343,full,2025-08-23 08:00:00
ACC0002117,jsunder@okicici,PNB,796,full,2024-05-27 08:00:00
ACC0002118,psami@oksbi,ICICI,1650,minimal,2022-01-24 08:00:00
ACC0002119,jagginathaniel@okhdfcbank,PNB,893,minimal,2024-02-20 08:00:00
ACC0002120,laban04@oksbi,Paytm Payments Bank,471,full,2025-04-17 08:00:00
ACC0002121,patrick07@okicici,HDFC,1151,minimal,2023-06-07 08:00:00
ACC0002122,bhaktafiyaz@okaxis,PNB,885,full,2024-02-28 08:00:00
ACC0002123,chanchal16@okicici,BOB,1873,full,2021-06-15 08:00:00
ACC0002124,gautam62@ybl,ICICI,1504,minimal,2022-06-19 08:00:00
ACC0002125,isaactella@okaxis,Paytm Payments Bank,1063,full,2023-09-03 08:00:00
ACC0002126,vigzayan@okicici,HDFC,335,minimal,2025-08-31 08:00:00
ACC0002127,pchana@ybl,BOB,1390,full,2022-10-11 08:00:00
ACC0002128,munshiforum@okaxis,Kotak,1873,full,2021-06-15 08:00:00
ACC0002129,bkeer@okaxis,PNB,1992,full,2021-02-16 08:00:00
ACC0002130,maanaschhabra@oksbi,SBI,1803,full,2021-08-24 08:00:00
ACC0002131,tanishmaharaj@okicici,HDFC,1660,full,2022-01-14 08:00:00
ACC0002132,qrege@oksbi,SBI,204,none,2026-01-09 08:00:00
ACC0002133,swaminathankavya@oksbi,Paytm Payments Bank,1098,full,2023-07-30 08:00:00
ACC0002134,nadigpallavi@okhdfcbank,ICICI,68,none,2026-05-25 08:00:00
ACC0002135,rkoshy@oksbi,Axis,593,minimal,2024-12-16 08:00:00
ACC0002136,jananisoman@ybl,Paytm Payments Bank,1748,full,2021-10-18 08:00:00
ACC0002137,darika09@ybl,Kotak,1122,full,2023-07-06 08:00:00
ACC0002138,bhagatwriddhish@okaxis,SBI,122,full,2026-04-01 08:00:00
ACC0002139,leena45@okaxis,SBI,399,minimal,2025-06-28 08:00:00
ACC0002140,warriorwarjas@okaxis,PNB,679,full,2024-09-21 08:00:00
ACC0002141,arama@ybl,ICICI,233,full,2025-12-11 08:00:00
ACC0002142,tkumer@okicici,HDFC,404,full,2025-06-23 08:00:00
ACC0002143,keerchameli@okaxis,ICICI,1980,full,2021-02-28 08:00:00
ACC0002144,naveensarna@okicici,ICICI,1998,full,2021-02-10 08:00:00
ACC0002145,niharika04@okicici,BOB,149,full,2026-03-05 08:00:00
ACC0002146,swamyurishilla@okaxis,Kotak,321,full,2025-09-14 08:00:00
ACC0002147,tnatarajan@okhdfcbank,SBI,1958,full,2021-03-22 08:00:00
ACC0002148,kchaudhry@ybl,Axis,1570,full,2022-04-14 08:00:00
ACC0002149,yashawini15@ybl,BOB,1570,minimal,2022-04-14 08:00:00
ACC0002150,dnarain@okhdfcbank,Kotak,581,full,2024-12-28 08:00:00
ACC0002151,benqarin@okhdfcbank,Paytm Payments Bank,863,full,2024-03-21 08:00:00
ACC0002152,adeshpande@oksbi,SBI,1327,full,2022-12-13 08:00:00
ACC0002153,oiyengar@okhdfcbank,Axis,1230,minimal,2023-03-20 08:00:00
ACC0002154,dipta91@oksbi,PNB,1364,full,2022-11-06 08:00:00
ACC0002155,dugarzaid@okhdfcbank,Axis,943,minimal,2024-01-01 08:00:00
ACC0002156,nirjanagarajan@okicici,ICICI,321,minimal,2025-09-14 08:00:00
ACC0002157,vsridhar@okaxis,Paytm Payments Bank,1130,full,2023-06-28 08:00:00
ACC0002158,abhaghose@okaxis,PNB,1694,full,2021-12-11 08:00:00
ACC0002159,baghyawati31@okhdfcbank,SBI,372,minimal,2025-07-25 08:00:00
ACC0002160,lpillai@okicici,PNB,1017,minimal,2023-10-19 08:00:00
ACC0002161,kpurohit@okicici,Axis,808,full,2024-05-15 08:00:00
ACC0002162,anshbajaj@okicici,SBI,1075,full,2023-08-22 08:00:00
ACC0002163,gauravshere@ybl,HDFC,1123,full,2023-07-05 08:00:00
ACC0002164,adwetaganguly@okhdfcbank,ICICI,839,full,2024-04-14 08:00:00
ACC0002165,rattanpushti@okaxis,Axis,602,full,2024-12-07 08:00:00
ACC0002166,manthan15@okicici,Kotak,1990,full,2021-02-18 08:00:00
ACC0002167,jacobatwal@okaxis,PNB,1571,full,2022-04-13 08:00:00
ACC0002168,rsetty@okicici,Axis,688,full,2024-09-12 08:00:00
ACC0002169,odani@okicici,SBI,1257,minimal,2023-02-21 08:00:00
ACC0002170,rayaanlata@okhdfcbank,Paytm Payments Bank,303,full,2025-10-02 08:00:00
ACC0002171,warda62@oksbi,BOB,49,full,2026-06-13 08:00:00
ACC0002172,mjhaveri@okaxis,BOB,1456,full,2022-08-06 08:00:00
ACC0002173,barkhagulati@okhdfcbank,SBI,1642,minimal,2022-02-01 08:00:00
ACC0002174,agole@okaxis,HDFC,1701,full,2021-12-04 08:00:00
ACC0002175,ayushmannan@okaxis,Kotak,1694,full,2021-12-11 08:00:00
ACC0002176,warinder97@okhdfcbank,HDFC,1748,full,2021-10-18 08:00:00
ACC0002177,kalashanker@oksbi,Paytm Payments Bank,1947,full,2021-04-02 08:00:00
ACC0002178,anneupasna@okhdfcbank,PNB,1551,full,2022-05-03 08:00:00
ACC0002179,ekiyarao@okicici,Axis,1482,full,2022-07-11 08:00:00
ACC0002180,leelasampath@okicici,Axis,1286,full,2023-01-23 08:00:00
ACC0002181,elijah18@okicici,SBI,1041,full,2023-09-25 08:00:00
ACC0002182,bengaurangi@ybl,Axis,1882,full,2021-06-06 08:00:00
ACC0002183,urishillapandya@okaxis,HDFC,1711,minimal,2021-11-24 08:00:00
ACC0002184,ahluwaliazehaan@ybl,Paytm Payments Bank,1195,full,2023-04-24 08:00:00
ACC0002185,zmittal@ybl,ICICI,426,full,2025-06-01 08:00:00
ACC0002186,kevin80@okhdfcbank,ICICI,292,full,2025-10-13 08:00:00
ACC0002187,abhagara@oksbi,PNB,1197,full,2023-04-22 08:00:00
ACC0002188,dnori@okhdfcbank,PNB,1418,full,2022-09-13 08:00:00
ACC0002189,gauravnadig@okaxis,SBI,1838,minimal,2021-07-20 08:00:00
ACC0002190,qdhar@okhdfcbank,Kotak,1342,full,2022-11-28 08:00:00
ACC0002191,munshichaitanya@okicici,HDFC,863,full,2024-03-21 08:00:00
ACC0002192,xalakmand@okaxis,Kotak,985,full,2023-11-20 08:00:00
ACC0002193,qushi44@oksbi,SBI,119,full,2026-04-04 08:00:00
ACC0002194,zansi56@ybl,Paytm Payments Bank,890,full,2024-02-23 08:00:00
ACC0002195,diyaswamy@oksbi,Kotak,832,full,2024-04-21 08:00:00
ACC0002196,riabera@okhdfcbank,Axis,1201,none,2023-04-18 08:00:00
ACC0002197,manthanbhagat@okhdfcbank,Axis,897,full,2024-02-16 08:00:00
ACC0002198,qadimbanik@okicici,HDFC,704,full,2024-08-27 08:00:00
ACC0002199,klad@okhdfcbank,Paytm Payments Bank,228,full,2025-12-16 08:00:00
ACC0002200,hsarin@ybl,Kotak,79,minimal,2026-05-14 08:00:00
ACC0002201,cbaria@okhdfcbank,Paytm Payments Bank,536,full,2025-02-11 08:00:00
ACC0002202,vedhika77@okhdfcbank,Kotak,727,full,2024-08-04 08:00:00
ACC0002203,divanjatin@okhdfcbank,Paytm Payments Bank,514,minimal,2025-03-05 08:00:00
ACC0002204,girik34@okaxis,HDFC,1310,full,2022-12-30 08:00:00
ACC0002205,omtrivedi@okhdfcbank,BOB,154,full,2026-02-28 08:00:00
ACC0002206,simon90@okhdfcbank,ICICI,1766,full,2021-09-30 08:00:00
ACC0002207,omajabose@okaxis,SBI,1673,full,2022-01-01 08:00:00
ACC0002208,wishichandra@okaxis,HDFC,1312,full,2022-12-28 08:00:00
ACC0002209,atharv41@ybl,SBI,144,full,2026-03-10 08:00:00
ACC0002210,lprakash@okaxis,HDFC,811,full,2024-05-12 08:00:00
ACC0002211,naikmitesh@oksbi,SBI,871,full,2024-03-13 08:00:00
ACC0002212,bumbtriveni@okaxis,HDFC,980,full,2023-11-25 08:00:00
ACC0002213,osetty@okhdfcbank,Paytm Payments Bank,1950,full,2021-03-30 08:00:00
ACC0002214,abdul50@oksbi,HDFC,1233,full,2023-03-17 08:00:00
ACC0002215,unair@okhdfcbank,Axis,1248,minimal,2023-03-02 08:00:00
ACC0002216,siddharthbava@ybl,PNB,288,full,2025-10-17 08:00:00
ACC0002217,ekantika01@ybl,Paytm Payments Bank,1015,full,2023-10-21 08:00:00
ACC0002218,zchanda@okhdfcbank,SBI,311,full,2025-09-24 08:00:00
ACC0002219,pranav36@okaxis,Kotak,1227,full,2023-03-23 08:00:00
ACC0002220,bailsathvik@ybl,ICICI,1842,full,2021-07-16 08:00:00
ACC0002221,lipikarau@ybl,Kotak,662,full,2024-10-08 08:00:00
ACC0002222,mitesh14@ybl,ICICI,46,full,2026-06-16 08:00:00
ACC0002223,vsankaran@ybl,SBI,1068,full,2023-08-29 08:00:00
ACC0002224,karan51@oksbi,Axis,430,minimal,2025-05-28 08:00:00
ACC0002225,yauvani37@oksbi,Paytm Payments Bank,729,full,2024-08-02 08:00:00
ACC0002226,erama@ybl,Kotak,987,minimal,2023-11-18 08:00:00
ACC0002227,pallavi16@okicici,PNB,1189,full,2023-04-30 08:00:00
ACC0002228,quincy66@okhdfcbank,Paytm Payments Bank,362,minimal,2025-08-04 08:00:00
ACC0002229,bariayochana@okhdfcbank,Paytm Payments Bank,1894,full,2021-05-25 08:00:00
ACC0002230,ubika32@oksbi,Axis,37,full,2026-06-25 08:00:00
ACC0002231,ovyas@oksbi,Paytm Payments Bank,466,full,2025-04-22 08:00:00
ACC0002232,mannanupadhriti@okicici,BOB,1980,full,2021-02-28 08:00:00
ACC0002233,zbuch@okhdfcbank,Kotak,407,full,2025-06-20 08:00:00
ACC0002234,jmital@okhdfcbank,HDFC,762,full,2024-06-30 08:00:00
ACC0002235,charitakothari@oksbi,Kotak,931,full,2024-01-13 08:00:00
ACC0002236,kmerchant@oksbi,Axis,90,full,2026-05-03 08:00:00
ACC0002237,bosechakradev@okicici,ICICI,478,full,2025-04-10 08:00:00
ACC0002238,uppalpavani@oksbi,ICICI,1165,full,2023-05-24 08:00:00
ACC0002239,dchandra@okicici,HDFC,390,full,2025-07-07 08:00:00
ACC0002240,isha49@oksbi,BOB,1417,full,2022-09-14 08:00:00
ACC0002241,thakuramol@okhdfcbank,Kotak,1842,minimal,2021-07-16 08:00:00
ACC0002242,sherepraneel@okaxis,Axis,654,full,2024-10-16 08:00:00
ACC0002243,mayabath@oksbi,BOB,792,minimal,2024-05-31 08:00:00
ACC0002244,sahachameli@okhdfcbank,ICICI,163,minimal,2026-02-19 08:00:00
ACC0002245,suhani79@oksbi,Axis,297,full,2025-10-08 08:00:00
ACC0002246,harita23@okicici,Kotak,1452,full,2022-08-10 08:00:00
ACC0002247,farhanlad@oksbi,SBI,1332,minimal,2022-12-08 08:00:00
ACC0002248,sarafandrew@oksbi,PNB,1232,minimal,2023-03-18 08:00:00
ACC0002249,ranajackson@oksbi,SBI,701,full,2024-08-30 08:00:00
ACC0002250,gargvansha@oksbi,Paytm Payments Bank,603,full,2024-12-06 08:00:00
ACC0002251,qravel@okaxis,HDFC,196,full,2026-01-17 08:00:00
ACC0002252,nmitter@ybl,Kotak,824,full,2024-04-29 08:00:00
ACC0002253,megha41@oksbi,Kotak,980,full,2023-11-25 08:00:00
ACC0002254,krishnaatwal@okaxis,Paytm Payments Bank,1106,full,2023-07-22 08:00:00
ACC0002255,isaacbabu@okaxis,SBI,1220,full,2023-03-30 08:00:00
ACC0002256,avikadakia@oksbi,Paytm Payments Bank,1862,minimal,2021-06-26 08:00:00
ACC0002257,pdhillon@oksbi,PNB,840,full,2024-04-13 08:00:00
ACC0002258,rajatayohannan@ybl,ICICI,802,minimal,2024-05-21 08:00:00
ACC0002259,gabrielmitra@okicici,HDFC,796,full,2024-05-27 08:00:00
ACC0002260,edivan@okicici,Paytm Payments Bank,202,full,2026-01-11 08:00:00
ACC0002261,hbains@ybl,SBI,501,full,2025-03-18 08:00:00
ACC0002262,michaelsaxena@okicici,BOB,1302,full,2023-01-07 08:00:00
ACC0002263,bsinha@okaxis,Kotak,915,minimal,2024-01-29 08:00:00
ACC0002264,mkibe@okicici,BOB,679,full,2024-09-21 08:00:00
ACC0002265,manya05@oksbi,PNB,934,full,2024-01-10 08:00:00
ACC0002266,chauhanrachana@okhdfcbank,PNB,765,minimal,2024-06-27 08:00:00
ACC0002267,vtandon@ybl,HDFC,1080,minimal,2023-08-17 08:00:00
ACC0002268,balhaar76@oksbi,HDFC,1927,full,2021-04-22 08:00:00
ACC0002269,lvarghese@okhdfcbank,Axis,767,full,2024-06-25 08:00:00
ACC0002270,tkata@okicici,PNB,1412,full,2022-09-19 08:00:00
ACC0002271,wableanirudh@okicici,Axis,1700,full,2021-12-05 08:00:00
ACC0002272,jmutti@ybl,PNB,312,full,2025-09-23 08:00:00
ACC0002273,loyalomisha@okicici,Kotak,643,minimal,2024-10-27 08:00:00
ACC0002274,fdada@okaxis,SBI,857,full,2024-03-27 08:00:00
ACC0002275,saumya60@oksbi,BOB,1079,full,2023-08-18 08:00:00
ACC0002276,bhavnahanda@oksbi,Paytm Payments Bank,1511,full,2022-06-12 08:00:00
ACC0002277,cpadmanabhan@ybl,Paytm Payments Bank,1232,full,2023-03-18 08:00:00
ACC0002278,yashicakanda@okicici,HDFC,974,full,2023-12-01 08:00:00
ACC0002279,upadhriti24@okaxis,BOB,414,full,2025-06-13 08:00:00
ACC0002280,rsaha@ybl,SBI,951,full,2023-12-24 08:00:00
ACC0002281,urmi29@oksbi,PNB,1212,minimal,2023-04-07 08:00:00
ACC0002282,barkhachadha@okaxis,Kotak,49,full,2026-06-13 08:00:00
ACC0002283,ldayal@okaxis,BOB,888,minimal,2024-02-25 08:00:00
ACC0002284,nakshswamy@ybl,PNB,1444,full,2022-08-18 08:00:00
ACC0002285,sagarwakeeta@ybl,SBI,77,minimal,2026-05-16 08:00:00
ACC0002286,wahab38@okicici,BOB,344,none,2025-08-22 08:00:00
ACC0002287,badamijagrati@okaxis,HDFC,448,full,2025-05-10 08:00:00
ACC0002288,ishanvi22@okaxis,HDFC,415,full,2025-06-12 08:00:00
ACC0002289,bhattgeetika@okaxis,PNB,2000,full,2021-02-08 08:00:00
ACC0002290,ncomar@ybl,ICICI,243,full,2025-12-01 08:00:00
ACC0002291,jaikapur@ybl,Paytm Payments Bank,1441,full,2022-08-21 08:00:00
ACC0002292,vkuruvilla@okhdfcbank,BOB,437,full,2025-05-21 08:00:00
ACC0002293,chakradhar84@okicici,HDFC,507,full,2025-03-12 08:00:00
ACC0002294,yutikachawla@ybl,SBI,784,full,2024-06-08 08:00:00
ACC0002295,sarmatanvi@okaxis,BOB,1790,full,2021-09-06 08:00:00
ACC0002296,cherianharsh@oksbi,BOB,256,full,2025-11-18 08:00:00
ACC0002297,tripathihenry@okaxis,Axis,170,full,2026-02-12 08:00:00
ACC0002298,jacobjha@okicici,BOB,451,minimal,2025-05-07 08:00:00
ACC0002299,naksh47@okaxis,ICICI,1391,full,2022-10-10 08:00:00
ACC0002300,jchaudhary@okicici,Axis,1953,full,2021-03-27 08:00:00
ACC0002301,gaurika21@okaxis,PNB,1432,full,2022-08-30 08:00:00
ACC0002302,revasagar@okaxis,HDFC,322,minimal,2025-09-13 08:00:00
ACC0002303,korpalurvi@oksbi,Kotak,1268,minimal,2023-02-10 08:00:00
ACC0002304,bhavini82@okaxis,Paytm Payments Bank,1830,full,2021-07-28 08:00:00
ACC0002305,latakashish@okhdfcbank,PNB,110,full,2026-04-13 08:00:00
ACC0002306,opatel@okaxis,Kotak,1911,full,2021-05-08 08:00:00
ACC0002307,maxwagle@okicici,BOB,1487,full,2022-07-06 08:00:00
ACC0002308,ikari@oksbi,BOB,1688,full,2021-12-17 08:00:00
ACC0002309,asachdev@ybl,BOB,1873,full,2021-06-15 08:00:00
ACC0002310,yvarty@oksbi,HDFC,1895,full,2021-05-24 08:00:00
ACC0002311,ayushman72@okhdfcbank,Axis,1966,minimal,2021-03-14 08:00:00
ACC0002312,varugheseekaraj@okicici,PNB,353,full,2025-08-13 08:00:00
ACC0002313,nigamdivya@oksbi,Paytm Payments Bank,166,full,2026-02-16 08:00:00
ACC0002314,bgala@ybl,HDFC,1590,none,2022-03-25 08:00:00
ACC0002315,ramaswamybalhaar@okhdfcbank,Kotak,186,full,2026-01-27 08:00:00
ACC0002316,dalbirvenkatesh@okicici,Axis,367,full,2025-07-30 08:00:00
ACC0002317,oni68@okhdfcbank,HDFC,976,full,2023-11-29 08:00:00
ACC0002318,dipta50@okaxis,BOB,1413,full,2022-09-18 08:00:00
ACC0002319,manan67@oksbi,BOB,847,full,2024-04-06 08:00:00
ACC0002320,riyapai@okhdfcbank,ICICI,543,full,2025-02-04 08:00:00
ACC0002321,thora@okaxis,Paytm Payments Bank,1563,full,2022-04-21 08:00:00
ACC0002322,bansalgaurika@ybl,Axis,199,full,2026-01-14 08:00:00
ACC0002323,hdate@oksbi,Paytm Payments Bank,926,minimal,2024-01-18 08:00:00
ACC0002324,tanay18@oksbi,ICICI,1753,minimal,2021-10-13 08:00:00
ACC0002325,harini20@okhdfcbank,ICICI,1273,full,2023-02-05 08:00:00
ACC0002326,zachariaaarna@okaxis,ICICI,1124,full,2023-07-04 08:00:00
ACC0002327,dakshasami@okhdfcbank,PNB,1593,full,2022-03-22 08:00:00
ACC0002328,bhasinkashish@oksbi,Axis,763,full,2024-06-29 08:00:00
ACC0002329,yashica51@ybl,Axis,1858,full,2021-06-30 08:00:00
ACC0002330,dashsaumya@ybl,HDFC,127,full,2026-03-27 08:00:00
ACC0002331,abdul75@okaxis,SBI,661,full,2024-10-09 08:00:00
ACC0002332,vivaanpalla@okaxis,Axis,129,minimal,2026-03-25 08:00:00
ACC0002333,bhavani92@oksbi,Axis,797,full,2024-05-26 08:00:00
ACC0002334,vvenkatesh@okhdfcbank,SBI,893,full,2024-02-20 08:00:00
ACC0002335,henrynarang@okhdfcbank,Axis,423,none,2025-06-04 08:00:00
ACC0002336,jalsasha@oksbi,ICICI,227,full,2025-12-17 08:00:00
ACC0002337,dinpavani@okhdfcbank,Kotak,1079,full,2023-08-18 08:00:00
ACC0002338,fbumb@oksbi,Axis,1313,minimal,2022-12-27 08:00:00
ACC0002339,sandalkalpit@okaxis,HDFC,839,full,2024-04-14 08:00:00
ACC0002340,ckala@okicici,Kotak,246,full,2025-11-28 08:00:00
ACC0002341,pingleneha@okicici,SBI,853,full,2024-03-31 08:00:00
ACC0002342,llalla@oksbi,HDFC,969,full,2023-12-06 08:00:00
ACC0002343,csampath@ybl,Kotak,600,full,2024-12-09 08:00:00
ACC0002344,ksaha@oksbi,BOB,1843,full,2021-07-15 08:00:00
ACC0002345,yashasvidatta@okaxis,HDFC,1256,full,2023-02-22 08:00:00
ACC0002346,ishankar@ybl,ICICI,1650,full,2022-01-24 08:00:00
ACC0002347,kalatamanna@ybl,Kotak,224,none,2025-12-20 08:00:00
ACC0002348,vbali@okaxis,ICICI,1456,full,2022-08-06 08:00:00
ACC0002349,kaladani@okicici,Paytm Payments Bank,1331,full,2022-12-09 08:00:00
ACC0002350,hchoudhary@ybl,Paytm Payments Bank,66,full,2026-05-27 08:00:00
ACC0002351,bimala08@oksbi,SBI,1341,full,2022-11-29 08:00:00
ACC0002352,jacobprabhu@okhdfcbank,PNB,1292,full,2023-01-17 08:00:00
ACC0002353,kavya44@oksbi,HDFC,907,full,2024-02-06 08:00:00
ACC0002354,ybala@okaxis,PNB,797,full,2024-05-26 08:00:00
ACC0002355,luckysama@oksbi,SBI,799,full,2024-05-24 08:00:00
ACC0002356,modybhanumati@ybl,Paytm Payments Bank,1515,full,2022-06-08 08:00:00
ACC0002357,qadimsuresh@oksbi,PNB,703,full,2024-08-28 08:00:00
ACC0002358,dasikshita@okhdfcbank,BOB,1641,full,2022-02-02 08:00:00
ACC0002359,basuomisha@okhdfcbank,Axis,620,minimal,2024-11-19 08:00:00
ACC0002360,kmukherjee@okicici,Axis,708,full,2024-08-23 08:00:00
ACC0002361,ynazareth@oksbi,Axis,140,full,2026-03-14 08:00:00
ACC0002362,usoman@ybl,Kotak,811,full,2024-05-12 08:00:00
ACC0002363,lakshitthaman@okhdfcbank,HDFC,1319,minimal,2022-12-21 08:00:00
ACC0002364,qsengupta@oksbi,SBI,173,full,2026-02-09 08:00:00
ACC0002365,udixit@oksbi,ICICI,319,full,2025-09-16 08:00:00
ACC0002366,gaurav99@ybl,Axis,1243,full,2023-03-07 08:00:00
ACC0002367,oram@okaxis,Paytm Payments Bank,190,full,2026-01-23 08:00:00
ACC0002368,inori@oksbi,Axis,1507,full,2022-06-16 08:00:00
ACC0002369,savantarunima@oksbi,PNB,1270,full,2023-02-08 08:00:00
ACC0002370,gandhiaryan@oksbi,PNB,948,minimal,2023-12-27 08:00:00
ACC0002371,jatin81@okhdfcbank,Kotak,1015,full,2023-10-21 08:00:00
ACC0002372,chatreshvig@okaxis,Paytm Payments Bank,373,full,2025-07-24 08:00:00
ACC0002373,vamakshithakkar@okaxis,ICICI,1278,minimal,2023-01-31 08:00:00
ACC0002374,darapranit@okaxis,SBI,1655,minimal,2022-01-19 08:00:00
ACC0002375,maharajsamesh@okhdfcbank,PNB,905,full,2024-02-08 08:00:00
ACC0002376,sachichad@ybl,ICICI,342,full,2025-08-24 08:00:00
ACC0002377,neelima90@okicici,Paytm Payments Bank,979,full,2023-11-26 08:00:00
ACC0002378,vbajaj@ybl,Paytm Payments Bank,1181,full,2023-05-08 08:00:00
ACC0002379,agole@okaxis,Axis,309,full,2025-09-26 08:00:00
ACC0002380,wableedhitha@okhdfcbank,SBI,418,minimal,2025-06-09 08:00:00
ACC0002381,fkurian@okicici,Paytm Payments Bank,1525,full,2022-05-29 08:00:00
ACC0002382,chaudharyom@okaxis,Kotak,881,full,2024-03-03 08:00:00
ACC0002383,maanas24@ybl,HDFC,660,full,2024-10-10 08:00:00
ACC0002384,dubedamyanti@okhdfcbank,BOB,109,minimal,2026-04-14 08:00:00
ACC0002385,dgara@oksbi,BOB,362,none,2025-08-04 08:00:00
ACC0002386,pratyush00@okicici,Paytm Payments Bank,1609,full,2022-03-06 08:00:00
ACC0002387,madhavi15@okhdfcbank,BOB,784,minimal,2024-06-08 08:00:00
ACC0002388,nitaranaik@oksbi,Axis,1536,full,2022-05-18 08:00:00
ACC0002389,keya10@okicici,SBI,1917,full,2021-05-02 08:00:00
ACC0002390,wriddhishkhalsa@oksbi,PNB,1351,full,2022-11-19 08:00:00
ACC0002391,wtrivedi@oksbi,PNB,1963,full,2021-03-17 08:00:00
ACC0002392,rcontractor@oksbi,SBI,1214,full,2023-04-05 08:00:00
ACC0002393,nadkarniucchal@okaxis,BOB,219,full,2025-12-25 08:00:00
ACC0002394,ebhatti@okhdfcbank,Axis,1875,minimal,2021-06-13 08:00:00
ACC0002395,reddyvivaan@okaxis,PNB,369,full,2025-07-28 08:00:00
ACC0002396,luthraharrison@ybl,BOB,1055,full,2023-09-11 08:00:00
ACC0002397,jeremiahmodi@okaxis,HDFC,1533,full,2022-05-21 08:00:00
ACC0002398,fsehgal@okicici,ICICI,1202,full,2023-04-17 08:00:00
ACC0002399,luckyprakash@okaxis,PNB,459,full,2025-04-29 08:00:00
ACC0002400,yatanyogi@okaxis,SBI,374,full,2025-07-23 08:00:00
ACC0002401,cseth@okaxis,BOB,1614,full,2022-03-01 08:00:00
ACC0002402,shettybimala@okaxis,ICICI,1531,full,2022-05-23 08:00:00
ACC0002403,aadibhasin@oksbi,Axis,411,full,2025-06-16 08:00:00
ACC0002404,mmahajan@okhdfcbank,Paytm Payments Bank,1059,full,2023-09-07 08:00:00
ACC0002405,lajita53@oksbi,Axis,465,full,2025-04-23 08:00:00
ACC0002406,chakradev28@oksbi,PNB,404,none,2025-06-23 08:00:00
ACC0002407,mitalgaurav@okaxis,Paytm Payments Bank,1815,full,2021-08-12 08:00:00
ACC0002408,idas@okhdfcbank,ICICI,1308,full,2023-01-01 08:00:00
ACC0002409,rachana39@okaxis,HDFC,205,full,2026-01-08 08:00:00
ACC0002410,hema47@okhdfcbank,Axis,730,full,2024-08-01 08:00:00
ACC0002411,yatan55@okhdfcbank,SBI,1407,full,2022-09-24 08:00:00
ACC0002412,triptinarasimhan@okhdfcbank,SBI,1569,full,2022-04-15 08:00:00
ACC0002413,deolaarnav@okhdfcbank,BOB,1099,full,2023-07-29 08:00:00
ACC0002414,aagrawal@okicici,Paytm Payments Bank,2000,full,2021-02-08 08:00:00
ACC0002415,odikasuresh@ybl,BOB,720,full,2024-08-11 08:00:00
ACC0002416,fyohannan@okicici,Kotak,1426,minimal,2022-09-05 08:00:00
ACC0002417,yohannanazaan@okicici,BOB,1957,full,2021-03-23 08:00:00
ACC0002418,wdasgupta@okicici,Kotak,147,minimal,2026-03-07 08:00:00
ACC0002419,yparmar@okaxis,BOB,36,full,2026-06-26 08:00:00
ACC0002420,abhiramdash@oksbi,SBI,1848,full,2021-07-10 08:00:00
ACC0002421,mprabhakar@ybl,PNB,1809,none,2021-08-18 08:00:00
ACC0002422,oandra@oksbi,Kotak,1568,full,2022-04-16 08:00:00
ACC0002423,mandishita@okaxis,BOB,1435,full,2022-08-27 08:00:00
ACC0002424,gautammitter@okicici,SBI,36,full,2026-06-26 08:00:00
ACC0002425,vivaantak@okhdfcbank,Kotak,1818,full,2021-08-09 08:00:00
ACC0002426,balhaar47@ybl,Paytm Payments Bank,508,full,2025-03-11 08:00:00
ACC0002427,abhimanyuhayre@okhdfcbank,Kotak,1284,full,2023-01-25 08:00:00
ACC0002428,rchoudhry@okaxis,HDFC,1937,full,2021-04-12 08:00:00
ACC0002429,jgarde@ybl,Axis,631,full,2024-11-08 08:00:00
ACC0002430,parthbhattacharyya@ybl,SBI,1811,full,2021-08-16 08:00:00
ACC0002431,dhruvdatta@okhdfcbank,PNB,1661,minimal,2022-01-13 08:00:00
ACC0002432,vedant84@okaxis,ICICI,1153,minimal,2023-06-05 08:00:00
ACC0002433,arinwalia@okhdfcbank,Paytm Payments Bank,1985,full,2021-02-23 08:00:00
ACC0002434,sudiksha06@oksbi,Axis,523,full,2025-02-24 08:00:00
ACC0002435,naidurachana@okhdfcbank,HDFC,1963,full,2021-03-17 08:00:00
ACC0002436,hmahal@okhdfcbank,ICICI,1495,minimal,2022-06-28 08:00:00
ACC0002437,xtandon@okaxis,PNB,698,full,2024-09-02 08:00:00
ACC0002438,kapurchampak@okaxis,HDFC,557,full,2025-01-21 08:00:00
ACC0002439,osha87@ybl,Paytm Payments Bank,1919,full,2021-04-30 08:00:00
ACC0002440,abdul63@okicici,Axis,1446,minimal,2022-08-16 08:00:00
ACC0002441,finn90@ybl,HDFC,1599,full,2022-03-16 08:00:00
ACC0002442,pallaviborde@okaxis,BOB,802,minimal,2024-05-21 08:00:00
ACC0002443,ronithgala@okicici,HDFC,487,full,2025-04-01 08:00:00
ACC0002444,deepa11@okhdfcbank,Kotak,258,full,2025-11-16 08:00:00
ACC0002445,srinivasanrachana@oksbi,HDFC,1949,full,2021-03-31 08:00:00
ACC0002446,nattzashil@okicici,BOB,290,full,2025-10-15 08:00:00
ACC0002447,hritiksolanki@okicici,SBI,33,full,2026-06-29 08:00:00
ACC0002448,harinibhagat@okaxis,BOB,418,full,2025-06-09 08:00:00
ACC0002449,zinal31@oksbi,Axis,777,full,2024-06-15 08:00:00
ACC0002450,ochandran@ybl,Paytm Payments Bank,48,full,2026-06-14 08:00:00
ACC0002451,fdash@okicici,Axis,1701,full,2021-12-04 08:00:00
ACC0002452,bandikrishna@oksbi,PNB,963,full,2023-12-12 08:00:00
ACC0002453,dhruv20@okhdfcbank,Kotak,1392,full,2022-10-09 08:00:00
ACC0002454,tbhakta@okhdfcbank,PNB,1440,none,2022-08-22 08:00:00
ACC0002455,gbhatti@ybl,Paytm Payments Bank,1476,full,2022-07-17 08:00:00
ACC0002456,benchaitaly@okaxis,PNB,471,full,2025-04-17 08:00:00
ACC0002457,gratti@okhdfcbank,Kotak,801,full,2024-05-22 08:00:00
ACC0002458,mkaul@oksbi,Axis,1497,full,2022-06-26 08:00:00
ACC0002459,settyleena@oksbi,Paytm Payments Bank,137,full,2026-03-17 08:00:00
ACC0002460,nsangha@oksbi,SBI,642,full,2024-10-28 08:00:00
ACC0002461,noriatharv@okaxis,Paytm Payments Bank,721,none,2024-08-10 08:00:00
ACC0002462,vvarughese@okaxis,BOB,1581,full,2022-04-03 08:00:00
ACC0002463,hritikchauhan@okicici,PNB,1518,full,2022-06-05 08:00:00
ACC0002464,birrishi@ybl,BOB,429,full,2025-05-29 08:00:00
ACC0002465,yashodharakunda@ybl,SBI,692,minimal,2024-09-08 08:00:00
ACC0002466,oviya79@okicici,Paytm Payments Bank,1483,full,2022-07-10 08:00:00
ACC0002467,pgrewal@oksbi,Paytm Payments Bank,1212,full,2023-04-07 08:00:00
ACC0002468,chaitanyabhasin@oksbi,Axis,626,full,2024-11-13 08:00:00
ACC0002469,devikasarin@oksbi,SBI,1562,full,2022-04-22 08:00:00
ACC0002470,deepa98@ybl,HDFC,1783,full,2021-09-13 08:00:00
ACC0002471,manansingh@oksbi,BOB,1788,none,2021-09-08 08:00:00
ACC0002472,hemal45@oksbi,SBI,904,full,2024-02-09 08:00:00
ACC0002473,vasamaanav@oksbi,SBI,1000,full,2023-11-05 08:00:00
ACC0002474,khannayashica@okicici,BOB,1085,none,2023-08-12 08:00:00
ACC0002475,samihemangini@okaxis,Axis,1314,full,2022-12-26 08:00:00
ACC0002476,saijaggi@okaxis,Paytm Payments Bank,523,full,2025-02-24 08:00:00
ACC0002477,omranbir@oksbi,BOB,1250,minimal,2023-02-28 08:00:00
ACC0002478,msibal@okhdfcbank,Paytm Payments Bank,1658,minimal,2022-01-16 08:00:00
ACC0002479,gautami94@okaxis,PNB,1361,full,2022-11-09 08:00:00
ACC0002480,knarasimhan@okicici,SBI,941,full,2024-01-03 08:00:00
ACC0002481,shabrijesh@okhdfcbank,Paytm Payments Bank,199,full,2026-01-14 08:00:00
ACC0002482,akanda@ybl,Axis,1890,full,2021-05-29 08:00:00
ACC0002483,victorshukla@ybl,Paytm Payments Bank,1203,full,2023-04-16 08:00:00
ACC0002484,williamsrivastava@okhdfcbank,ICICI,1556,full,2022-04-28 08:00:00
ACC0002485,keya36@okaxis,PNB,1350,full,2022-11-20 08:00:00
ACC0002486,abeerpatil@okicici,HDFC,233,full,2025-12-11 08:00:00
ACC0002487,borahishita@ybl,ICICI,1795,full,2021-09-01 08:00:00
ACC0002488,contractorlucky@okhdfcbank,BOB,1465,full,2022-07-28 08:00:00
ACC0002489,ria39@ybl,Paytm Payments Bank,1128,full,2023-06-30 08:00:00
ACC0002490,caleb03@ybl,HDFC,1744,minimal,2021-10-22 08:00:00
ACC0002491,bhanumatighosh@okhdfcbank,ICICI,454,minimal,2025-05-04 08:00:00
ACC0002492,adwetaghosh@oksbi,SBI,1453,full,2022-08-09 08:00:00
ACC0002493,yatan23@okicici,HDFC,1669,full,2022-01-05 08:00:00
ACC0002494,godaadweta@oksbi,ICICI,1207,full,2023-04-12 08:00:00
ACC0002495,baillaksh@okhdfcbank,HDFC,555,none,2025-01-23 08:00:00
ACC0002496,vchoudhry@okicici,Kotak,1066,none,2023-08-31 08:00:00
ACC0002497,dalajashan@okaxis,SBI,381,full,2025-07-16 08:00:00
ACC0002498,kalapradhan@ybl,PNB,124,full,2026-03-30 08:00:00
ACC0002499,radhabhattacharyya@oksbi,Paytm Payments Bank,941,full,2024-01-03 08:00:00
ACC0002500,dhawankalpit@okicici,Axis,1100,full,2023-07-28 08:00:00
ACC0002501,rehaanwalia@okhdfcbank,Axis,1387,full,2022-10-14 08:00:00
ACC0002502,uprasad@okicici,Axis,320,none,2025-09-15 08:00:00
ACC0002503,ckonda@ybl,Axis,1263,full,2023-02-15 08:00:00
ACC0002504,chaitalydixit@oksbi,BOB,598,full,2024-12-11 08:00:00
ACC0002505,yug04@okicici,BOB,552,full,2025-01-26 08:00:00
ACC0002506,yashodasuresh@okaxis,Paytm Payments Bank,364,full,2025-08-02 08:00:00
ACC0002507,finnsinghal@okaxis,ICICI,550,full,2025-01-28 08:00:00
ACC0002508,ganeshyashoda@okicici,Axis,174,full,2026-02-08 08:00:00
ACC0002509,xupadhyay@ybl,ICICI,1184,full,2023-05-05 08:00:00
ACC0002510,dvenkataraman@okicici,BOB,344,full,2025-08-22 08:00:00
ACC0002511,ekantaprakash@oksbi,HDFC,1266,full,2023-02-12 08:00:00
ACC0002512,etalwar@okhdfcbank,BOB,1118,full,2023-07-10 08:00:00
ACC0002513,nandini90@okhdfcbank,Kotak,1341,minimal,2022-11-29 08:00:00
ACC0002514,theodorejain@okicici,ICICI,1623,minimal,2022-02-20 08:00:00
ACC0002515,zkeer@okicici,SBI,492,full,2025-03-27 08:00:00
ACC0002516,daminisandal@okaxis,HDFC,485,minimal,2025-04-03 08:00:00
ACC0002517,xdugar@oksbi,PNB,282,full,2025-10-23 08:00:00
ACC0002518,frado21@okaxis,HDFC,1682,full,2021-12-23 08:00:00
ACC0002519,sai85@ybl,PNB,1464,full,2022-07-29 08:00:00
ACC0002520,benjaminshroff@okhdfcbank,SBI,1274,full,2023-02-04 08:00:00
ACC0002521,pooja77@okaxis,ICICI,1968,full,2021-03-12 08:00:00
ACC0002522,xrege@ybl,BOB,1548,full,2022-05-06 08:00:00
ACC0002523,rnadig@okicici,SBI,291,full,2025-10-14 08:00:00
ACC0002524,lbakshi@oksbi,ICICI,1490,full,2022-07-03 08:00:00
ACC0002525,qkaur@okicici,SBI,1192,minimal,2023-04-27 08:00:00
ACC0002526,parmerfitan@okicici,Axis,1339,full,2022-12-01 08:00:00
ACC0002527,yachana88@okaxis,ICICI,886,full,2024-02-27 08:00:00
ACC0002528,malhotravedant@okaxis,PNB,754,full,2024-07-08 08:00:00
ACC0002529,daniekbal@ybl,Axis,906,full,2024-02-07 08:00:00
ACC0002530,balvan83@okhdfcbank,PNB,1787,full,2021-09-09 08:00:00
ACC0002531,ronith54@okhdfcbank,HDFC,670,full,2024-09-30 08:00:00
ACC0002532,anvi39@okhdfcbank,ICICI,521,full,2025-02-26 08:00:00
ACC0002533,advikaanand@okicici,Paytm Payments Bank,203,minimal,2026-01-10 08:00:00
ACC0002534,baghyawati56@okaxis,ICICI,51,full,2026-06-11 08:00:00
ACC0002535,earora@ybl,HDFC,1084,full,2023-08-13 08:00:00
ACC0002536,mitalikari@oksbi,SBI,1292,full,2023-01-17 08:00:00
ACC0002537,shauryasom@ybl,Kotak,1468,full,2022-07-25 08:00:00
ACC0002538,zaitrasidhu@ybl,SBI,1543,full,2022-05-11 08:00:00
ACC0002539,yoak@ybl,Axis,375,full,2025-07-22 08:00:00
ACC0002540,munshiraghav@oksbi,Kotak,781,none,2024-06-11 08:00:00
ACC0002541,nsahni@okaxis,BOB,895,full,2024-02-18 08:00:00
ACC0002542,jsengupta@okicici,Axis,261,minimal,2025-11-13 08:00:00
ACC0002543,prasadliam@okhdfcbank,PNB,1772,full,2021-09-24 08:00:00
ACC0002544,dalajaandra@okicici,Axis,631,full,2024-11-08 08:00:00
ACC0002545,vpant@ybl,BOB,1322,full,2022-12-18 08:00:00
ACC0002546,onisandal@ybl,SBI,654,minimal,2024-10-16 08:00:00
ACC0002547,tyogi@ybl,Paytm Payments Bank,1857,full,2021-07-01 08:00:00
ACC0002548,arin90@ybl,Paytm Payments Bank,42,full,2026-06-20 08:00:00
ACC0002549,miteshnarayanan@okhdfcbank,SBI,754,full,2024-07-08 08:00:00
ACC0002550,nraj@oksbi,BOB,1509,full,2022-06-14 08:00:00
ACC0002551,ibhatt@okaxis,Paytm Payments Bank,237,full,2025-12-07 08:00:00
ACC0002552,eguha@ybl,ICICI,1113,full,2023-07-15 08:00:00
ACC0002553,narasimhansiya@okaxis,SBI,1900,full,2021-05-19 08:00:00
ACC0002554,girik21@okicici,Axis,1374,full,2022-10-27 08:00:00
ACC0002555,azadsuresh@okicici,Kotak,796,full,2024-05-27 08:00:00
ACC0002556,groverrushil@ybl,PNB,403,full,2025-06-24 08:00:00
ACC0002557,rajubhanumati@okaxis,ICICI,928,full,2024-01-16 08:00:00
ACC0002558,virajmanne@okaxis,SBI,1560,full,2022-04-24 08:00:00
ACC0002559,shadakshesh@oksbi,HDFC,1812,full,2021-08-15 08:00:00
ACC0002560,zarna02@oksbi,BOB,112,full,2026-04-11 08:00:00
ACC0002561,nirja62@okhdfcbank,ICICI,708,full,2024-08-23 08:00:00
ACC0002562,dayalomya@okaxis,PNB,1972,full,2021-03-08 08:00:00
ACC0002563,ybiswas@ybl,Paytm Payments Bank,1031,minimal,2023-10-05 08:00:00
ACC0002564,kalpitjha@oksbi,Kotak,1492,minimal,2022-07-01 08:00:00
ACC0002565,rachana72@okaxis,BOB,1628,full,2022-02-15 08:00:00
ACC0002566,samaksh87@okhdfcbank,SBI,1991,full,2021-02-17 08:00:00
ACC0002567,saksham02@ybl,SBI,734,minimal,2024-07-28 08:00:00
ACC0002568,zbhatt@okhdfcbank,Kotak,514,full,2025-03-05 08:00:00
ACC0002569,falguniswaminathan@okhdfcbank,BOB,1252,full,2023-02-26 08:00:00
ACC0002570,kshere@okaxis,HDFC,607,minimal,2024-12-02 08:00:00
ACC0002571,chandbhavna@ybl,ICICI,537,full,2025-02-10 08:00:00
ACC0002572,spalan@oksbi,PNB,412,minimal,2025-06-15 08:00:00
ACC0002573,mahika92@okicici,Axis,1799,full,2021-08-28 08:00:00
ACC0002574,lkrish@oksbi,Paytm Payments Bank,908,full,2024-02-05 08:00:00
ACC0002575,yshankar@okhdfcbank,ICICI,1688,full,2021-12-17 08:00:00
ACC0002576,girishramaswamy@ybl,ICICI,1780,full,2021-09-16 08:00:00
ACC0002577,khatrinakul@okaxis,SBI,300,full,2025-10-05 08:00:00
ACC0002578,bishakha13@oksbi,BOB,423,full,2025-06-04 08:00:00
ACC0002579,wsabharwal@okhdfcbank,SBI,438,full,2025-05-20 08:00:00
ACC0002580,pillayfaraj@okicici,Axis,1105,full,2023-07-23 08:00:00
ACC0002581,thamaneshana@okaxis,SBI,902,full,2024-02-11 08:00:00
ACC0002582,kseshadri@okhdfcbank,PNB,1348,full,2022-11-22 08:00:00
ACC0002583,sarthak80@okicici,Kotak,774,full,2024-06-18 08:00:00
ACC0002584,ebala@okicici,SBI,535,full,2025-02-12 08:00:00
ACC0002585,vraj@okhdfcbank,Kotak,31,full,2026-07-01 08:00:00
ACC0002586,zhayer@okicici,HDFC,996,full,2023-11-09 08:00:00
ACC0002587,annezashil@okaxis,Kotak,546,full,2025-02-01 08:00:00
ACC0002588,deshpandeeta@okhdfcbank,SBI,258,full,2025-11-16 08:00:00
ACC0002589,dsundaram@oksbi,Kotak,1607,full,2022-03-08 08:00:00
ACC0002590,butalaxavier@okicici,Kotak,1688,full,2021-12-17 08:00:00
ACC0002591,edey@oksbi,BOB,595,full,2024-12-14 08:00:00
ACC0002592,neel20@oksbi,HDFC,247,full,2025-11-27 08:00:00
ACC0002593,goelchaitaly@oksbi,Axis,1898,full,2021-05-21 08:00:00
ACC0002594,warriormahika@okhdfcbank,HDFC,1925,minimal,2021-04-24 08:00:00
ACC0002595,farasapte@okicici,PNB,1297,full,2023-01-12 08:00:00
ACC0002596,mitesh75@oksbi,ICICI,1588,full,2022-03-27 08:00:00
ACC0002597,tarakbanerjee@okaxis,PNB,422,minimal,2025-06-05 08:00:00
ACC0002598,riyabatta@ybl,Kotak,1585,minimal,2022-03-30 08:00:00
ACC0002599,ramakrishnandarika@okhdfcbank,BOB,948,full,2023-12-27 08:00:00
ACC0002600,mben@ybl,SBI,888,full,2024-02-25 08:00:00
ACC0002601,bavakrishna@oksbi,PNB,591,full,2024-12-18 08:00:00
ACC0002602,zaidprasad@okhdfcbank,Axis,1189,full,2023-04-30 08:00:00
ACC0002603,ryanchand@okaxis,HDFC,844,full,2024-04-09 08:00:00
ACC0002604,samaayaan@ybl,BOB,1567,full,2022-04-17 08:00:00
ACC0002605,nazarethrehaan@okaxis,PNB,829,full,2024-04-24 08:00:00
ACC0002606,kannangopal@oksbi,Axis,37,full,2026-06-25 08:00:00
ACC0002607,oliverbasu@ybl,Paytm Payments Bank,48,full,2026-06-14 08:00:00
ACC0002608,gvala@ybl,PNB,1505,full,2022-06-18 08:00:00
ACC0002609,ekantika83@okicici,PNB,481,full,2025-04-07 08:00:00
ACC0002610,meghasangha@oksbi,SBI,380,full,2025-07-17 08:00:00
ACC0002611,katatanay@okhdfcbank,ICICI,627,minimal,2024-11-12 08:00:00
ACC0002612,parikhekiya@oksbi,PNB,598,minimal,2024-12-11 08:00:00
ACC0002613,alexanderratti@oksbi,Axis,135,full,2026-03-19 08:00:00
ACC0002614,advik63@okicici,Kotak,32,full,2026-06-30 08:00:00
ACC0002615,ekannan@ybl,PNB,1968,full,2021-03-12 08:00:00
ACC0002616,jyoti01@ybl,PNB,866,full,2024-03-18 08:00:00
ACC0002617,nirjamitra@okhdfcbank,Kotak,147,full,2026-03-07 08:00:00
ACC0002618,tchaudry@oksbi,PNB,602,none,2024-12-07 08:00:00
ACC0002619,zayanchandran@ybl,HDFC,1130,full,2023-06-28 08:00:00
ACC0002620,lipika25@okaxis,PNB,1439,minimal,2022-08-23 08:00:00
ACC0002621,eeshasubramaniam@ybl,Axis,1329,minimal,2022-12-11 08:00:00
ACC0002622,nayakandrew@okicici,PNB,481,full,2025-04-07 08:00:00
ACC0002623,graja@okaxis,ICICI,1319,full,2022-12-21 08:00:00
ACC0002624,yahviarya@okaxis,Kotak,1524,full,2022-05-30 08:00:00
ACC0002625,anshdash@okhdfcbank,Paytm Payments Bank,1011,full,2023-10-25 08:00:00
ACC0002626,warjas63@oksbi,Axis,408,full,2025-06-19 08:00:00
ACC0002627,bhasinlaksh@oksbi,PNB,1961,full,2021-03-19 08:00:00
ACC0002628,wishi43@oksbi,BOB,363,full,2025-08-03 08:00:00
ACC0002629,keyajayaraman@okhdfcbank,ICICI,414,full,2025-06-13 08:00:00
ACC0002630,khannasachi@okaxis,BOB,532,full,2025-02-15 08:00:00
ACC0002631,krish45@oksbi,SBI,1108,full,2023-07-20 08:00:00
ACC0002632,vermaoeshi@okaxis,SBI,803,full,2024-05-20 08:00:00
ACC0002633,arjun35@okhdfcbank,ICICI,57,full,2026-06-05 08:00:00
ACC0002634,xavier38@okicici,ICICI,201,minimal,2026-01-12 08:00:00
ACC0002635,kotharitristan@okhdfcbank,SBI,1258,none,2023-02-20 08:00:00
ACC0002636,uverma@ybl,Kotak,247,minimal,2025-11-27 08:00:00
ACC0002637,riyaahuja@oksbi,ICICI,204,full,2026-01-09 08:00:00
ACC0002638,swamyekaraj@okaxis,ICICI,1182,full,2023-05-07 08:00:00
ACC0002639,charlesdhaliwal@oksbi,Axis,1010,full,2023-10-26 08:00:00
ACC0002640,jeremiahchand@okicici,HDFC,1447,full,2022-08-15 08:00:00
ACC0002641,samarthkeer@okhdfcbank,PNB,121,full,2026-04-02 08:00:00
ACC0002642,sandhuunni@okaxis,ICICI,1845,full,2021-07-13 08:00:00
ACC0002643,nitesh33@okhdfcbank,Axis,489,full,2025-03-30 08:00:00
ACC0002644,mgoda@okicici,PNB,331,full,2025-09-04 08:00:00
ACC0002645,chavvimangal@okaxis,HDFC,1830,full,2021-07-28 08:00:00
ACC0002646,rjaggi@oksbi,HDFC,255,none,2025-11-19 08:00:00
ACC0002647,xbuch@okicici,HDFC,607,full,2024-12-02 08:00:00
ACC0002648,kpurohit@okicici,HDFC,272,minimal,2025-11-02 08:00:00
ACC0002649,bsastry@oksbi,ICICI,1268,full,2023-02-10 08:00:00
ACC0002650,ydugal@ybl,ICICI,715,full,2024-08-16 08:00:00
ACC0002651,wbahri@okicici,PNB,337,full,2025-08-29 08:00:00
ACC0002652,fsane@okicici,Paytm Payments Bank,242,full,2025-12-02 08:00:00
ACC0002653,michael82@okicici,HDFC,1940,minimal,2021-04-09 08:00:00
ACC0002654,lajita74@oksbi,ICICI,1794,full,2021-09-02 08:00:00
ACC0002655,ymander@okaxis,Paytm Payments Bank,829,minimal,2024-04-24 08:00:00
ACC0002656,vbora@ybl,BOB,261,none,2025-11-13 08:00:00
ACC0002657,upasnahayre@oksbi,HDFC,600,full,2024-12-09 08:00:00
ACC0002658,ranveeragrawal@oksbi,BOB,291,full,2025-10-14 08:00:00
ACC0002659,tellakavya@okaxis,Paytm Payments Bank,1042,full,2023-09-24 08:00:00
ACC0002660,aravel@ybl,Kotak,877,full,2024-03-07 08:00:00
ACC0002661,yprakash@oksbi,BOB,1963,full,2021-03-17 08:00:00
ACC0002662,pmorar@ybl,Paytm Payments Bank,1048,full,2023-09-18 08:00:00
ACC0002663,regebalvan@oksbi,BOB,1712,full,2021-11-23 08:00:00
ACC0002664,rajannicholas@okaxis,Axis,1494,full,2022-06-29 08:00:00
ACC0002665,rajatakumer@okicici,SBI,511,full,2025-03-08 08:00:00
ACC0002666,yashodhara75@okhdfcbank,Kotak,1772,full,2021-09-24 08:00:00
ACC0002667,rajanpanini@oksbi,HDFC,1991,full,2021-02-17 08:00:00
ACC0002668,xaviersridhar@okicici,ICICI,745,full,2024-07-17 08:00:00
ACC0002669,pathakayaan@ybl,BOB,325,full,2025-09-10 08:00:00
ACC0002670,advikashah@oksbi,SBI,1725,full,2021-11-10 08:00:00
ACC0002671,aachalkota@oksbi,BOB,270,full,2025-11-04 08:00:00
ACC0002672,advikdada@okaxis,Kotak,1455,full,2022-08-07 08:00:00
ACC0002673,rajagopalanmitali@ybl,HDFC,247,full,2025-11-27 08:00:00
ACC0002674,vasaranbir@oksbi,SBI,1246,full,2023-03-04 08:00:00
ACC0002675,bgandhi@okhdfcbank,Axis,319,full,2025-09-16 08:00:00
ACC0002676,chasmum88@okaxis,ICICI,1195,minimal,2023-04-24 08:00:00
ACC0002677,umorar@oksbi,PNB,992,full,2023-11-13 08:00:00
ACC0002678,gchakraborty@okicici,Paytm Payments Bank,1509,minimal,2022-06-14 08:00:00
ACC0002679,luke43@okhdfcbank,PNB,1453,full,2022-08-09 08:00:00
ACC0002680,amorar@okhdfcbank,ICICI,152,full,2026-03-02 08:00:00
ACC0002681,vyanjanaagarwal@okaxis,BOB,52,full,2026-06-10 08:00:00
ACC0002682,boaseomisha@okaxis,PNB,1823,minimal,2021-08-04 08:00:00
ACC0002683,umani@okicici,Axis,1057,full,2023-09-09 08:00:00
ACC0002684,lgarde@okicici,HDFC,351,full,2025-08-15 08:00:00
ACC0002685,quincy23@oksbi,Axis,1977,full,2021-03-03 08:00:00
ACC0002686,ggopal@oksbi,BOB,144,full,2026-03-10 08:00:00
ACC0002687,seshadrisimon@ybl,HDFC,1557,minimal,2022-04-27 08:00:00
ACC0002688,saibhargava@okaxis,Kotak,989,full,2023-11-16 08:00:00
ACC0002689,rehaanlad@okaxis,ICICI,859,full,2024-03-25 08:00:00
ACC0002690,osastry@okaxis,Axis,790,full,2024-06-02 08:00:00
ACC0002691,ganesanfariq@okhdfcbank,Kotak,243,full,2025-12-01 08:00:00
ACC0002692,frederick61@okicici,SBI,1763,full,2021-10-03 08:00:00
ACC0002693,devansh50@ybl,HDFC,363,full,2025-08-03 08:00:00
ACC0002694,vanyasundaram@okhdfcbank,PNB,1252,full,2023-02-26 08:00:00
ACC0002695,andradarsh@okhdfcbank,Axis,443,full,2025-05-15 08:00:00
ACC0002696,abhimanyu90@ybl,SBI,1197,full,2023-04-22 08:00:00
ACC0002697,kakarabhimanyu@okaxis,SBI,1648,full,2022-01-26 08:00:00
ACC0002698,wvenkatesh@okicici,SBI,220,none,2025-12-24 08:00:00
ACC0002699,vedika75@okicici,BOB,1569,full,2022-04-15 08:00:00
ACC0002700,xnayar@okaxis,Kotak,674,none,2024-09-26 08:00:00
ACC0002701,divya35@okhdfcbank,Kotak,1469,full,2022-07-24 08:00:00
ACC0002702,nradhakrishnan@ybl,HDFC,1548,full,2022-05-06 08:00:00
ACC0002703,parekhganga@oksbi,SBI,1617,full,2022-02-26 08:00:00
ACC0002704,aggarwaltanmayi@okaxis,SBI,812,full,2024-05-11 08:00:00
ACC0002705,bdewan@okaxis,HDFC,340,minimal,2025-08-26 08:00:00
ACC0002706,waliati@oksbi,Axis,221,minimal,2025-12-23 08:00:00
ACC0002707,jyotiseth@oksbi,ICICI,1369,none,2022-11-01 08:00:00
ACC0002708,avarma@ybl,Kotak,1057,full,2023-09-09 08:00:00
ACC0002709,aarushnagy@okicici,PNB,298,full,2025-10-07 08:00:00
ACC0002710,parsachakradev@okaxis,SBI,1782,minimal,2021-09-14 08:00:00
ACC0002711,sachi39@okaxis,Axis,1615,full,2022-02-28 08:00:00
ACC0002712,vratta@ybl,HDFC,1280,none,2023-01-29 08:00:00
ACC0002713,pallpriya@okaxis,HDFC,1191,minimal,2023-04-28 08:00:00
ACC0002714,uchaudhry@okicici,HDFC,322,full,2025-09-13 08:00:00
ACC0002715,mmemon@okicici,ICICI,961,minimal,2023-12-14 08:00:00
ACC0002716,lukevenkatesh@okhdfcbank,PNB,360,full,2025-08-06 08:00:00
ACC0002717,dattawidisha@okhdfcbank,HDFC,753,full,2024-07-09 08:00:00
ACC0002718,mitraunni@okaxis,PNB,1610,none,2022-03-05 08:00:00
ACC0002719,sanayadalia@okaxis,ICICI,554,minimal,2025-01-24 08:00:00
ACC0002720,pzachariah@okaxis,SBI,1194,full,2023-04-25 08:00:00
ACC0002721,siddharthgarde@okaxis,BOB,617,minimal,2024-11-22 08:00:00
ACC0002722,cherianradhika@oksbi,Paytm Payments Bank,1908,full,2021-05-11 08:00:00
ACC0002723,dyaleta@ybl,Kotak,1760,full,2021-10-06 08:00:00
ACC0002724,omand@okaxis,Paytm Payments Bank,1427,full,2022-09-04 08:00:00
ACC0002725,vamakshi12@okhdfcbank,SBI,1823,full,2021-08-04 08:00:00
ACC0002726,ychana@ybl,SBI,531,full,2025-02-16 08:00:00
ACC0002727,udarsh99@okicici,BOB,245,full,2025-11-29 08:00:00
ACC0002728,ozakrishna@okhdfcbank,Axis,847,full,2024-04-06 08:00:00
ACC0002729,zsarkar@okhdfcbank,Kotak,976,full,2023-11-29 08:00:00
ACC0002730,udantlad@ybl,Paytm Payments Bank,1345,full,2022-11-25 08:00:00
ACC0002731,mannangagan@okhdfcbank,BOB,399,minimal,2025-06-28 08:00:00
ACC0002732,chakrabortyharini@okaxis,Kotak,438,full,2025-05-20 08:00:00
ACC0002733,jackpillai@ybl,Paytm Payments Bank,731,full,2024-07-31 08:00:00
ACC0002734,dhritirai@okaxis,HDFC,1548,full,2022-05-06 08:00:00
ACC0002735,mukhopadhyaydavid@ybl,ICICI,108,minimal,2026-04-15 08:00:00
ACC0002736,lipikasampath@oksbi,Kotak,328,full,2025-09-07 08:00:00
ACC0002737,janya28@okaxis,SBI,1261,minimal,2023-02-17 08:00:00
ACC0002738,hredhaanrana@okaxis,Paytm Payments Bank,770,full,2024-06-22 08:00:00
ACC0002739,yohannantriveni@okhdfcbank,BOB,463,full,2025-04-25 08:00:00
ACC0002740,maanav43@oksbi,HDFC,1331,full,2022-12-09 08:00:00
ACC0002741,jshah@okaxis,HDFC,590,full,2024-12-19 08:00:00
ACC0002742,madhav09@okaxis,BOB,1488,full,2022-07-05 08:00:00
ACC0002743,dayamai81@okicici,ICICI,1401,minimal,2022-09-30 08:00:00
ACC0002744,vanya37@okaxis,Kotak,219,none,2025-12-25 08:00:00
ACC0002745,krisha05@oksbi,Axis,638,full,2024-11-01 08:00:00
ACC0002746,shivanshkar@okaxis,Paytm Payments Bank,888,full,2024-02-25 08:00:00
ACC0002747,golavinaya@oksbi,BOB,1635,full,2022-02-08 08:00:00
ACC0002748,qmistry@ybl,BOB,1449,minimal,2022-08-13 08:00:00
ACC0002749,anthonyramanathan@ybl,Axis,1178,full,2023-05-11 08:00:00
ACC0002750,pahal75@ybl,ICICI,1397,full,2022-10-04 08:00:00
ACC0002751,eraman@okicici,SBI,1716,full,2021-11-19 08:00:00
ACC0002752,barkha38@oksbi,Paytm Payments Bank,969,minimal,2023-12-06 08:00:00
ACC0002753,ichatterjee@okaxis,PNB,262,full,2025-11-12 08:00:00
ACC0002754,chatura47@okaxis,ICICI,37,full,2026-06-25 08:00:00
ACC0002755,lakshsathe@ybl,HDFC,1338,full,2022-12-02 08:00:00
ACC0002756,jmanne@oksbi,BOB,1557,full,2022-04-27 08:00:00
ACC0002757,tejashayre@oksbi,BOB,1615,full,2022-02-28 08:00:00
ACC0002758,pathakharsh@oksbi,SBI,459,full,2025-04-29 08:00:00
ACC0002759,krishasane@okhdfcbank,PNB,775,minimal,2024-06-17 08:00:00
ACC0002760,dakshchar@okhdfcbank,Paytm Payments Bank,1058,full,2023-09-08 08:00:00
ACC0002761,urvi20@okaxis,BOB,963,full,2023-12-12 08:00:00
ACC0002762,varmahamsini@ybl,BOB,1726,full,2021-11-09 08:00:00
ACC0002763,odixit@okicici,HDFC,1596,minimal,2022-03-19 08:00:00
ACC0002764,ckonda@okaxis,Kotak,969,full,2023-12-06 08:00:00
ACC0002765,khoslamekhala@oksbi,BOB,1248,full,2023-03-02 08:00:00
ACC0002766,smittal@okaxis,PNB,1760,full,2021-10-06 08:00:00
ACC0002767,keyachakraborty@okhdfcbank,HDFC,1950,minimal,2021-03-30 08:00:00
ACC0002768,rraja@okhdfcbank,SBI,242,full,2025-12-02 08:00:00
ACC0002769,apillai@okhdfcbank,Paytm Payments Bank,872,full,2024-03-12 08:00:00
ACC0002770,dadafitan@ybl,HDFC,1307,full,2023-01-02 08:00:00
ACC0002771,sureshyashodhara@ybl,SBI,1060,full,2023-09-06 08:00:00
ACC0002772,arinsrinivasan@okaxis,Axis,1774,full,2021-09-22 08:00:00
ACC0002773,girindra92@ybl,BOB,961,full,2023-12-14 08:00:00
ACC0002774,psule@okaxis,HDFC,1783,full,2021-09-13 08:00:00
ACC0002775,kmisra@okaxis,BOB,1655,minimal,2022-01-19 08:00:00
ACC0002776,hardiknanda@okaxis,SBI,1350,minimal,2022-11-20 08:00:00
ACC0002777,yogiqasim@oksbi,PNB,1631,full,2022-02-12 08:00:00
ACC0002778,zbahri@okicici,PNB,1378,minimal,2022-10-23 08:00:00
ACC0002779,hbhatt@okaxis,Axis,1658,full,2022-01-16 08:00:00
ACC0002780,johaljacob@okaxis,SBI,1891,full,2021-05-28 08:00:00
ACC0002781,pranitahluwalia@okicici,Kotak,344,full,2025-08-22 08:00:00
ACC0002782,hmurthy@ybl,BOB,1994,full,2021-02-14 08:00:00
ACC0002783,davesamuel@oksbi,BOB,831,minimal,2024-04-22 08:00:00
ACC0002784,gagankunda@ybl,BOB,1671,full,2022-01-03 08:00:00
ACC0002785,chadjeet@okaxis,ICICI,1333,full,2022-12-07 08:00:00
ACC0002786,januja82@ybl,ICICI,681,full,2024-09-19 08:00:00
ACC0002787,pacharya@oksbi,HDFC,233,full,2025-12-11 08:00:00
ACC0002788,chakradhar84@okaxis,PNB,1636,minimal,2022-02-07 08:00:00
ACC0002789,kdey@okicici,Axis,355,full,2025-08-11 08:00:00
ACC0002790,hmunshi@okaxis,SBI,82,full,2026-05-11 08:00:00
ACC0002791,yashvi31@oksbi,SBI,1245,full,2023-03-05 08:00:00
ACC0002792,khalsabalhaar@okhdfcbank,BOB,1143,full,2023-06-15 08:00:00
ACC0002793,luckymistry@oksbi,Paytm Payments Bank,1533,full,2022-05-21 08:00:00
ACC0002794,krishkalita@okicici,ICICI,1622,full,2022-02-21 08:00:00
ACC0002795,arunima29@oksbi,PNB,1868,full,2021-06-20 08:00:00
ACC0002796,jborde@oksbi,BOB,1751,minimal,2021-10-15 08:00:00
ACC0002797,abha62@okhdfcbank,PNB,1380,full,2022-10-21 08:00:00
ACC0002798,fshan@okhdfcbank,HDFC,324,full,2025-09-11 08:00:00
ACC0002799,pavani28@ybl,HDFC,1928,full,2021-04-21 08:00:00
ACC0002800,ekavirluthra@okicici,ICICI,608,full,2024-12-01 08:00:00
ACC0002801,kashishvaidya@okicici,Axis,1042,full,2023-09-24 08:00:00
ACC0002802,onidube@okhdfcbank,BOB,1035,full,2023-10-01 08:00:00
ACC0002803,radha60@okhdfcbank,Axis,1994,full,2021-02-14 08:00:00
ACC0002804,farasmadan@okicici,Paytm Payments Bank,798,minimal,2024-05-25 08:00:00
ACC0002805,waliimaran@okicici,SBI,398,minimal,2025-06-29 08:00:00
ACC0002806,vbhatti@ybl,SBI,1380,full,2022-10-21 08:00:00
ACC0002807,patilgauri@okicici,Paytm Payments Bank,732,none,2024-07-30 08:00:00
ACC0002808,madhav34@ybl,SBI,1258,full,2023-02-20 08:00:00
ACC0002809,chaudharikrishna@okicici,HDFC,1548,full,2022-05-06 08:00:00
ACC0002810,kritikacheema@ybl,SBI,90,full,2026-05-03 08:00:00
ACC0002811,gilldamini@oksbi,Axis,1588,minimal,2022-03-27 08:00:00
ACC0002812,hchandran@oksbi,SBI,265,full,2025-11-09 08:00:00
ACC0002813,baghyawati84@okhdfcbank,ICICI,480,full,2025-04-08 08:00:00
ACC0002814,bavaonkar@oksbi,HDFC,1016,full,2023-10-20 08:00:00
ACC0002815,lopa25@okicici,Paytm Payments Bank,1159,full,2023-05-30 08:00:00
ACC0002816,lsood@okaxis,BOB,1045,minimal,2023-09-21 08:00:00
ACC0002817,aashiandra@oksbi,Axis,542,full,2025-02-05 08:00:00
ACC0002818,jonathandhar@okicici,BOB,1847,full,2021-07-11 08:00:00
ACC0002819,dloke@ybl,PNB,1654,full,2022-01-20 08:00:00
ACC0002820,zaid96@okaxis,BOB,451,minimal,2025-05-07 08:00:00
ACC0002821,cgoswami@ybl,PNB,897,minimal,2024-02-16 08:00:00
ACC0002822,upadhriti84@okhdfcbank,BOB,1305,full,2023-01-04 08:00:00
ACC0002823,priya83@okicici,Kotak,1191,minimal,2023-04-28 08:00:00
ACC0002824,gagan46@okhdfcbank,Paytm Payments Bank,1708,full,2021-11-27 08:00:00
ACC0002825,gautam11@ybl,PNB,99,full,2026-04-24 08:00:00
ACC0002826,girikgandhi@ybl,Kotak,631,full,2024-11-08 08:00:00
ACC0002827,chadbhavika@oksbi,Kotak,264,full,2025-11-10 08:00:00
ACC0002828,banne@okicici,Axis,410,full,2025-06-17 08:00:00
ACC0002829,varshatank@okicici,Kotak,1375,full,2022-10-26 08:00:00
ACC0002830,raviakshay@okhdfcbank,SBI,673,full,2024-09-27 08:00:00
ACC0002831,abhimanyusandal@okicici,Axis,52,full,2026-06-10 08:00:00
ACC0002832,yash89@okicici,Axis,1658,full,2022-01-16 08:00:00
ACC0002833,senom@okicici,Axis,819,full,2024-05-04 08:00:00
ACC0002834,parthborde@ybl,PNB,240,full,2025-12-04 08:00:00
ACC0002835,kiaan85@okhdfcbank,BOB,1967,full,2021-03-13 08:00:00
ACC0002836,samiwarhi@okicici,Kotak,921,full,2024-01-23 08:00:00
ACC0002837,xgarde@okaxis,Paytm Payments Bank,131,full,2026-03-23 08:00:00
ACC0002838,nigamzaid@okaxis,HDFC,592,full,2024-12-17 08:00:00
ACC0002839,mannanchandani@ybl,Kotak,380,full,2025-07-17 08:00:00
ACC0002840,qmemon@ybl,SBI,514,full,2025-03-05 08:00:00
ACC0002841,aarnavramesh@ybl,SBI,1348,minimal,2022-11-22 08:00:00
ACC0002842,dalajavarma@oksbi,BOB,612,full,2024-11-27 08:00:00
ACC0002843,shethvinaya@ybl,SBI,1122,full,2023-07-06 08:00:00
ACC0002844,parekhabeer@okhdfcbank,Paytm Payments Bank,63,full,2026-05-30 08:00:00
ACC0002845,tnarasimhan@okaxis,PNB,1673,full,2022-01-01 08:00:00
ACC0002846,hredhaan05@okicici,BOB,1573,full,2022-04-11 08:00:00
ACC0002847,neelimapant@okicici,Paytm Payments Bank,1616,full,2022-02-27 08:00:00
ACC0002848,chaudhuriraagini@okicici,Paytm Payments Bank,835,full,2024-04-18 08:00:00
ACC0002849,fhora@okhdfcbank,Kotak,1342,minimal,2022-11-28 08:00:00
ACC0002850,nirjadasgupta@okhdfcbank,Axis,240,full,2025-12-04 08:00:00
ACC0002851,jamble@oksbi,HDFC,51,none,2026-06-11 08:00:00
ACC0002852,upkaar76@okaxis,Axis,1794,full,2021-09-02 08:00:00
ACC0002853,chandani56@okicici,SBI,421,minimal,2025-06-06 08:00:00
ACC0002854,amrutachopra@okhdfcbank,PNB,1807,minimal,2021-08-20 08:00:00
ACC0002855,ksarna@okhdfcbank,SBI,118,minimal,2026-04-05 08:00:00
ACC0002856,iryasaraf@okicici,Kotak,183,full,2026-01-30 08:00:00
ACC0002857,parmerrushil@okaxis,PNB,1651,full,2022-01-23 08:00:00
ACC0002858,guptabhavani@oksbi,Paytm Payments Bank,1924,full,2021-04-25 08:00:00
ACC0002859,deolmegha@oksbi,BOB,683,full,2024-09-17 08:00:00
ACC0002860,cnarula@okhdfcbank,Axis,1398,full,2022-10-03 08:00:00
ACC0002861,rushilsrinivas@okaxis,PNB,1384,full,2022-10-17 08:00:00
ACC0002862,jagat67@okaxis,Axis,1526,full,2022-05-28 08:00:00
ACC0002863,udatta@okicici,HDFC,1599,full,2022-03-16 08:00:00
ACC0002864,uthaker@oksbi,Axis,1741,full,2021-10-25 08:00:00
ACC0002865,hdeep@okaxis,SBI,183,full,2026-01-30 08:00:00
ACC0002866,bailjonathan@oksbi,Paytm Payments Bank,1403,minimal,2022-09-28 08:00:00
ACC0002867,hemanginitella@okaxis,HDFC,414,full,2025-06-13 08:00:00
ACC0002868,khalsacharles@ybl,Kotak,1697,minimal,2021-12-08 08:00:00
ACC0002869,pushti90@okaxis,ICICI,668,minimal,2024-10-02 08:00:00
ACC0002870,ssrinivasan@oksbi,Axis,246,minimal,2025-11-28 08:00:00
ACC0002871,vedika16@okaxis,Axis,819,minimal,2024-05-04 08:00:00
ACC0002872,michaelvaidya@okhdfcbank,PNB,414,full,2025-06-13 08:00:00
ACC0002873,zaidmand@okicici,HDFC,1435,full,2022-08-27 08:00:00
ACC0002874,lallyug@okhdfcbank,HDFC,1824,full,2021-08-03 08:00:00
ACC0002875,eissac@okaxis,ICICI,1861,full,2021-06-27 08:00:00
ACC0002876,thakkarpratyush@ybl,Paytm Payments Bank,1005,full,2023-10-31 08:00:00
ACC0002877,manthankarnik@ybl,HDFC,272,full,2025-11-02 08:00:00
ACC0002878,deonandini@oksbi,BOB,464,full,2025-04-24 08:00:00
ACC0002879,mahalrehaan@okicici,SBI,1070,full,2023-08-27 08:00:00
ACC0002880,poojabadami@okhdfcbank,SBI,787,full,2024-06-05 08:00:00
ACC0002881,gavinbehl@okaxis,Axis,1529,full,2022-05-25 08:00:00
ACC0002882,hreddy@oksbi,PNB,854,full,2024-03-30 08:00:00
ACC0002883,vihaan35@ybl,BOB,1040,full,2023-09-26 08:00:00
ACC0002884,dsrinivas@oksbi,HDFC,132,full,2026-03-22 08:00:00
ACC0002885,tbehl@okhdfcbank,PNB,138,full,2026-03-16 08:00:00
ACC0002886,luthrajanuja@okhdfcbank,PNB,1119,full,2023-07-09 08:00:00
ACC0002887,indali63@okaxis,BOB,1300,full,2023-01-09 08:00:00
ACC0002888,champak20@okicici,Paytm Payments Bank,480,full,2025-04-08 08:00:00
ACC0002889,benekanta@oksbi,Kotak,1639,full,2022-02-04 08:00:00
ACC0002890,bhavikasodhi@ybl,PNB,1475,full,2022-07-18 08:00:00
ACC0002891,harrison62@oksbi,Paytm Payments Bank,223,full,2025-12-21 08:00:00
ACC0002892,vyanjana55@oksbi,ICICI,1776,full,2021-09-20 08:00:00
ACC0002893,isaac10@oksbi,ICICI,172,full,2026-02-10 08:00:00
ACC0002894,garimapatel@oksbi,SBI,962,full,2023-12-13 08:00:00
ACC0002895,kamya34@okicici,SBI,906,full,2024-02-07 08:00:00
ACC0002896,leenachahal@okhdfcbank,ICICI,570,full,2025-01-08 08:00:00
ACC0002897,dejai@okhdfcbank,Kotak,1777,none,2021-09-19 08:00:00
ACC0002898,halderreyansh@okhdfcbank,Paytm Payments Bank,1224,minimal,2023-03-26 08:00:00
ACC0002899,echaudhary@okhdfcbank,SBI,997,minimal,2023-11-08 08:00:00
ACC0002900,charvi73@okicici,Axis,1191,full,2023-04-28 08:00:00
ACC0002901,calebdatta@oksbi,HDFC,372,full,2025-07-25 08:00:00
ACC0002902,omyakrishnan@okicici,Paytm Payments Bank,1676,full,2021-12-29 08:00:00
ACC0002903,jasmit71@ybl,PNB,748,full,2024-07-14 08:00:00
ACC0002904,ebir@okicici,Paytm Payments Bank,549,full,2025-01-29 08:00:00
ACC0002905,gviswanathan@okicici,Kotak,752,minimal,2024-07-10 08:00:00
ACC0002906,ganesananusha@ybl,Paytm Payments Bank,1616,full,2022-02-27 08:00:00
ACC0002907,bimalabath@ybl,SBI,1434,full,2022-08-28 08:00:00
ACC0002908,guptamitali@oksbi,ICICI,870,full,2024-03-14 08:00:00
ACC0002909,gwalia@oksbi,BOB,93,full,2026-04-30 08:00:00
ACC0002910,gandhiraksha@okhdfcbank,Axis,1554,minimal,2022-04-30 08:00:00
ACC0002911,zramakrishnan@okhdfcbank,PNB,803,minimal,2024-05-20 08:00:00
ACC0002912,samuel20@ybl,Paytm Payments Bank,1420,none,2022-09-11 08:00:00
ACC0002913,tejasandra@ybl,ICICI,1824,full,2021-08-03 08:00:00
ACC0002914,tthakur@okicici,Kotak,1420,full,2022-09-11 08:00:00
ACC0002915,chavvi34@okicici,PNB,884,full,2024-02-29 08:00:00
ACC0002916,jagat23@ybl,Kotak,1216,minimal,2023-04-03 08:00:00
ACC0002917,wallawazir@okaxis,Paytm Payments Bank,281,full,2025-10-24 08:00:00
ACC0002918,balveer24@okicici,PNB,1653,full,2022-01-21 08:00:00
ACC0002919,anamikabehl@okaxis,ICICI,47,full,2026-06-15 08:00:00
ACC0002920,shivanshwarrior@ybl,PNB,337,full,2025-08-29 08:00:00
ACC0002921,agarwalidika@oksbi,PNB,1390,full,2022-10-11 08:00:00
ACC0002922,ekta18@okicici,SBI,162,full,2026-02-20 08:00:00
ACC0002923,kiaan69@okicici,HDFC,475,full,2025-04-13 08:00:00
ACC0002924,ekta00@okhdfcbank,BOB,656,full,2024-10-14 08:00:00
ACC0002925,theodore42@okhdfcbank,SBI,1738,full,2021-10-28 08:00:00
ACC0002926,amol89@okicici,ICICI,747,none,2024-07-15 08:00:00
ACC0002927,rajaaarini@okicici,ICICI,1490,none,2022-07-03 08:00:00
ACC0002928,riyakannan@okaxis,HDFC,432,full,2025-05-26 08:00:00
ACC0002929,amruta39@okaxis,Kotak,95,full,2026-04-28 08:00:00
ACC0002930,cdugal@okaxis,BOB,1419,full,2022-09-12 08:00:00
ACC0002931,radhapillay@okhdfcbank,PNB,1881,minimal,2021-06-07 08:00:00
ACC0002932,varenyachander@okicici,ICICI,1252,full,2023-02-26 08:00:00
ACC0002933,dgolla@okicici,ICICI,1420,full,2022-09-11 08:00:00
ACC0002934,patrickgulati@okicici,ICICI,438,full,2025-05-20 08:00:00
ACC0002935,pgole@okicici,PNB,438,full,2025-05-20 08:00:00
ACC0002936,ansh42@okaxis,ICICI,1190,full,2023-04-29 08:00:00
ACC0002937,meeraguha@okaxis,HDFC,1823,full,2021-08-04 08:00:00
ACC0002938,dharekbal@okicici,Kotak,935,full,2024-01-09 08:00:00
ACC0002939,dkorpal@okaxis,BOB,905,none,2024-02-08 08:00:00
ACC0002940,uchaudhry@okhdfcbank,SBI,974,none,2023-12-01 08:00:00
ACC0002941,advikchaudhry@okhdfcbank,ICICI,892,full,2024-02-21 08:00:00
ACC0002942,brajagopalan@oksbi,Kotak,649,full,2024-10-21 08:00:00
ACC0002943,aryacaleb@ybl,PNB,1142,full,2023-06-16 08:00:00
ACC0002944,yuvrajchacko@okaxis,ICICI,1760,full,2021-10-06 08:00:00
ACC0002945,luke90@okaxis,Paytm Payments Bank,42,minimal,2026-06-20 08:00:00
ACC0002946,cherianhamsini@okhdfcbank,PNB,203,minimal,2026-01-10 08:00:00
ACC0002947,jainliam@okhdfcbank,Kotak,1360,full,2022-11-10 08:00:00
ACC0002948,ksawhney@okicici,Paytm Payments Bank,1713,full,2021-11-22 08:00:00
ACC0002949,garima72@okhdfcbank,HDFC,1800,full,2021-08-27 08:00:00
ACC0002950,dakshloke@ybl,SBI,1411,full,2022-09-20 08:00:00
ACC0002951,bailchaitanya@oksbi,Paytm Payments Bank,1087,full,2023-08-10 08:00:00
ACC0002952,minhasharshil@oksbi,PNB,1863,full,2021-06-25 08:00:00
ACC0002953,adhar@okhdfcbank,Paytm Payments Bank,1502,full,2022-06-21 08:00:00
ACC0002954,arjunkaran@okhdfcbank,HDFC,441,full,2025-05-17 08:00:00
ACC0002955,jrajan@okhdfcbank,HDFC,1266,full,2023-02-12 08:00:00
ACC0002956,bhavini36@okaxis,SBI,242,minimal,2025-12-02 08:00:00
ACC0002957,swamyomkaar@okaxis,SBI,938,minimal,2024-01-06 08:00:00
ACC0002958,kapurharsh@okaxis,Paytm Payments Bank,644,none,2024-10-26 08:00:00
ACC0002959,ishanvi19@oksbi,PNB,1709,minimal,2021-11-26 08:00:00
ACC0002960,jagat51@okaxis,HDFC,1425,full,2022-09-06 08:00:00
ACC0002961,dorapranav@okhdfcbank,ICICI,1332,full,2022-12-08 08:00:00
ACC0002962,vwali@oksbi,ICICI,1554,full,2022-04-30 08:00:00
ACC0002963,pavanidoctor@ybl,Axis,1462,full,2022-07-31 08:00:00
ACC0002964,bhavini51@okicici,HDFC,623,none,2024-11-16 08:00:00
ACC0002965,xalak54@okicici,PNB,1039,full,2023-09-27 08:00:00
ACC0002966,agatemanthan@okhdfcbank,Paytm Payments Bank,1458,full,2022-08-04 08:00:00
ACC0002967,ekajadivan@oksbi,SBI,900,full,2024-02-13 08:00:00
ACC0002968,usekhon@ybl,BOB,276,full,2025-10-29 08:00:00
ACC0002969,hbhavsar@okhdfcbank,Paytm Payments Bank,650,full,2024-10-20 08:00:00
ACC0002970,jmallick@okicici,ICICI,1887,full,2021-06-01 08:00:00
ACC0002971,naidujoshua@okaxis,PNB,1510,full,2022-06-13 08:00:00
ACC0002972,lekhapandit@okicici,Axis,354,full,2025-08-12 08:00:00
ACC0002973,warda67@ybl,BOB,1476,full,2022-07-17 08:00:00
ACC0002974,inath@oksbi,Kotak,387,full,2025-07-10 08:00:00
ACC0002975,leelasahota@okicici,Paytm Payments Bank,1183,full,2023-05-06 08:00:00
ACC0002976,iyohannan@oksbi,PNB,1641,minimal,2022-02-02 08:00:00
ACC0002977,iwalia@okicici,BOB,1378,full,2022-10-23 08:00:00
ACC0002978,leenachacko@okaxis,BOB,1748,none,2021-10-18 08:00:00
ACC0002979,kvyas@oksbi,PNB,1270,full,2023-02-08 08:00:00
ACC0002980,gagankeer@ybl,Kotak,693,full,2024-09-07 08:00:00
ACC0002981,aarnav30@okaxis,HDFC,1729,full,2021-11-06 08:00:00
ACC0002982,urvi21@oksbi,Axis,1774,full,2021-09-22 08:00:00
ACC0002983,pallajalsa@okaxis,Paytm Payments Bank,247,full,2025-11-27 08:00:00
ACC0002984,chaitalysharma@oksbi,HDFC,504,minimal,2025-03-15 08:00:00
ACC0002985,oviyakibe@okaxis,BOB,386,minimal,2025-07-11 08:00:00
ACC0002986,udarshbhalla@ybl,PNB,156,full,2026-02-26 08:00:00
ACC0002987,jacobdhar@okhdfcbank,Paytm Payments Bank,1764,minimal,2021-10-02 08:00:00
ACC0002988,sbal@okhdfcbank,ICICI,1272,full,2023-02-06 08:00:00
ACC0002989,dprabhu@okaxis,BOB,1460,full,2022-08-02 08:00:00
ACC0002990,borahvansha@ybl,Axis,1335,full,2022-12-05 08:00:00
ACC0002991,ayushmandin@okaxis,PNB,1035,full,2023-10-01 08:00:00
ACC0002992,lohit13@oksbi,BOB,1549,minimal,2022-05-05 08:00:00
ACC0002993,aroraomaja@oksbi,HDFC,1686,full,2021-12-19 08:00:00
ACC0002994,qabilsinghal@okhdfcbank,Axis,1318,full,2022-12-22 08:00:00
ACC0002995,chandanisinghal@okhdfcbank,Kotak,317,minimal,2025-09-18 08:00:00
ACC0002996,cnazareth@ybl,HDFC,1193,full,2023-04-26 08:00:00
ACC0002997,mangatindrajit@ybl,Paytm Payments Bank,1427,full,2022-09-04 08:00:00
ACC0002998,darpanbalay@ybl,Paytm Payments Bank,454,full,2025-05-04 08:00:00
ACC0002999,yahvidyal@ybl,ICICI,760,minimal,2024-07-02 08:00:00
ACC0003000,randhawapallavi@okaxis,BOB,928,minimal,2024-01-16 08:00:00
ACC0003001,kkuruvilla@okhdfcbank,ICICI,1195,minimal,2023-04-24 08:00:00
ACC0003002,utkarsh62@okhdfcbank,HDFC,640,full,2024-10-30 08:00:00
ACC0003003,george86@ybl,Kotak,135,full,2026-03-19 08:00:00
ACC0003004,siddharthrattan@okicici,PNB,1712,full,2021-11-23 08:00:00
ACC0003005,kandamanya@okhdfcbank,ICICI,762,none,2024-06-30 08:00:00
ACC0003006,farassidhu@ybl,Axis,183,minimal,2026-01-30 08:00:00
ACC0003007,pmunshi@ybl,PNB,1938,full,2021-04-11 08:00:00
ACC0003008,krai@ybl,HDFC,146,full,2026-03-08 08:00:00
ACC0003009,prabhupanini@okicici,SBI,1948,full,2021-04-01 08:00:00
ACC0003010,anamikachopra@okicici,Axis,893,full,2024-02-20 08:00:00
ACC0003011,brahmbhattjanani@okhdfcbank,ICICI,1596,full,2022-03-19 08:00:00
ACC0003012,ayaan34@okicici,SBI,1702,full,2021-12-03 08:00:00
ACC0003013,hredhaanbhattacharyya@ybl,SBI,179,full,2026-02-03 08:00:00
ACC0003014,advaymore@okaxis,HDFC,174,minimal,2026-02-08 08:00:00
ACC0003015,sakshambali@oksbi,PNB,1010,full,2023-10-26 08:00:00
ACC0003016,amrutachada@okhdfcbank,Paytm Payments Bank,243,full,2025-12-01 08:00:00
ACC0003017,sulechakradev@okicici,BOB,1361,full,2022-11-09 08:00:00
ACC0003018,murtygirik@oksbi,SBI,1630,minimal,2022-02-13 08:00:00
ACC0003019,abhiram54@oksbi,BOB,83,full,2026-05-10 08:00:00
ACC0003020,mtella@okhdfcbank,Paytm Payments Bank,1541,full,2022-05-13 08:00:00
ACC0003021,mahika52@okaxis,ICICI,1598,full,2022-03-17 08:00:00
ACC0003022,narulanikita@ybl,ICICI,904,full,2024-02-09 08:00:00
ACC0003023,thakkarmason@ybl,Kotak,271,full,2025-11-03 08:00:00
ACC0003024,rajavansha@okaxis,SBI,732,full,2024-07-30 08:00:00
ACC0003025,mannanneel@ybl,SBI,218,full,2025-12-26 08:00:00
ACC0003026,ubikabrar@ybl,SBI,1560,none,2022-04-24 08:00:00
ACC0003027,katatanveer@oksbi,SBI,60,full,2026-06-02 08:00:00
ACC0003028,naveenthaker@okaxis,ICICI,289,full,2025-10-16 08:00:00
ACC0003029,sara25@okicici,Axis,673,none,2024-09-27 08:00:00
ACC0003030,jagvi96@ybl,BOB,295,full,2025-10-10 08:00:00
ACC0003031,ramwilliam@okhdfcbank,HDFC,280,full,2025-10-25 08:00:00
ACC0003032,falandua@oksbi,Paytm Payments Bank,1143,full,2023-06-15 08:00:00
ACC0003033,zchatterjee@okicici,Axis,1695,full,2021-12-10 08:00:00
ACC0003034,dhardayamai@okicici,PNB,649,minimal,2024-10-21 08:00:00
ACC0003035,taragirindra@ybl,PNB,530,full,2025-02-17 08:00:00
ACC0003036,kmurthy@ybl,HDFC,1138,full,2023-06-20 08:00:00
ACC0003037,neel14@okaxis,Paytm Payments Bank,1874,full,2021-06-14 08:00:00
ACC0003038,ira11@oksbi,Axis,446,full,2025-05-12 08:00:00
ACC0003039,trivenikuruvilla@oksbi,HDFC,1162,full,2023-05-27 08:00:00
ACC0003040,wkunda@oksbi,SBI,1701,none,2021-12-04 08:00:00
ACC0003041,hdey@okaxis,Paytm Payments Bank,1460,none,2022-08-02 08:00:00
ACC0003042,xbaral@okaxis,SBI,73,full,2026-05-20 08:00:00
ACC0003043,nandini69@okaxis,PNB,1234,minimal,2023-03-16 08:00:00
ACC0003044,ridhiperi@okhdfcbank,PNB,203,minimal,2026-01-10 08:00:00
ACC0003045,kashvi16@okaxis,SBI,816,minimal,2024-05-07 08:00:00
ACC0003046,rlall@okaxis,SBI,817,full,2024-05-06 08:00:00
ACC0003047,bhandariyash@oksbi,BOB,806,full,2024-05-17 08:00:00
ACC0003048,dubeyhenry@okicici,SBI,1382,full,2022-10-19 08:00:00
ACC0003049,keya29@okhdfcbank,Kotak,742,minimal,2024-07-20 08:00:00
ACC0003050,obora@okicici,Axis,1888,minimal,2021-05-31 08:00:00
ACC0003051,qshere@ybl,BOB,728,minimal,2024-08-03 08:00:00
ACC0003052,pallaunnati@okhdfcbank,HDFC,1632,full,2022-02-11 08:00:00
ACC0003053,dwarrior@okicici,Paytm Payments Bank,1980,full,2021-02-28 08:00:00
ACC0003054,chadapranit@ybl,PNB,1502,full,2022-06-21 08:00:00
ACC0003055,ranganathanrachita@okaxis,Axis,810,full,2024-05-13 08:00:00
ACC0003056,neelimanarasimhan@okicici,PNB,61,full,2026-06-01 08:00:00
ACC0003057,nadighema@ybl,PNB,541,full,2025-02-06 08:00:00
ACC0003058,skala@okhdfcbank,PNB,838,full,2024-04-15 08:00:00
ACC0003059,rcontractor@okicici,SBI,1380,full,2022-10-21 08:00:00
ACC0003060,ibarad@okicici,PNB,1194,minimal,2023-04-25 08:00:00
ACC0003061,upmadhingra@okaxis,SBI,938,full,2024-01-06 08:00:00
ACC0003062,ekajabalay@okhdfcbank,Kotak,985,full,2023-11-20 08:00:00
ACC0003063,zbhatia@ybl,Axis,1759,full,2021-10-07 08:00:00
ACC0003064,qushi73@okhdfcbank,PNB,1216,minimal,2023-04-03 08:00:00
ACC0003065,kakararin@okicici,HDFC,1159,full,2023-05-30 08:00:00
ACC0003066,qmadan@okicici,PNB,558,minimal,2025-01-20 08:00:00
ACC0003067,fiyazdhar@oksbi,ICICI,290,full,2025-10-15 08:00:00
ACC0003068,mahalnidhi@okhdfcbank,Axis,1295,full,2023-01-14 08:00:00
ACC0003069,misrasiya@oksbi,Paytm Payments Bank,108,full,2026-04-15 08:00:00
ACC0003070,nvohra@ybl,Axis,115,full,2026-04-08 08:00:00
ACC0003071,qarin01@okicici,PNB,1493,full,2022-06-30 08:00:00
ACC0003072,woommen@okicici,SBI,1760,full,2021-10-06 08:00:00
ACC0003073,nitesh35@okhdfcbank,HDFC,746,full,2024-07-16 08:00:00
ACC0003074,esubramaniam@ybl,HDFC,261,full,2025-11-13 08:00:00
ACC0003075,rajeshripant@ybl,Kotak,697,minimal,2024-09-03 08:00:00
ACC0003076,janne@okaxis,HDFC,1424,full,2022-09-07 08:00:00
ACC0003077,farasdhillon@okicici,ICICI,1823,full,2021-08-04 08:00:00
ACC0003078,edhitha02@okicici,Kotak,1273,none,2023-02-05 08:00:00
ACC0003079,fdivan@okicici,Paytm Payments Bank,1867,minimal,2021-06-21 08:00:00
ACC0003080,ishaan64@ybl,SBI,632,full,2024-11-07 08:00:00
ACC0003081,seshadrijeremiah@okicici,ICICI,121,minimal,2026-04-02 08:00:00
ACC0003082,cchatterjee@okhdfcbank,Axis,82,minimal,2026-05-11 08:00:00
ACC0003083,raghavsalvi@ybl,Kotak,1076,minimal,2023-08-21 08:00:00
ACC0003084,krishnakalita@ybl,SBI,805,full,2024-05-18 08:00:00
ACC0003085,shaurya39@okaxis,HDFC,337,none,2025-08-29 08:00:00
ACC0003086,prabhakarjanuja@oksbi,BOB,1993,full,2021-02-15 08:00:00
ACC0003087,mittaldamyanti@ybl,SBI,278,full,2025-10-27 08:00:00
ACC0003088,tatatamanna@ybl,Paytm Payments Bank,1380,full,2022-10-21 08:00:00
ACC0003089,wroy@ybl,PNB,429,minimal,2025-05-29 08:00:00
ACC0003090,pooja85@oksbi,Kotak,703,full,2024-08-28 08:00:00
ACC0003091,godatara@okhdfcbank,Axis,674,full,2024-09-26 08:00:00
ACC0003092,lprakash@okaxis,Kotak,1991,full,2021-02-17 08:00:00
ACC0003093,rajataraj@ybl,HDFC,1177,minimal,2023-05-12 08:00:00
ACC0003094,rajeshri49@okaxis,Axis,1368,full,2022-11-02 08:00:00
ACC0003095,chahalhemang@oksbi,ICICI,887,minimal,2024-02-26 08:00:00
ACC0003096,babunisha@okaxis,ICICI,531,full,2025-02-16 08:00:00
ACC0003097,tanejaharish@okicici,Kotak,1659,full,2022-01-15 08:00:00
ACC0003098,lthakur@okaxis,BOB,196,full,2026-01-17 08:00:00
ACC0003099,mannosha@ybl,Paytm Payments Bank,333,full,2025-09-02 08:00:00
ACC0003100,udantsha@oksbi,ICICI,1612,minimal,2022-03-03 08:00:00
ACC0003101,mcontractor@oksbi,HDFC,61,full,2026-06-01 08:00:00
ACC0003102,wdash@ybl,Paytm Payments Bank,1597,full,2022-03-18 08:00:00
ACC0003103,psachar@okhdfcbank,BOB,288,full,2025-10-17 08:00:00
ACC0003104,xamble@okhdfcbank,ICICI,371,full,2025-07-26 08:00:00
ACC0003105,yashicamander@okaxis,BOB,1114,full,2023-07-14 08:00:00
ACC0003106,aishani46@ybl,Axis,853,full,2024-03-31 08:00:00
ACC0003107,aayushsachdeva@okicici,Kotak,273,full,2025-11-01 08:00:00
ACC0003108,auroraatharv@okhdfcbank,SBI,1292,full,2023-01-17 08:00:00
ACC0003109,kavyavenkataraman@okicici,Paytm Payments Bank,1915,minimal,2021-05-04 08:00:00
ACC0003110,gautami29@okaxis,BOB,1321,full,2022-12-19 08:00:00
ACC0003111,jkhurana@oksbi,ICICI,1007,full,2023-10-29 08:00:00
ACC0003112,nhans@ybl,HDFC,1237,full,2023-03-13 08:00:00
ACC0003113,zbehl@ybl,Kotak,45,full,2026-06-17 08:00:00
ACC0003114,odave@okaxis,Kotak,958,full,2023-12-17 08:00:00
ACC0003115,zghose@ybl,PNB,1071,minimal,2023-08-26 08:00:00
ACC0003116,zansi26@oksbi,PNB,228,full,2025-12-16 08:00:00
ACC0003117,hardikdate@ybl,BOB,128,full,2026-03-26 08:00:00
ACC0003118,ramanathanabha@okicici,ICICI,816,none,2024-05-07 08:00:00
ACC0003119,ekantikajani@oksbi,BOB,115,full,2026-04-08 08:00:00
ACC0003120,chanderatharv@ybl,Kotak,1207,full,2023-04-12 08:00:00
ACC0003121,oapte@oksbi,HDFC,613,full,2024-11-26 08:00:00
ACC0003122,ayaanbrar@okaxis,Axis,1026,minimal,2023-10-10 08:00:00
ACC0003123,vbakshi@okicici,HDFC,620,minimal,2024-11-19 08:00:00
ACC0003124,sudikshaparmar@okicici,ICICI,1394,full,2022-10-07 08:00:00
ACC0003125,wriddhishkapadia@ybl,ICICI,1160,full,2023-05-29 08:00:00
ACC0003126,rishi83@okhdfcbank,Axis,1878,full,2021-06-10 08:00:00
ACC0003127,qlad@okhdfcbank,Kotak,1734,full,2021-11-01 08:00:00
ACC0003128,maharajfitan@ybl,BOB,1958,full,2021-03-22 08:00:00
ACC0003129,arinchauhan@oksbi,Paytm Payments Bank,1096,full,2023-08-01 08:00:00
ACC0003130,sharafjason@okhdfcbank,Paytm Payments Bank,254,minimal,2025-11-20 08:00:00
ACC0003131,dharbarkha@okicici,HDFC,1040,minimal,2023-09-26 08:00:00
ACC0003132,pranit11@okhdfcbank,Kotak,600,minimal,2024-12-09 08:00:00
ACC0003133,npathak@oksbi,HDFC,1554,full,2022-04-30 08:00:00
ACC0003134,fchaudhuri@okicici,PNB,1068,full,2023-08-29 08:00:00
ACC0003135,sachdevethan@ybl,HDFC,1536,full,2022-05-18 08:00:00
ACC0003136,nbose@okhdfcbank,BOB,674,full,2024-09-26 08:00:00
ACC0003137,uprashad@ybl,Kotak,1474,full,2022-07-19 08:00:00
ACC0003138,ldyal@okhdfcbank,SBI,1173,full,2023-05-16 08:00:00
ACC0003139,advaith29@okaxis,Axis,1230,full,2023-03-20 08:00:00
ACC0003140,dalalhemal@okaxis,ICICI,573,full,2025-01-05 08:00:00
ACC0003141,veda99@okaxis,PNB,413,full,2025-06-14 08:00:00
ACC0003142,duttaachal@okhdfcbank,Axis,1330,full,2022-12-10 08:00:00
ACC0003143,hansayushman@okaxis,Axis,167,full,2026-02-15 08:00:00
ACC0003144,vasayauvani@okaxis,PNB,109,full,2026-04-14 08:00:00
ACC0003145,tarakpatla@ybl,Axis,1322,full,2022-12-18 08:00:00
ACC0003146,kallaayushman@ybl,ICICI,1021,minimal,2023-10-15 08:00:00
ACC0003147,lakshit31@oksbi,PNB,1751,full,2021-10-15 08:00:00
ACC0003148,amritamahal@okaxis,Kotak,1033,full,2023-10-03 08:00:00
ACC0003149,fiyengar@okhdfcbank,Axis,635,full,2024-11-04 08:00:00
ACC0003150,chaitaly77@okicici,BOB,1834,none,2021-07-24 08:00:00
ACC0003151,zvala@oksbi,BOB,696,full,2024-09-04 08:00:00
ACC0003152,zashilghose@okicici,HDFC,981,full,2023-11-24 08:00:00
ACC0003153,avniramaswamy@oksbi,Paytm Payments Bank,845,minimal,2024-04-08 08:00:00
ACC0003154,muninoah@okaxis,BOB,1799,full,2021-08-28 08:00:00
ACC0003155,vinayasant@okicici,PNB,89,full,2026-05-04 08:00:00
ACC0003156,msampath@okaxis,SBI,1852,full,2021-07-06 08:00:00
ACC0003157,eiravati91@okicici,Kotak,691,full,2024-09-09 08:00:00
ACC0003158,msanghvi@okaxis,BOB,1686,full,2021-12-19 08:00:00
ACC0003159,kashvi17@okhdfcbank,PNB,1898,full,2021-05-21 08:00:00
ACC0003160,bahadurjitvaidya@okicici,SBI,478,full,2025-04-10 08:00:00
ACC0003161,nimrat49@oksbi,ICICI,869,full,2024-03-15 08:00:00
ACC0003162,mitali01@okhdfcbank,Kotak,1626,full,2022-02-17 08:00:00
ACC0003163,ekantikasanghvi@okhdfcbank,SBI,1135,minimal,2023-06-23 08:00:00
ACC0003164,ishitakorpal@okicici,Kotak,214,minimal,2025-12-30 08:00:00
ACC0003165,kalekamya@okhdfcbank,SBI,1162,full,2023-05-27 08:00:00
ACC0003166,maanav51@ybl,Axis,771,none,2024-06-21 08:00:00
ACC0003167,nagaradvay@ybl,BOB,1746,minimal,2021-10-20 08:00:00
ACC0003168,tanay79@okicici,ICICI,499,minimal,2025-03-20 08:00:00
ACC0003169,viraj81@okaxis,Axis,708,full,2024-08-23 08:00:00
ACC0003170,mmander@okhdfcbank,SBI,539,minimal,2025-02-08 08:00:00
ACC0003171,teerthchauhan@ybl,HDFC,1576,full,2022-04-08 08:00:00
ACC0003172,falan96@okaxis,SBI,1650,full,2022-01-24 08:00:00
ACC0003173,unadkarni@okhdfcbank,Axis,647,full,2024-10-23 08:00:00
ACC0003174,ronithbawa@oksbi,SBI,1439,full,2022-08-23 08:00:00
ACC0003175,ctara@okaxis,BOB,283,full,2025-10-22 08:00:00
ACC0003176,oviya11@okicici,HDFC,1546,full,2022-05-08 08:00:00
ACC0003177,mgarg@okaxis,SBI,1063,full,2023-09-03 08:00:00
ACC0003178,leela39@ybl,ICICI,1730,full,2021-11-05 08:00:00
ACC0003179,maneandrew@okaxis,Axis,1234,minimal,2023-03-16 08:00:00
ACC0003180,shenoybhavani@okicici,Kotak,1789,full,2021-09-07 08:00:00
ACC0003181,nehabansal@okhdfcbank,PNB,1552,full,2022-05-02 08:00:00
ACC0003182,nazarethamol@okhdfcbank,PNB,445,none,2025-05-13 08:00:00
ACC0003183,singhalgirish@okaxis,BOB,1210,full,2023-04-09 08:00:00
ACC0003184,rmitra@oksbi,BOB,220,full,2025-12-24 08:00:00
ACC0003185,hiral61@okicici,Axis,1019,full,2023-10-17 08:00:00
ACC0003186,wakeeta90@okaxis,Kotak,1047,minimal,2023-09-19 08:00:00
ACC0003187,smisra@okhdfcbank,Paytm Payments Bank,1493,full,2022-06-30 08:00:00
ACC0003188,ptak@okaxis,Axis,80,full,2026-05-13 08:00:00
ACC0003189,prakashharshil@ybl,HDFC,1006,full,2023-10-30 08:00:00
ACC0003190,kapurchampak@oksbi,HDFC,710,full,2024-08-21 08:00:00
ACC0003191,dewanhenry@oksbi,Paytm Payments Bank,376,full,2025-07-21 08:00:00
ACC0003192,rajata32@oksbi,BOB,201,full,2026-01-12 08:00:00
ACC0003193,halderjyoti@ybl,Axis,999,full,2023-11-06 08:00:00
ACC0003194,benaashi@okicici,BOB,1040,full,2023-09-26 08:00:00
ACC0003195,choudhrychanakya@oksbi,SBI,721,full,2024-08-10 08:00:00
ACC0003196,falan45@ybl,BOB,1187,minimal,2023-05-02 08:00:00
ACC0003197,smadan@oksbi,Paytm Payments Bank,579,full,2024-12-30 08:00:00
ACC0003198,lakshitsharma@oksbi,Kotak,671,full,2024-09-29 08:00:00
ACC0003199,dateeiravati@ybl,HDFC,1019,minimal,2023-10-17 08:00:00
ACC0003200,odikasekhon@okhdfcbank,BOB,901,full,2024-02-12 08:00:00
ACC0003201,vigwridesh@oksbi,HDFC,57,full,2026-06-05 08:00:00
ACC0003202,rsuri@okhdfcbank,SBI,926,minimal,2024-01-18 08:00:00
ACC0003203,vasudha31@oksbi,Paytm Payments Bank,1044,full,2023-09-22 08:00:00
ACC0003204,chaman15@ybl,BOB,1820,full,2021-08-07 08:00:00
ACC0003205,sameshbrahmbhatt@okhdfcbank,BOB,637,none,2024-11-02 08:00:00
ACC0003206,talwardarpan@okicici,Kotak,1504,full,2022-06-19 08:00:00
ACC0003207,agastyakalita@ybl,ICICI,791,full,2024-06-01 08:00:00
ACC0003208,mrajan@oksbi,Kotak,1101,full,2023-07-27 08:00:00
ACC0003209,vcheema@okaxis,Paytm Payments Bank,544,full,2025-02-03 08:00:00
ACC0003210,yoshitamunshi@oksbi,ICICI,706,full,2024-08-25 08:00:00
ACC0003211,sudiksha28@okaxis,SBI,1728,full,2021-11-07 08:00:00
ACC0003212,detheodore@oksbi,Paytm Payments Bank,397,full,2025-06-30 08:00:00
ACC0003213,lekha79@okicici,Axis,41,full,2026-06-21 08:00:00
ACC0003214,mugdhaguha@ybl,Paytm Payments Bank,222,full,2025-12-22 08:00:00
ACC0003215,mallpallavi@ybl,Paytm Payments Bank,155,full,2026-02-27 08:00:00
ACC0003216,damyantichaudry@okicici,Axis,166,full,2026-02-16 08:00:00
ACC0003217,triyachhabra@oksbi,PNB,58,full,2026-06-04 08:00:00
ACC0003218,khoslaamol@okaxis,PNB,1896,full,2021-05-23 08:00:00
ACC0003219,rgrover@okaxis,PNB,1600,full,2022-03-15 08:00:00
ACC0003220,sonisneha@oksbi,HDFC,1343,full,2022-11-27 08:00:00
ACC0003221,alka18@oksbi,PNB,240,full,2025-12-04 08:00:00
ACC0003222,pandyaraagini@okhdfcbank,ICICI,1184,minimal,2023-05-05 08:00:00
ACC0003223,matthewranganathan@okaxis,Kotak,1232,full,2023-03-18 08:00:00
ACC0003224,vtrivedi@ybl,PNB,1777,none,2021-09-19 08:00:00
ACC0003225,sastryanjali@ybl,Paytm Payments Bank,1539,full,2022-05-15 08:00:00
ACC0003226,guneet06@oksbi,Axis,35,full,2026-06-27 08:00:00
ACC0003227,shari@ybl,ICICI,1675,full,2021-12-30 08:00:00
ACC0003228,nehagoda@okhdfcbank,Kotak,1003,full,2023-11-02 08:00:00
ACC0003229,wakeeta86@oksbi,Paytm Payments Bank,136,full,2026-03-18 08:00:00
ACC0003230,bediyuvraj@okicici,PNB,996,full,2023-11-09 08:00:00
ACC0003231,kandaishwar@oksbi,BOB,270,full,2025-11-04 08:00:00
ACC0003232,banikamaira@okaxis,Kotak,819,full,2024-05-04 08:00:00
ACC0003233,dominicwali@okicici,HDFC,1099,minimal,2023-07-29 08:00:00
ACC0003234,majumdarupkaar@oksbi,ICICI,1754,minimal,2021-10-12 08:00:00
ACC0003235,zramanathan@okicici,ICICI,1737,minimal,2021-10-29 08:00:00
ACC0003236,kannanamrita@okaxis,Paytm Payments Bank,1177,full,2023-05-12 08:00:00
ACC0003237,kjha@okhdfcbank,BOB,543,full,2025-02-04 08:00:00
ACC0003238,idikamani@okhdfcbank,Kotak,394,minimal,2025-07-03 08:00:00
ACC0003239,aarush12@okicici,BOB,1608,full,2022-03-07 08:00:00
ACC0003240,smody@oksbi,BOB,1176,full,2023-05-13 08:00:00
ACC0003241,onkarmurty@okhdfcbank,Axis,1941,full,2021-04-08 08:00:00
ACC0003242,ganesanrachit@oksbi,SBI,1107,full,2023-07-21 08:00:00
ACC0003243,tamanna20@okhdfcbank,Kotak,702,minimal,2024-08-29 08:00:00
ACC0003244,vsangha@okhdfcbank,PNB,1059,full,2023-09-07 08:00:00
ACC0003245,goelaishani@okaxis,BOB,593,full,2024-12-16 08:00:00
ACC0003246,gardeaditya@okicici,PNB,1454,full,2022-08-08 08:00:00
ACC0003247,urvi90@okhdfcbank,Paytm Payments Bank,1201,none,2023-04-18 08:00:00
ACC0003248,ekota@okaxis,Paytm Payments Bank,1324,full,2022-12-16 08:00:00
ACC0003249,bathanay@ybl,HDFC,1565,full,2022-04-19 08:00:00
ACC0003250,vedant88@ybl,ICICI,89,full,2026-05-04 08:00:00
ACC0003251,mananchandra@oksbi,HDFC,392,full,2025-07-05 08:00:00
ACC0003252,modigautami@okhdfcbank,SBI,1762,full,2021-10-04 08:00:00
ACC0003253,vswaminathan@okhdfcbank,Kotak,1485,full,2022-07-08 08:00:00
ACC0003254,aarini74@okicici,Axis,1144,full,2023-06-14 08:00:00
ACC0003255,tara05@okhdfcbank,Kotak,1540,minimal,2022-05-14 08:00:00
ACC0003256,gauri89@okicici,ICICI,1767,minimal,2021-09-29 08:00:00
ACC0003257,rchowdhury@okicici,SBI,1231,minimal,2023-03-19 08:00:00
ACC0003258,divannirja@okaxis,SBI,855,full,2024-03-29 08:00:00
ACC0003259,luckyparikh@ybl,ICICI,1719,full,2021-11-16 08:00:00
ACC0003260,pbalasubramanian@oksbi,Paytm Payments Bank,201,full,2026-01-12 08:00:00
ACC0003261,nparsa@oksbi,BOB,1276,full,2023-02-02 08:00:00
ACC0003262,harikrishna@okhdfcbank,PNB,1559,full,2022-04-25 08:00:00
ACC0003263,mahalshivani@okhdfcbank,Kotak,748,full,2024-07-14 08:00:00
ACC0003264,alkapalla@okhdfcbank,Paytm Payments Bank,1742,full,2021-10-24 08:00:00
ACC0003265,mahika96@okhdfcbank,ICICI,1910,full,2021-05-09 08:00:00
ACC0003266,dayamai30@okicici,SBI,410,minimal,2025-06-17 08:00:00
ACC0003267,jason67@okhdfcbank,Axis,1645,full,2022-01-29 08:00:00
ACC0003268,bhavya10@okhdfcbank,Axis,972,full,2023-12-03 08:00:00
ACC0003269,ddin@oksbi,ICICI,1424,full,2022-09-07 08:00:00
ACC0003270,bimalagaba@okicici,ICICI,806,full,2024-05-17 08:00:00
ACC0003271,vidhi41@okicici,BOB,1187,full,2023-05-02 08:00:00
ACC0003272,alexander70@okicici,Axis,415,full,2025-06-12 08:00:00
ACC0003273,barkhadasgupta@okicici,Paytm Payments Bank,634,full,2024-11-05 08:00:00
ACC0003274,sureshdamini@okicici,Kotak,1033,full,2023-10-03 08:00:00
ACC0003275,saniindira@ybl,Paytm Payments Bank,1344,minimal,2022-11-26 08:00:00
ACC0003276,bedizayan@oksbi,SBI,1437,minimal,2022-08-25 08:00:00
ACC0003277,inayamander@okaxis,ICICI,1228,full,2023-03-22 08:00:00
ACC0003278,gabrielmadan@okaxis,Kotak,461,full,2025-04-27 08:00:00
ACC0003279,ronithsankaran@okicici,Axis,1426,full,2022-09-05 08:00:00
ACC0003280,mannantheodore@ybl,PNB,1061,full,2023-09-05 08:00:00
ACC0003281,solankiisha@oksbi,PNB,1613,full,2022-03-02 08:00:00
ACC0003282,libnisami@okhdfcbank,HDFC,564,full,2025-01-14 08:00:00
ACC0003283,qchaudhari@oksbi,Paytm Payments Bank,1322,full,2022-12-18 08:00:00
ACC0003284,deepa29@okicici,Kotak,1231,full,2023-03-19 08:00:00
ACC0003285,znaidu@ybl,SBI,1378,full,2022-10-23 08:00:00
ACC0003286,ryankrishna@okicici,SBI,244,full,2025-11-30 08:00:00
ACC0003287,omajaiyengar@okicici,Kotak,1003,full,2023-11-02 08:00:00
ACC0003288,dalaja14@oksbi,Kotak,235,full,2025-12-09 08:00:00
ACC0003289,ygoswami@ybl,ICICI,986,minimal,2023-11-19 08:00:00
ACC0003290,ichar@ybl,Paytm Payments Bank,929,full,2024-01-15 08:00:00
ACC0003291,gmunshi@okaxis,BOB,1452,full,2022-08-10 08:00:00
ACC0003292,upadhriti56@okicici,Kotak,528,full,2025-02-19 08:00:00
ACC0003293,asalvi@okaxis,PNB,1018,full,2023-10-18 08:00:00
ACC0003294,jbala@oksbi,HDFC,1932,full,2021-04-17 08:00:00
ACC0003295,samagaurang@okicici,BOB,1615,full,2022-02-28 08:00:00
ACC0003296,chasmumkibe@ybl,ICICI,365,minimal,2025-08-01 08:00:00
ACC0003297,joshua98@ybl,Axis,1845,none,2021-07-13 08:00:00
ACC0003298,chatresh62@oksbi,ICICI,1193,full,2023-04-26 08:00:00
ACC0003299,dahuja@okhdfcbank,HDFC,1644,full,2022-01-30 08:00:00
ACC0003300,fbhagat@oksbi,Kotak,1598,full,2022-03-17 08:00:00
ACC0003301,madanhredhaan@okaxis,SBI,368,full,2025-07-29 08:00:00
ACC0003302,gunbir49@oksbi,PNB,440,full,2025-05-18 08:00:00
ACC0003303,dnarula@oksbi,Axis,408,full,2025-06-19 08:00:00
ACC0003304,vaidyachatresh@oksbi,ICICI,1513,full,2022-06-10 08:00:00
ACC0003305,zaitradhawan@okicici,SBI,1761,full,2021-10-05 08:00:00
ACC0003306,odeshpande@okhdfcbank,Paytm Payments Bank,735,full,2024-07-27 08:00:00
ACC0003307,charvimukhopadhyay@oksbi,Paytm Payments Bank,837,full,2024-04-16 08:00:00
ACC0003308,sundaramsai@okaxis,Axis,1732,minimal,2021-11-03 08:00:00
ACC0003309,bhavsaraadi@okaxis,ICICI,226,full,2025-12-18 08:00:00
ACC0003310,jaivenkatesh@oksbi,BOB,1945,minimal,2021-04-04 08:00:00
ACC0003311,kotasamarth@okicici,BOB,1869,full,2021-06-19 08:00:00
ACC0003312,somaryan@okhdfcbank,Kotak,1123,full,2023-07-05 08:00:00
ACC0003313,draman@ybl,SBI,1546,full,2022-05-08 08:00:00
ACC0003314,mitalnidhi@oksbi,Axis,1276,full,2023-02-02 08:00:00
ACC0003315,pgour@ybl,SBI,726,full,2024-08-05 08:00:00
ACC0003316,reva91@okaxis,HDFC,1569,full,2022-04-15 08:00:00
ACC0003317,odhingra@okaxis,Axis,312,full,2025-09-23 08:00:00
ACC0003318,goyallucky@okaxis,HDFC,648,full,2024-10-22 08:00:00
ACC0003319,onkarvaidya@oksbi,BOB,1369,full,2022-11-01 08:00:00
ACC0003320,vamakshisrinivasan@okaxis,Paytm Payments Bank,667,full,2024-10-03 08:00:00
ACC0003321,bimala19@okaxis,ICICI,1993,full,2021-02-15 08:00:00
ACC0003322,qpillai@ybl,HDFC,1427,full,2022-09-04 08:00:00
ACC0003323,mahika61@okicici,HDFC,199,full,2026-01-14 08:00:00
ACC0003324,bsaha@okhdfcbank,ICICI,858,full,2024-03-26 08:00:00
ACC0003325,ayaanmander@ybl,BOB,1206,full,2023-04-13 08:00:00
ACC0003326,kdara@okaxis,BOB,53,full,2026-06-09 08:00:00
ACC0003327,lapte@okicici,BOB,141,full,2026-03-13 08:00:00
ACC0003328,bahadurjit97@okhdfcbank,Paytm Payments Bank,1328,full,2022-12-12 08:00:00
ACC0003329,pantliam@okaxis,Kotak,1629,minimal,2022-02-14 08:00:00
ACC0003330,rshanker@okhdfcbank,ICICI,777,none,2024-06-15 08:00:00
ACC0003331,duttishita@okaxis,HDFC,1118,full,2023-07-10 08:00:00
ACC0003332,ikshitavohra@ybl,PNB,720,full,2024-08-11 08:00:00
ACC0003333,evarghese@ybl,Paytm Payments Bank,1694,full,2021-12-11 08:00:00
ACC0003334,maxpandey@okicici,SBI,981,full,2023-11-24 08:00:00
ACC0003335,tripti24@okaxis,Kotak,1032,full,2023-10-04 08:00:00
ACC0003336,meera17@okicici,PNB,1257,full,2023-02-21 08:00:00
ACC0003337,msodhi@okicici,SBI,1412,full,2022-09-19 08:00:00
ACC0003338,yashicavora@okicici,Kotak,396,full,2025-07-01 08:00:00
ACC0003339,kai59@okicici,PNB,944,full,2023-12-31 08:00:00
ACC0003340,netra10@okhdfcbank,Kotak,1250,full,2023-02-28 08:00:00
ACC0003341,duttvincent@okaxis,Axis,1118,full,2023-07-10 08:00:00
ACC0003342,cherianxalak@okhdfcbank,ICICI,1125,full,2023-07-03 08:00:00
ACC0003343,wnaik@okaxis,BOB,1326,minimal,2022-12-14 08:00:00
ACC0003344,warjascheema@okaxis,Axis,737,minimal,2024-07-25 08:00:00
ACC0003345,leenasalvi@ybl,Paytm Payments Bank,1880,full,2021-06-08 08:00:00
ACC0003346,bhatiazashil@okicici,SBI,698,full,2024-09-02 08:00:00
ACC0003347,baradelijah@okhdfcbank,BOB,1512,full,2022-06-11 08:00:00
ACC0003348,mprasad@okhdfcbank,Kotak,1515,minimal,2022-06-08 08:00:00
ACC0003349,ghoshekani@okicici,BOB,1564,full,2022-04-20 08:00:00
ACC0003350,senguptakrishna@okicici,HDFC,406,minimal,2025-06-21 08:00:00
ACC0003351,ryanhayre@okhdfcbank,Axis,917,full,2024-01-27 08:00:00
ACC0003352,vritti74@ybl,Axis,650,full,2024-10-20 08:00:00
ACC0003353,sakshamedwin@okicici,Paytm Payments Bank,130,full,2026-03-24 08:00:00
ACC0003354,zwadhwa@okaxis,PNB,1945,full,2021-04-04 08:00:00
ACC0003355,gabrielbajwa@oksbi,PNB,1623,full,2022-02-20 08:00:00
ACC0003356,janibahadurjit@ybl,BOB,123,minimal,2026-03-31 08:00:00
ACC0003357,abdulparsa@okicici,PNB,1418,full,2022-09-13 08:00:00
ACC0003358,vbora@okhdfcbank,BOB,454,full,2025-05-04 08:00:00
ACC0003359,watikagupta@okicici,Paytm Payments Bank,592,full,2024-12-17 08:00:00
ACC0003360,urvitella@okicici,HDFC,1330,full,2022-12-10 08:00:00
ACC0003361,ishanvi98@okicici,Axis,67,full,2026-05-26 08:00:00
ACC0003362,ekalingasarna@ybl,Paytm Payments Bank,619,full,2024-11-20 08:00:00
ACC0003363,epuri@ybl,Kotak,1330,full,2022-12-10 08:00:00
ACC0003364,dattazansi@ybl,SBI,1004,full,2023-11-01 08:00:00
ACC0003365,harrison17@okicici,Paytm Payments Bank,684,full,2024-09-16 08:00:00
ACC0003366,charanzachariah@okaxis,Axis,1779,full,2021-09-17 08:00:00
ACC0003367,arin34@okaxis,PNB,378,full,2025-07-19 08:00:00
ACC0003368,madhavi51@ybl,HDFC,1383,full,2022-10-18 08:00:00
ACC0003369,bhavnaborde@okicici,HDFC,1179,full,2023-05-10 08:00:00
ACC0003370,zarnatella@okicici,PNB,1114,full,2023-07-14 08:00:00
ACC0003371,mohini90@okaxis,Paytm Payments Bank,675,full,2024-09-25 08:00:00
ACC0003372,sinhaadya@ybl,ICICI,1309,full,2022-12-31 08:00:00
ACC0003373,balihamsini@okaxis,BOB,1186,none,2023-05-03 08:00:00
ACC0003374,mlal@okicici,Paytm Payments Bank,77,none,2026-05-16 08:00:00
ACC0003375,daniel23@ybl,ICICI,798,full,2024-05-25 08:00:00
ACC0003376,david37@okhdfcbank,HDFC,1973,full,2021-03-07 08:00:00
ACC0003377,banikhiral@okhdfcbank,PNB,462,full,2025-04-26 08:00:00
ACC0003378,sahafaris@okaxis,BOB,355,full,2025-08-11 08:00:00
ACC0003379,rdayal@okaxis,PNB,475,full,2025-04-13 08:00:00
ACC0003380,chawlabalendra@okhdfcbank,Kotak,773,full,2024-06-19 08:00:00
ACC0003381,otripathi@okaxis,Axis,1120,minimal,2023-07-08 08:00:00
ACC0003382,raagini74@okaxis,PNB,1043,minimal,2023-09-23 08:00:00
ACC0003383,anshbhakta@oksbi,ICICI,950,full,2023-12-25 08:00:00
ACC0003384,hayreladli@ybl,Kotak,36,minimal,2026-06-26 08:00:00
ACC0003385,subramaniamcharles@oksbi,HDFC,1373,full,2022-10-28 08:00:00
ACC0003386,spurohit@okaxis,BOB,1367,full,2022-11-03 08:00:00
ACC0003387,qushisane@okhdfcbank,Axis,1333,full,2022-12-07 08:00:00
ACC0003388,jacksarma@ybl,HDFC,1299,full,2023-01-10 08:00:00
ACC0003389,pillaiindira@okaxis,SBI,1529,full,2022-05-25 08:00:00
ACC0003390,hemalsarkar@oksbi,Paytm Payments Bank,541,full,2025-02-06 08:00:00
ACC0003391,khannavincent@okicici,SBI,1979,full,2021-03-01 08:00:00
ACC0003392,anneutkarsh@okaxis,Axis,1839,minimal,2021-07-19 08:00:00
ACC0003393,kyadav@okaxis,Kotak,360,full,2025-08-06 08:00:00
ACC0003394,aurorazaid@oksbi,Paytm Payments Bank,520,minimal,2025-02-27 08:00:00
ACC0003395,bosedakshesh@oksbi,Kotak,1916,full,2021-05-03 08:00:00
ACC0003396,revagole@okhdfcbank,Axis,162,full,2026-02-20 08:00:00
ACC0003397,caleb55@oksbi,Paytm Payments Bank,970,none,2023-12-05 08:00:00
ACC0003398,brindadayal@oksbi,Paytm Payments Bank,1661,full,2022-01-13 08:00:00
ACC0003399,qsrinivas@ybl,Kotak,257,minimal,2025-11-17 08:00:00
ACC0003400,bosefaraj@oksbi,Axis,1891,full,2021-05-28 08:00:00
ACC0003401,samesh75@okhdfcbank,SBI,173,full,2026-02-09 08:00:00
ACC0003402,sachimittal@ybl,Paytm Payments Bank,862,minimal,2024-03-22 08:00:00
ACC0003403,brinda38@okaxis,PNB,174,minimal,2026-02-08 08:00:00
ACC0003404,eiravati88@okhdfcbank,SBI,1130,full,2023-06-28 08:00:00
ACC0003405,bhagathiral@okhdfcbank,PNB,1725,minimal,2021-11-10 08:00:00
ACC0003406,rsunder@okhdfcbank,Kotak,1726,full,2021-11-09 08:00:00
ACC0003407,janilaksh@ybl,Paytm Payments Bank,1929,full,2021-04-20 08:00:00
ACC0003408,dalajakade@okhdfcbank,ICICI,284,minimal,2025-10-21 08:00:00
ACC0003409,pradhanlucky@ybl,HDFC,1582,full,2022-04-02 08:00:00
ACC0003410,keerria@okaxis,Kotak,780,full,2024-06-12 08:00:00
ACC0003411,bcomar@okaxis,Axis,527,full,2025-02-20 08:00:00
ACC0003412,rbandi@okhdfcbank,Paytm Payments Bank,705,minimal,2024-08-26 08:00:00
ACC0003413,leena41@oksbi,PNB,1036,full,2023-09-30 08:00:00
ACC0003414,mallickleena@okaxis,Kotak,1441,minimal,2022-08-21 08:00:00
ACC0003415,ybahl@okicici,PNB,1462,full,2022-07-31 08:00:00
ACC0003416,csawhney@oksbi,ICICI,1589,full,2022-03-26 08:00:00
ACC0003417,sameshraghavan@oksbi,Kotak,83,full,2026-05-10 08:00:00
ACC0003418,raaginiwalia@okicici,PNB,1491,minimal,2022-07-02 08:00:00
ACC0003419,modyazad@ybl,PNB,354,full,2025-08-12 08:00:00
ACC0003420,atharv95@okicici,ICICI,930,full,2024-01-14 08:00:00
ACC0003421,tarak05@oksbi,ICICI,1453,full,2022-08-09 08:00:00
ACC0003422,ysane@okaxis,PNB,1789,full,2021-09-07 08:00:00
ACC0003423,chopralipika@oksbi,PNB,87,full,2026-05-06 08:00:00
ACC0003424,ubika69@okicici,Kotak,54,full,2026-06-08 08:00:00
ACC0003425,nicholas67@ybl,BOB,1556,full,2022-04-28 08:00:00
ACC0003426,kevinaurora@oksbi,Kotak,1873,full,2021-06-15 08:00:00
ACC0003427,anusha13@ybl,Kotak,1232,full,2023-03-18 08:00:00
ACC0003428,geetika96@okaxis,ICICI,804,minimal,2024-05-19 08:00:00
ACC0003429,mahaljanaki@oksbi,Paytm Payments Bank,1017,minimal,2023-10-19 08:00:00
ACC0003430,zashil90@okhdfcbank,Kotak,59,full,2026-06-03 08:00:00
ACC0003431,mohantyekani@oksbi,ICICI,452,full,2025-05-06 08:00:00
ACC0003432,praneel77@okhdfcbank,Axis,1623,full,2022-02-20 08:00:00
ACC0003433,sarrafaditya@ybl,SBI,970,minimal,2023-12-05 08:00:00
ACC0003434,wbansal@ybl,Axis,1762,full,2021-10-04 08:00:00
ACC0003435,akamdar@okhdfcbank,BOB,774,full,2024-06-18 08:00:00
ACC0003436,bucharadhana@okicici,HDFC,1979,full,2021-03-01 08:00:00
ACC0003437,devansh72@ybl,HDFC,1999,none,2021-02-09 08:00:00
ACC0003438,anya47@okaxis,Axis,144,full,2026-03-10 08:00:00
ACC0003439,utkarshghosh@oksbi,Axis,1662,full,2022-01-12 08:00:00
ACC0003440,chandrankaul@okaxis,ICICI,1499,full,2022-06-24 08:00:00
ACC0003441,baradqarin@okicici,PNB,1277,full,2023-02-01 08:00:00
ACC0003442,cnadig@okhdfcbank,ICICI,419,full,2025-06-08 08:00:00
ACC0003443,darshlad@oksbi,Axis,154,full,2026-02-28 08:00:00
ACC0003444,amol58@ybl,Paytm Payments Bank,1589,full,2022-03-26 08:00:00
ACC0003445,keerinaya@okhdfcbank,Kotak,1129,minimal,2023-06-29 08:00:00
ACC0003446,brahmbhattyashica@oksbi,Paytm Payments Bank,179,full,2026-02-03 08:00:00
ACC0003447,gchowdhury@okaxis,Axis,200,full,2026-01-13 08:00:00
ACC0003448,khalsasamar@oksbi,Paytm Payments Bank,1237,full,2023-03-13 08:00:00
ACC0003449,kamya61@ybl,BOB,49,minimal,2026-06-13 08:00:00
ACC0003450,jmandal@okaxis,Axis,258,full,2025-11-16 08:00:00
ACC0003451,narainjagvi@ybl,Paytm Payments Bank,1330,none,2022-12-10 08:00:00
ACC0003452,nikita57@okaxis,PNB,545,full,2025-02-02 08:00:00
ACC0003453,azaan25@okicici,Paytm Payments Bank,391,full,2025-07-06 08:00:00
ACC0003454,mannanmason@okicici,PNB,1978,minimal,2021-03-02 08:00:00
ACC0003455,cheriansiddharth@okicici,PNB,539,full,2025-02-08 08:00:00
ACC0003456,yasti89@okicici,Paytm Payments Bank,1060,full,2023-09-06 08:00:00
ACC0003457,tanveer69@oksbi,Paytm Payments Bank,1579,full,2022-04-05 08:00:00
ACC0003458,doctorlakshmi@ybl,Paytm Payments Bank,1859,full,2021-06-29 08:00:00
ACC0003459,brahmbhattudarsh@okhdfcbank,BOB,396,full,2025-07-01 08:00:00
ACC0003460,uyohannan@okaxis,Kotak,223,full,2025-12-21 08:00:00
ACC0003461,wablecharan@oksbi,Axis,1133,minimal,2023-06-25 08:00:00
ACC0003462,hvohra@oksbi,Axis,1592,full,2022-03-23 08:00:00
ACC0003463,rnadig@okicici,Paytm Payments Bank,655,full,2024-10-15 08:00:00
ACC0003464,chaayakohli@ybl,Axis,644,full,2024-10-26 08:00:00
ACC0003465,xavier53@okicici,ICICI,346,full,2025-08-20 08:00:00
ACC0003466,vmurty@oksbi,ICICI,841,full,2024-04-12 08:00:00
ACC0003467,khoslasai@okicici,Paytm Payments Bank,351,full,2025-08-15 08:00:00
ACC0003468,fpathak@okaxis,PNB,1645,full,2022-01-29 08:00:00
ACC0003469,yashasvi15@okaxis,PNB,568,full,2025-01-10 08:00:00
ACC0003470,ckarpe@okicici,Kotak,657,minimal,2024-10-13 08:00:00
ACC0003471,kkarpe@okaxis,PNB,675,full,2024-09-25 08:00:00
ACC0003472,yashreddy@okaxis,SBI,835,minimal,2024-04-18 08:00:00
ACC0003473,abhamangat@okhdfcbank,BOB,857,full,2024-03-27 08:00:00
ACC0003474,dipta11@oksbi,Paytm Payments Bank,1679,minimal,2021-12-26 08:00:00
ACC0003475,gsama@oksbi,Axis,69,full,2026-05-24 08:00:00
ACC0003476,wardahora@okicici,Kotak,554,full,2025-01-24 08:00:00
ACC0003477,sudikshaaurora@okaxis,Kotak,905,full,2024-02-08 08:00:00
ACC0003478,jaisahota@oksbi,Axis,1543,full,2022-05-11 08:00:00
ACC0003479,upma12@okicici,HDFC,931,full,2024-01-13 08:00:00
ACC0003480,sankararjun@okicici,Paytm Payments Bank,358,minimal,2025-08-08 08:00:00
ACC0003481,elijahdeo@okaxis,SBI,1244,minimal,2023-03-06 08:00:00
ACC0003482,wsami@okaxis,Axis,828,full,2024-04-25 08:00:00
ACC0003483,neelimakhurana@ybl,BOB,1272,full,2023-02-06 08:00:00
ACC0003484,jagat55@okicici,PNB,144,full,2026-03-10 08:00:00
ACC0003485,bathethan@okicici,HDFC,927,full,2024-01-17 08:00:00
ACC0003486,saumya67@okhdfcbank,Kotak,1833,none,2021-07-25 08:00:00
ACC0003487,wmann@okaxis,ICICI,1530,minimal,2022-05-24 08:00:00
ACC0003488,udesai@okicici,Axis,1237,full,2023-03-13 08:00:00
ACC0003489,yashodharachacko@oksbi,Kotak,927,full,2024-01-17 08:00:00
ACC0003490,abhimanyupingle@okicici,PNB,1592,full,2022-03-23 08:00:00
ACC0003491,uraghavan@okhdfcbank,Kotak,317,none,2025-09-18 08:00:00
ACC0003492,ggoda@okaxis,Axis,769,full,2024-06-23 08:00:00
ACC0003493,gunbir34@oksbi,Paytm Payments Bank,989,full,2023-11-16 08:00:00
ACC0003494,dom@okicici,PNB,437,full,2025-05-21 08:00:00
ACC0003495,umangal@okhdfcbank,ICICI,1940,full,2021-04-09 08:00:00
ACC0003496,wnagar@okaxis,BOB,871,minimal,2024-03-13 08:00:00
ACC0003497,lukebarman@okhdfcbank,SBI,1664,minimal,2022-01-10 08:00:00
ACC0003498,qushivenkataraman@okicici,SBI,1079,full,2023-08-18 08:00:00
ACC0003499,dipta15@ybl,Kotak,95,minimal,2026-04-28 08:00:00
ACC0003500,noah14@okicici,Kotak,1037,full,2023-09-29 08:00:00
ACC0003501,vidhi73@okhdfcbank,HDFC,1534,none,2022-05-20 08:00:00
ACC0003502,bhavyalad@okhdfcbank,ICICI,1628,minimal,2022-02-15 08:00:00
ACC0003503,kataarya@okhdfcbank,Paytm Payments Bank,1763,full,2021-10-03 08:00:00
ACC0003504,gopaljhaveri@okhdfcbank,BOB,420,minimal,2025-06-07 08:00:00
ACC0003505,ayaanbaral@okaxis,ICICI,983,full,2023-11-22 08:00:00
ACC0003506,abeersuresh@oksbi,Kotak,179,full,2026-02-03 08:00:00
ACC0003507,pinglesamar@okaxis,SBI,1629,full,2022-02-14 08:00:00
ACC0003508,pooja78@okhdfcbank,BOB,631,full,2024-11-08 08:00:00
ACC0003509,sudikshamerchant@okicici,BOB,491,full,2025-03-28 08:00:00
ACC0003510,darsai@oksbi,Kotak,1782,full,2021-09-14 08:00:00
ACC0003511,qtak@oksbi,Kotak,1368,minimal,2022-11-02 08:00:00
ACC0003512,devanarya@ybl,ICICI,1494,full,2022-06-29 08:00:00
ACC0003513,pandyafarhan@oksbi,PNB,333,full,2025-09-02 08:00:00
ACC0003514,falannarain@ybl,SBI,83,minimal,2026-05-10 08:00:00
ACC0003515,yashicanayak@okicici,HDFC,1136,full,2023-06-22 08:00:00
ACC0003516,sudiksha81@oksbi,Axis,675,full,2024-09-25 08:00:00
ACC0003517,balvan61@okaxis,PNB,364,full,2025-08-02 08:00:00
ACC0003518,ranveer80@oksbi,Kotak,1913,full,2021-05-06 08:00:00
ACC0003519,korpallaksh@okaxis,HDFC,1827,minimal,2021-07-31 08:00:00
ACC0003520,rkannan@okhdfcbank,Paytm Payments Bank,798,minimal,2024-05-25 08:00:00
ACC0003521,alkasinghal@oksbi,BOB,1779,full,2021-09-17 08:00:00
ACC0003522,vedhikagrover@okaxis,Axis,928,full,2024-01-16 08:00:00
ACC0003523,imandal@ybl,HDFC,809,full,2024-05-14 08:00:00
ACC0003524,gaurangvarty@ybl,HDFC,388,full,2025-07-09 08:00:00
ACC0003525,aarushsaraf@okhdfcbank,Paytm Payments Bank,459,full,2025-04-29 08:00:00
ACC0003526,swaminathansathvik@okicici,BOB,763,full,2024-06-29 08:00:00
ACC0003527,balvansahota@ybl,Kotak,215,full,2025-12-29 08:00:00
ACC0003528,lajita93@okhdfcbank,Paytm Payments Bank,1071,full,2023-08-26 08:00:00
ACC0003529,veda82@okaxis,BOB,808,none,2024-05-15 08:00:00
ACC0003530,vincent47@okicici,Kotak,234,minimal,2025-12-10 08:00:00
ACC0003531,mramanathan@okhdfcbank,BOB,1743,minimal,2021-10-23 08:00:00
ACC0003532,vasana41@okicici,Axis,1365,none,2022-11-05 08:00:00
ACC0003533,isaiahmani@okaxis,Paytm Payments Bank,202,full,2026-01-11 08:00:00
ACC0003534,usekhon@okicici,SBI,592,full,2024-12-17 08:00:00
ACC0003535,pavanidalia@oksbi,SBI,539,full,2025-02-08 08:00:00
ACC0003536,ucchalnagar@oksbi,Paytm Payments Bank,348,minimal,2025-08-18 08:00:00
ACC0003537,palanmitali@ybl,Axis,155,minimal,2026-02-27 08:00:00
ACC0003538,vedasuresh@okicici,Kotak,1383,full,2022-10-18 08:00:00
ACC0003539,bkeer@oksbi,BOB,1716,full,2021-11-19 08:00:00
ACC0003540,amrita83@ybl,ICICI,1947,full,2021-04-02 08:00:00
ACC0003541,jbhat@oksbi,Kotak,1689,minimal,2021-12-16 08:00:00
ACC0003542,advika56@oksbi,SBI,254,full,2025-11-20 08:00:00
ACC0003543,bsathe@okaxis,Kotak,656,minimal,2024-10-14 08:00:00
ACC0003544,dlad@ybl,Kotak,573,full,2025-01-05 08:00:00
ACC0003545,vedika35@okicici,SBI,82,minimal,2026-05-11 08:00:00
ACC0003546,morarsara@oksbi,BOB,100,full,2026-04-23 08:00:00
ACC0003547,kkant@ybl,ICICI,802,full,2024-05-21 08:00:00
ACC0003548,samuelchoudhary@okicici,Axis,60,full,2026-06-02 08:00:00
ACC0003549,kai98@okhdfcbank,Paytm Payments Bank,165,full,2026-02-17 08:00:00
ACC0003550,bailladli@ybl,Paytm Payments Bank,880,full,2024-03-04 08:00:00
ACC0003551,nathira@okhdfcbank,PNB,1265,full,2023-02-13 08:00:00
ACC0003552,bawazilmil@okicici,ICICI,1872,full,2021-06-16 08:00:00
ACC0003553,janakiwason@okicici,HDFC,1135,full,2023-06-23 08:00:00
ACC0003554,nakshwason@ybl,Axis,1563,full,2022-04-21 08:00:00
ACC0003555,skarnik@oksbi,ICICI,1084,full,2023-08-13 08:00:00
ACC0003556,kashvinarula@okhdfcbank,BOB,198,full,2026-01-15 08:00:00
ACC0003557,jkale@okhdfcbank,Axis,1289,full,2023-01-20 08:00:00
ACC0003558,agastyabanik@okicici,Kotak,408,full,2025-06-19 08:00:00
ACC0003559,vyasharsh@ybl,PNB,976,minimal,2023-11-29 08:00:00
ACC0003560,csundaram@okicici,BOB,299,full,2025-10-06 08:00:00
ACC0003561,barkhamitra@ybl,SBI,327,full,2025-09-08 08:00:00
ACC0003562,karpeyug@okaxis,SBI,1667,minimal,2022-01-07 08:00:00
ACC0003563,magarjatin@okhdfcbank,ICICI,403,full,2025-06-24 08:00:00
ACC0003564,irattan@oksbi,ICICI,1740,full,2021-10-26 08:00:00
ACC0003565,frado11@ybl,Paytm Payments Bank,53,full,2026-06-09 08:00:00
ACC0003566,abahri@oksbi,BOB,734,full,2024-07-28 08:00:00
ACC0003567,girishraman@okaxis,PNB,469,full,2025-04-19 08:00:00
ACC0003568,devikanaik@okicici,Kotak,271,full,2025-11-03 08:00:00
ACC0003569,vvala@oksbi,PNB,1857,full,2021-07-01 08:00:00
ACC0003570,mittalanusha@okaxis,Paytm Payments Bank,1815,full,2021-08-12 08:00:00
ACC0003571,gjain@okicici,PNB,1398,full,2022-10-03 08:00:00
ACC0003572,urishilla64@okaxis,SBI,778,none,2024-06-14 08:00:00
ACC0003573,ochander@okhdfcbank,Axis,288,none,2025-10-17 08:00:00
ACC0003574,emallick@okhdfcbank,HDFC,1729,full,2021-11-06 08:00:00
ACC0003575,yashawini36@oksbi,Kotak,635,full,2024-11-04 08:00:00
ACC0003576,tanejameera@ybl,HDFC,923,none,2024-01-21 08:00:00
ACC0003577,hritik73@oksbi,BOB,1063,minimal,2023-09-03 08:00:00
ACC0003578,ranganathanvincent@ybl,Axis,1843,full,2021-07-15 08:00:00
ACC0003579,epingle@oksbi,SBI,1423,full,2022-09-08 08:00:00
ACC0003580,mukhopadhyaygaurangi@okicici,ICICI,1554,full,2022-04-30 08:00:00
ACC0003581,fiyazchandran@ybl,SBI,1116,minimal,2023-07-12 08:00:00
ACC0003582,sarthaksuri@ybl,Axis,772,full,2024-06-20 08:00:00
ACC0003583,fiyazdhaliwal@oksbi,Kotak,1117,full,2023-07-11 08:00:00
ACC0003584,hsolanki@oksbi,Axis,1423,minimal,2022-09-08 08:00:00
ACC0003585,danieltak@oksbi,BOB,1568,minimal,2022-04-16 08:00:00
ACC0003586,nisha45@okhdfcbank,BOB,600,full,2024-12-09 08:00:00
ACC0003587,balhaarnagy@ybl,BOB,1875,minimal,2021-06-13 08:00:00
ACC0003588,rahluwalia@okicici,ICICI,988,full,2023-11-17 08:00:00
ACC0003589,vrindatata@okhdfcbank,HDFC,644,full,2024-10-26 08:00:00
ACC0003590,warinder57@okicici,Axis,1168,minimal,2023-05-21 08:00:00
ACC0003591,jvarkey@ybl,HDFC,1285,full,2023-01-24 08:00:00
ACC0003592,cheemapavani@oksbi,ICICI,870,full,2024-03-14 08:00:00
ACC0003593,prashadjoshua@oksbi,BOB,358,minimal,2025-08-08 08:00:00
ACC0003594,edwinzinal@okaxis,BOB,1353,full,2022-11-17 08:00:00
ACC0003595,ganesanrudra@okicici,HDFC,539,full,2025-02-08 08:00:00
ACC0003596,ccomar@okicici,ICICI,1973,minimal,2021-03-07 08:00:00
ACC0003597,ktandon@ybl,ICICI,282,full,2025-10-23 08:00:00
ACC0003598,vdey@okicici,Kotak,321,full,2025-09-14 08:00:00
ACC0003599,arastogi@ybl,PNB,270,full,2025-11-04 08:00:00
ACC0003600,jacob64@ybl,Paytm Payments Bank,1610,full,2022-03-05 08:00:00
ACC0003601,ekantika95@okicici,HDFC,927,full,2024-01-17 08:00:00
ACC0003602,lohitmannan@okaxis,ICICI,1279,full,2023-01-30 08:00:00
ACC0003603,kamyavenkataraman@okicici,PNB,1574,minimal,2022-04-10 08:00:00
ACC0003604,urmi73@okaxis,PNB,113,full,2026-04-10 08:00:00
ACC0003605,krishna28@okaxis,ICICI,985,minimal,2023-11-20 08:00:00
ACC0003606,uanne@okaxis,PNB,1446,full,2022-08-16 08:00:00
ACC0003607,jgola@okhdfcbank,Kotak,241,full,2025-12-03 08:00:00
ACC0003608,abhavsar@okaxis,BOB,1770,full,2021-09-26 08:00:00
ACC0003609,raghav31@okhdfcbank,PNB,1336,minimal,2022-12-04 08:00:00
ACC0003610,gnarayanan@okicici,PNB,1530,full,2022-05-24 08:00:00
ACC0003611,sidhunaksh@okaxis,PNB,703,none,2024-08-28 08:00:00
ACC0003612,pallaupkaar@okhdfcbank,HDFC,200,full,2026-01-13 08:00:00
ACC0003613,akshay34@oksbi,Paytm Payments Bank,1024,full,2023-10-12 08:00:00
ACC0003614,pooja94@okicici,HDFC,918,none,2024-01-26 08:00:00
ACC0003615,neha48@okaxis,BOB,1722,full,2021-11-13 08:00:00
ACC0003616,farasdua@okaxis,SBI,1812,full,2021-08-15 08:00:00
ACC0003617,kalitaati@okhdfcbank,HDFC,1239,full,2023-03-11 08:00:00
ACC0003618,adyachaudry@oksbi,Kotak,1594,full,2022-03-21 08:00:00
ACC0003619,leelanarayanan@ybl,BOB,1482,minimal,2022-07-11 08:00:00
ACC0003620,urvashi32@okhdfcbank,Kotak,1501,full,2022-06-22 08:00:00
ACC0003621,katatarak@okaxis,SBI,931,minimal,2024-01-13 08:00:00
ACC0003622,dinluke@okaxis,SBI,1695,full,2021-12-10 08:00:00
ACC0003623,vaishnaviacharya@okhdfcbank,Kotak,400,full,2025-06-27 08:00:00
ACC0003624,faras02@okaxis,SBI,1915,full,2021-05-04 08:00:00
ACC0003625,qsandal@okicici,Kotak,1769,minimal,2021-09-27 08:00:00
ACC0003626,tnarain@okicici,Axis,734,full,2024-07-28 08:00:00
ACC0003627,khoslamaya@okhdfcbank,Kotak,1635,full,2022-02-08 08:00:00
ACC0003628,trajan@okicici,ICICI,1330,full,2022-12-10 08:00:00
ACC0003629,tpant@ybl,Kotak,1608,full,2022-03-07 08:00:00
ACC0003630,farhan93@okicici,ICICI,1572,minimal,2022-04-12 08:00:00
ACC0003631,arunimadhar@okhdfcbank,Kotak,1784,full,2021-09-12 08:00:00
ACC0003632,fsathe@oksbi,Kotak,1132,minimal,2023-06-26 08:00:00
ACC0003633,jai86@okhdfcbank,BOB,237,full,2025-12-07 08:00:00
ACC0003634,pranav05@oksbi,BOB,1048,full,2023-09-18 08:00:00
ACC0003635,upal@okaxis,Kotak,1783,full,2021-09-13 08:00:00
ACC0003636,nkala@okicici,ICICI,926,none,2024-01-18 08:00:00
ACC0003637,lavanyaprasad@okhdfcbank,HDFC,691,full,2024-09-09 08:00:00
ACC0003638,advaithhayre@ybl,PNB,665,minimal,2024-10-05 08:00:00
ACC0003639,hpatel@oksbi,BOB,1132,full,2023-06-26 08:00:00
ACC0003640,abdulmukherjee@oksbi,HDFC,185,full,2026-01-28 08:00:00
ACC0003641,girindra54@okaxis,PNB,1254,full,2023-02-24 08:00:00
ACC0003642,mahajanbahadurjit@ybl,Kotak,726,full,2024-08-05 08:00:00
ACC0003643,varenya60@okaxis,HDFC,1916,minimal,2021-05-03 08:00:00
ACC0003644,anusha09@okicici,HDFC,1537,full,2022-05-17 08:00:00
ACC0003645,sinhasuhani@okaxis,SBI,490,full,2025-03-29 08:00:00
ACC0003646,eghose@okicici,SBI,347,full,2025-08-19 08:00:00
ACC0003647,baradkala@oksbi,Axis,1736,minimal,2021-10-30 08:00:00
ACC0003648,duapeter@oksbi,ICICI,931,full,2024-01-13 08:00:00
ACC0003649,fitansaini@okhdfcbank,Paytm Payments Bank,529,minimal,2025-02-18 08:00:00
ACC0003650,bhallasachi@ybl,Axis,878,full,2024-03-06 08:00:00
ACC0003651,murthygunbir@ybl,BOB,1766,full,2021-09-30 08:00:00
ACC0003652,rishi90@okaxis,PNB,1849,full,2021-07-09 08:00:00
ACC0003653,edhitha29@okicici,BOB,775,full,2024-06-17 08:00:00
ACC0003654,zaitra06@oksbi,Kotak,1873,full,2021-06-15 08:00:00
ACC0003655,ebhat@oksbi,Kotak,187,minimal,2026-01-26 08:00:00
ACC0003656,yachanadivan@oksbi,ICICI,1468,full,2022-07-25 08:00:00
ACC0003657,fiyaz27@ybl,Paytm Payments Bank,1908,full,2021-05-11 08:00:00
ACC0003658,majumdarrushil@ybl,Axis,244,full,2025-11-30 08:00:00
ACC0003659,oghose@ybl,Axis,1499,full,2022-06-24 08:00:00
ACC0003660,mukhopadhyayanusha@okhdfcbank,Paytm Payments Bank,1206,full,2023-04-13 08:00:00
ACC0003661,jacob57@ybl,BOB,1048,full,2023-09-18 08:00:00
ACC0003662,shethgaurang@okhdfcbank,Paytm Payments Bank,380,full,2025-07-17 08:00:00
ACC0003663,chanaqabil@okicici,Paytm Payments Bank,147,minimal,2026-03-07 08:00:00
ACC0003664,grewaleesha@okhdfcbank,Kotak,332,full,2025-09-03 08:00:00
ACC0003665,garaadvaith@okicici,PNB,1502,minimal,2022-06-21 08:00:00
ACC0003666,kavyasharma@okhdfcbank,Paytm Payments Bank,1520,full,2022-06-03 08:00:00
ACC0003667,koshydarika@oksbi,BOB,1595,full,2022-03-20 08:00:00
ACC0003668,kevinmukherjee@okicici,PNB,955,full,2023-12-20 08:00:00
ACC0003669,raghavanbhavini@ybl,BOB,1197,full,2023-04-22 08:00:00
ACC0003670,aryadey@ybl,Kotak,1135,minimal,2023-06-23 08:00:00
ACC0003671,odika33@okhdfcbank,Kotak,1278,full,2023-01-31 08:00:00
ACC0003672,ryan24@okhdfcbank,HDFC,1616,full,2022-02-27 08:00:00
ACC0003673,ria41@oksbi,Axis,1525,full,2022-05-29 08:00:00
ACC0003674,lpant@oksbi,ICICI,1261,full,2023-02-17 08:00:00
ACC0003675,ikshita87@okaxis,HDFC,1932,full,2021-04-17 08:00:00
ACC0003676,balhaarrajan@okaxis,BOB,222,minimal,2025-12-22 08:00:00
ACC0003677,shivanshsaraf@okaxis,ICICI,810,minimal,2024-05-13 08:00:00
ACC0003678,bhavya35@okhdfcbank,PNB,404,full,2025-06-23 08:00:00
ACC0003679,gautam83@okaxis,PNB,1478,full,2022-07-15 08:00:00
ACC0003680,tejas74@okicici,BOB,407,full,2025-06-20 08:00:00
ACC0003681,daliazansi@okhdfcbank,Kotak,749,full,2024-07-13 08:00:00
ACC0003682,vaishnavidey@ybl,PNB,222,full,2025-12-22 08:00:00
ACC0003683,xnaidu@okhdfcbank,SBI,1271,full,2023-02-07 08:00:00
ACC0003684,ubandi@oksbi,SBI,225,none,2025-12-19 08:00:00
ACC0003685,parmerabhiram@okhdfcbank,SBI,1113,full,2023-07-15 08:00:00
ACC0003686,oviyasoman@okhdfcbank,Kotak,657,minimal,2024-10-13 08:00:00
ACC0003687,gayathri12@oksbi,Axis,1987,full,2021-02-21 08:00:00
ACC0003688,damini27@oksbi,Axis,1050,none,2023-09-16 08:00:00
ACC0003689,anthonysarna@oksbi,Kotak,228,full,2025-12-16 08:00:00
ACC0003690,usaran@okaxis,ICICI,1855,full,2021-07-03 08:00:00
ACC0003691,psolanki@okaxis,SBI,1697,full,2021-12-08 08:00:00
ACC0003692,kashvi95@ybl,HDFC,1945,minimal,2021-04-04 08:00:00
ACC0003693,trattan@okicici,HDFC,668,full,2024-10-02 08:00:00
ACC0003694,kauryashica@ybl,ICICI,399,minimal,2025-06-28 08:00:00
ACC0003695,samapooja@oksbi,ICICI,1049,none,2023-09-17 08:00:00
ACC0003696,nandini90@okicici,Paytm Payments Bank,1914,minimal,2021-05-05 08:00:00
ACC0003697,yauvaniganesan@okaxis,Paytm Payments Bank,1152,minimal,2023-06-06 08:00:00
ACC0003698,rushil92@ybl,HDFC,1399,full,2022-10-02 08:00:00
ACC0003699,gauribhagat@oksbi,Axis,778,none,2024-06-14 08:00:00
ACC0003700,morelohit@oksbi,BOB,1035,full,2023-10-01 08:00:00
ACC0003701,tara62@okaxis,HDFC,150,minimal,2026-03-04 08:00:00
ACC0003702,qacharya@okicici,BOB,216,minimal,2025-12-28 08:00:00
ACC0003703,saigera@oksbi,PNB,1347,full,2022-11-23 08:00:00
ACC0003704,damyanti12@oksbi,PNB,947,minimal,2023-12-28 08:00:00
ACC0003705,samarsarkar@okaxis,BOB,903,full,2024-02-10 08:00:00
ACC0003706,kondamitesh@okhdfcbank,Paytm Payments Bank,1034,full,2023-10-02 08:00:00
ACC0003707,abdul72@okaxis,BOB,1179,full,2023-05-10 08:00:00
ACC0003708,harish78@okicici,SBI,1640,full,2022-02-03 08:00:00
ACC0003709,ekala@oksbi,HDFC,115,full,2026-04-08 08:00:00
ACC0003710,tsheth@ybl,ICICI,1233,full,2023-03-17 08:00:00
ACC0003711,gopalram@okhdfcbank,SBI,1543,full,2022-05-11 08:00:00
ACC0003712,eeshadeol@okaxis,Axis,650,full,2024-10-20 08:00:00
ACC0003713,snarain@okhdfcbank,BOB,1131,full,2023-06-27 08:00:00
ACC0003714,iramesh@oksbi,Kotak,1103,full,2023-07-25 08:00:00
ACC0003715,palanvrinda@oksbi,HDFC,121,full,2026-04-02 08:00:00
ACC0003716,kapadiapranav@oksbi,Kotak,410,full,2025-06-17 08:00:00
ACC0003717,jyotipathak@okaxis,Axis,446,full,2025-05-12 08:00:00
ACC0003718,yachana09@okhdfcbank,SBI,1285,minimal,2023-01-24 08:00:00
ACC0003719,pbrahmbhatt@okhdfcbank,PNB,451,full,2025-05-07 08:00:00
ACC0003720,lakshittata@okicici,ICICI,522,none,2025-02-25 08:00:00
ACC0003721,chaitanyakakar@oksbi,Kotak,1722,minimal,2021-11-13 08:00:00
ACC0003722,radhika15@okhdfcbank,ICICI,853,full,2024-03-31 08:00:00
ACC0003723,bgole@ybl,PNB,534,minimal,2025-02-13 08:00:00
ACC0003724,bhavanimukhopadhyay@ybl,PNB,895,full,2024-02-18 08:00:00
ACC0003725,csrivastava@okicici,BOB,1829,full,2021-07-29 08:00:00
ACC0003726,oviya22@okaxis,BOB,881,full,2024-03-03 08:00:00
ACC0003727,gvarughese@oksbi,Paytm Payments Bank,1875,full,2021-06-13 08:00:00
ACC0003728,wbutala@okaxis,SBI,51,full,2026-06-11 08:00:00
ACC0003729,raveladvik@oksbi,Axis,949,full,2023-12-26 08:00:00
ACC0003730,eiravatidave@okhdfcbank,ICICI,264,minimal,2025-11-10 08:00:00
ACC0003731,asha@okhdfcbank,ICICI,1030,full,2023-10-06 08:00:00
ACC0003732,bratti@okicici,BOB,372,full,2025-07-25 08:00:00
ACC0003733,mitterpavani@okicici,PNB,616,full,2024-11-23 08:00:00
ACC0003734,jack97@okaxis,Axis,274,none,2025-10-31 08:00:00
ACC0003735,urvashi58@okaxis,Axis,1166,full,2023-05-23 08:00:00
ACC0003736,isaac26@okaxis,Paytm Payments Bank,103,full,2026-04-20 08:00:00
ACC0003737,jbuch@okhdfcbank,BOB,498,full,2025-03-21 08:00:00
ACC0003738,nazarethaarna@okhdfcbank,Axis,1591,full,2022-03-24 08:00:00
ACC0003739,yutikasha@okaxis,ICICI,789,full,2024-06-03 08:00:00
ACC0003740,dbava@okhdfcbank,Axis,1605,minimal,2022-03-10 08:00:00
ACC0003741,balveer17@okicici,SBI,1514,full,2022-06-09 08:00:00
ACC0003742,dperi@oksbi,Kotak,1972,minimal,2021-03-08 08:00:00
ACC0003743,zayyan65@oksbi,Kotak,543,full,2025-02-04 08:00:00
ACC0003744,arjun84@okhdfcbank,BOB,1876,full,2021-06-12 08:00:00
ACC0003745,chaayaparikh@okicici,HDFC,1969,full,2021-03-11 08:00:00
ACC0003746,cbadal@oksbi,Kotak,1314,full,2022-12-26 08:00:00
ACC0003747,chameli09@okhdfcbank,Paytm Payments Bank,928,full,2024-01-16 08:00:00
ACC0003748,parikhbalhaar@ybl,PNB,533,full,2025-02-14 08:00:00
ACC0003749,lkothari@ybl,Kotak,323,full,2025-09-12 08:00:00
ACC0003750,warriorgirindra@okhdfcbank,BOB,1432,full,2022-08-30 08:00:00
ACC0003751,maanavtak@ybl,ICICI,65,full,2026-05-28 08:00:00
ACC0003752,wmaharaj@okicici,SBI,688,full,2024-09-12 08:00:00
ACC0003753,ukohli@oksbi,SBI,242,full,2025-12-02 08:00:00
ACC0003754,ebaria@okhdfcbank,BOB,1182,minimal,2023-05-07 08:00:00
ACC0003755,kashish02@oksbi,SBI,275,full,2025-10-30 08:00:00
ACC0003756,rajayauvani@okhdfcbank,Paytm Payments Bank,181,minimal,2026-02-01 08:00:00
ACC0003757,nazarethchasmum@okaxis,PNB,1350,full,2022-11-20 08:00:00
ACC0003758,brattan@okaxis,Axis,822,full,2024-05-01 08:00:00
ACC0003759,aarinibuch@okicici,Kotak,1284,none,2023-01-25 08:00:00
ACC0003760,ydada@okaxis,Paytm Payments Bank,1333,minimal,2022-12-07 08:00:00
ACC0003761,advikamitter@okaxis,Kotak,343,full,2025-08-23 08:00:00
ACC0003762,chandranprasad@oksbi,BOB,617,none,2024-11-22 08:00:00
ACC0003763,wkale@oksbi,Kotak,1836,full,2021-07-22 08:00:00
ACC0003764,vmaharaj@okicici,ICICI,914,full,2024-01-30 08:00:00
ACC0003765,aradhanathaker@ybl,Axis,870,none,2024-03-14 08:00:00
ACC0003766,rastogipratyush@okicici,Axis,286,minimal,2025-10-19 08:00:00
ACC0003767,anjali06@okaxis,Paytm Payments Bank,892,full,2024-02-21 08:00:00
ACC0003768,anirudhsachdeva@okaxis,Paytm Payments Bank,939,full,2024-01-05 08:00:00
ACC0003769,anviloke@okaxis,ICICI,697,full,2024-09-03 08:00:00
ACC0003770,gnadkarni@oksbi,Axis,451,full,2025-05-07 08:00:00
ACC0003771,umangbadami@oksbi,Kotak,1194,minimal,2023-04-25 08:00:00
ACC0003772,timothy19@okaxis,Kotak,1152,full,2023-06-06 08:00:00
ACC0003773,triveni96@okaxis,ICICI,467,full,2025-04-21 08:00:00
ACC0003774,lopa78@okaxis,PNB,1141,minimal,2023-06-17 08:00:00
ACC0003775,ozaharini@ybl,BOB,1987,full,2021-02-21 08:00:00
ACC0003776,hiral72@okicici,ICICI,474,full,2025-04-14 08:00:00
ACC0003777,ntara@ybl,BOB,1949,full,2021-03-31 08:00:00
ACC0003778,madhavikumer@okhdfcbank,Axis,937,full,2024-01-07 08:00:00
ACC0003779,qbali@oksbi,PNB,1396,none,2022-10-05 08:00:00
ACC0003780,surhemani@ybl,ICICI,1423,full,2022-09-08 08:00:00
ACC0003781,johalkala@oksbi,ICICI,1207,full,2023-04-12 08:00:00
ACC0003782,bishakha57@oksbi,ICICI,989,minimal,2023-11-16 08:00:00
ACC0003783,jbalan@okicici,SBI,1026,full,2023-10-10 08:00:00
ACC0003784,indirasankar@okhdfcbank,HDFC,1641,full,2022-02-02 08:00:00
ACC0003785,wbajaj@okhdfcbank,Kotak,1914,minimal,2021-05-05 08:00:00
ACC0003786,vritti36@okicici,Axis,671,full,2024-09-29 08:00:00
ACC0003787,kritikadasgupta@oksbi,PNB,1991,minimal,2021-02-17 08:00:00
ACC0003788,randhawatejas@ybl,Kotak,773,full,2024-06-19 08:00:00
ACC0003789,indrajitmann@okaxis,Paytm Payments Bank,1726,full,2021-11-09 08:00:00
ACC0003790,nathanrattan@okicici,PNB,388,full,2025-07-09 08:00:00
ACC0003791,wpandey@oksbi,ICICI,1180,full,2023-05-09 08:00:00
ACC0003792,omyamallick@ybl,BOB,272,full,2025-11-02 08:00:00
ACC0003793,janani15@okaxis,PNB,1161,full,2023-05-28 08:00:00
ACC0003794,zkar@oksbi,HDFC,1880,full,2021-06-08 08:00:00
ACC0003795,sshetty@okaxis,HDFC,330,minimal,2025-09-05 08:00:00
ACC0003796,ldugar@okaxis,Paytm Payments Bank,307,full,2025-09-28 08:00:00
ACC0003797,amani@okhdfcbank,Kotak,379,minimal,2025-07-18 08:00:00
ACC0003798,ucchal21@ybl,ICICI,1227,full,2023-03-23 08:00:00
ACC0003799,asahota@okaxis,Kotak,70,minimal,2026-05-23 08:00:00
ACC0003800,ogulati@okicici,HDFC,204,full,2026-01-09 08:00:00
ACC0003801,kapurlakshit@okicici,BOB,1308,minimal,2023-01-01 08:00:00
ACC0003802,regearin@oksbi,Kotak,257,full,2025-11-17 08:00:00
ACC0003803,zaid29@okhdfcbank,Kotak,1653,full,2022-01-21 08:00:00
ACC0003804,xchand@okaxis,SBI,1667,full,2022-01-07 08:00:00
ACC0003805,ramachandranyasti@okaxis,ICICI,1238,full,2023-03-12 08:00:00
ACC0003806,neelshankar@oksbi,PNB,547,none,2025-01-31 08:00:00
ACC0003807,wriddhish27@okhdfcbank,Paytm Payments Bank,1881,full,2021-06-07 08:00:00
ACC0003808,ekantikadeo@okhdfcbank,Axis,371,full,2025-07-26 08:00:00
ACC0003809,dhruv03@okaxis,BOB,568,full,2025-01-10 08:00:00
ACC0003810,psharaf@okaxis,HDFC,588,full,2024-12-21 08:00:00
ACC0003811,ykhurana@oksbi,SBI,94,full,2026-04-29 08:00:00
ACC0003812,triyatella@okicici,BOB,69,full,2026-05-24 08:00:00
ACC0003813,narulanathaniel@okaxis,BOB,992,full,2023-11-13 08:00:00
ACC0003814,turviboase@okicici,BOB,1406,full,2022-09-25 08:00:00
ACC0003815,baliniharika@ybl,BOB,1674,full,2021-12-31 08:00:00
ACC0003816,erajan@oksbi,Kotak,730,full,2024-08-01 08:00:00
ACC0003817,tlad@oksbi,Paytm Payments Bank,1161,full,2023-05-28 08:00:00
ACC0003818,wallaarjun@okaxis,HDFC,200,minimal,2026-01-13 08:00:00
ACC0003819,usrivastava@okicici,HDFC,1900,full,2021-05-19 08:00:00
ACC0003820,mastermitali@okhdfcbank,Axis,293,full,2025-10-12 08:00:00
ACC0003821,patlamugdha@okhdfcbank,ICICI,794,full,2024-05-29 08:00:00
ACC0003822,ysangha@okhdfcbank,HDFC,515,full,2025-03-04 08:00:00
ACC0003823,chawlamadhav@okicici,HDFC,57,full,2026-06-05 08:00:00
ACC0003824,isaac25@okaxis,Kotak,1312,minimal,2022-12-28 08:00:00
ACC0003825,jnori@ybl,HDFC,246,full,2025-11-28 08:00:00
ACC0003826,vasudhakade@oksbi,HDFC,314,full,2025-09-21 08:00:00
ACC0003827,gunbir51@okhdfcbank,SBI,1500,full,2022-06-23 08:00:00
ACC0003828,wswamy@oksbi,Axis,1434,full,2022-08-28 08:00:00
ACC0003829,abhaoommen@okaxis,Kotak,192,full,2026-01-21 08:00:00
ACC0003830,sai57@okaxis,Axis,424,full,2025-06-03 08:00:00
ACC0003831,anvi90@ybl,ICICI,1044,full,2023-09-22 08:00:00
ACC0003832,manbirvig@ybl,SBI,1528,full,2022-05-26 08:00:00
ACC0003833,atharv35@okhdfcbank,HDFC,1069,full,2023-08-28 08:00:00
ACC0003834,bishakha42@okicici,ICICI,434,minimal,2025-05-24 08:00:00
ACC0003835,vaishnavi74@oksbi,HDFC,1208,full,2023-04-11 08:00:00
ACC0003836,kabirdin@oksbi,ICICI,185,minimal,2026-01-28 08:00:00
ACC0003837,leena43@oksbi,ICICI,1578,full,2022-04-06 08:00:00
ACC0003838,kakarchavvi@ybl,PNB,1742,full,2021-10-24 08:00:00
ACC0003839,adviklad@okicici,Axis,1067,full,2023-08-30 08:00:00
ACC0003840,yashoda86@okicici,Axis,1718,full,2021-11-17 08:00:00
ACC0003841,wgarde@okicici,PNB,1371,minimal,2022-10-30 08:00:00
ACC0003842,yachanamurthy@okhdfcbank,HDFC,162,full,2026-02-20 08:00:00
ACC0003843,kritika72@okhdfcbank,BOB,1878,full,2021-06-10 08:00:00
ACC0003844,egill@okaxis,SBI,1595,none,2022-03-20 08:00:00
ACC0003845,qatwal@okhdfcbank,Kotak,1411,full,2022-09-20 08:00:00
ACC0003846,oommenumang@okicici,HDFC,1906,full,2021-05-13 08:00:00
ACC0003847,samuel32@okicici,Paytm Payments Bank,1519,full,2022-06-04 08:00:00
ACC0003848,jagdish35@okaxis,Kotak,1690,full,2021-12-15 08:00:00
ACC0003849,ksharaf@okaxis,Kotak,1593,full,2022-03-22 08:00:00
ACC0003850,viswanathanvedant@oksbi,Axis,1555,full,2022-04-29 08:00:00
ACC0003851,janujabali@okicici,BOB,117,full,2026-04-06 08:00:00
ACC0003852,vchaudhary@okicici,BOB,975,full,2023-11-30 08:00:00
ACC0003853,madanfariq@okaxis,Paytm Payments Bank,1871,full,2021-06-17 08:00:00
ACC0003854,sekhonyug@okaxis,BOB,1541,minimal,2022-05-13 08:00:00
ACC0003855,aahanagoswami@oksbi,Kotak,1818,full,2021-08-09 08:00:00
ACC0003856,vedantshan@oksbi,BOB,1812,full,2021-08-15 08:00:00
ACC0003857,banjeetlata@oksbi,ICICI,919,full,2024-01-25 08:00:00
ACC0003858,gavin31@oksbi,HDFC,406,full,2025-06-21 08:00:00
ACC0003859,chavvibhat@oksbi,PNB,997,full,2023-11-08 08:00:00
ACC0003860,vedantkohli@okaxis,BOB,74,full,2026-05-19 08:00:00
ACC0003861,gshetty@ybl,PNB,1729,full,2021-11-06 08:00:00
ACC0003862,nagarelijah@ybl,Paytm Payments Bank,1026,full,2023-10-10 08:00:00
ACC0003863,vanyadada@oksbi,Paytm Payments Bank,1970,none,2021-03-10 08:00:00
ACC0003864,echacko@okicici,HDFC,152,full,2026-03-02 08:00:00
ACC0003865,harishkale@okaxis,PNB,692,full,2024-09-08 08:00:00
ACC0003866,kmital@okaxis,Axis,1092,full,2023-08-05 08:00:00
ACC0003867,saniisaac@okicici,ICICI,56,full,2026-06-06 08:00:00
ACC0003868,lhayer@ybl,BOB,666,full,2024-10-04 08:00:00
ACC0003869,qacharya@oksbi,PNB,1256,full,2023-02-22 08:00:00
ACC0003870,fmadan@oksbi,Kotak,794,full,2024-05-29 08:00:00
ACC0003871,falgunitripathi@okhdfcbank,SBI,999,full,2023-11-06 08:00:00
ACC0003872,svarkey@oksbi,Axis,884,minimal,2024-02-29 08:00:00
ACC0003873,aishani83@oksbi,Kotak,1439,full,2022-08-23 08:00:00
ACC0003874,anvi88@okaxis,PNB,1876,full,2021-06-12 08:00:00
ACC0003875,ria12@okicici,Axis,1212,minimal,2023-04-07 08:00:00
ACC0003876,uahuja@ybl,Axis,689,full,2024-09-11 08:00:00
ACC0003877,ktandon@oksbi,Axis,1278,full,2023-01-31 08:00:00
ACC0003878,dominicsankaran@okhdfcbank,Kotak,992,full,2023-11-13 08:00:00
ACC0003879,girindra75@okaxis,ICICI,225,full,2025-12-19 08:00:00
ACC0003880,rishichopra@ybl,Paytm Payments Bank,196,full,2026-01-17 08:00:00
ACC0003881,tanaymohanty@okicici,HDFC,1874,full,2021-06-14 08:00:00
ACC0003882,ekaja87@oksbi,PNB,1622,full,2022-02-21 08:00:00
ACC0003883,mitalshivansh@okhdfcbank,Paytm Payments Bank,775,full,2024-06-17 08:00:00
ACC0003884,ekiyadugar@okhdfcbank,Kotak,1326,full,2022-12-14 08:00:00
ACC0003885,meghanagarg@okaxis,ICICI,1301,minimal,2023-01-08 08:00:00
ACC0003886,nakshnanda@okicici,Paytm Payments Bank,1989,none,2021-02-19 08:00:00
ACC0003887,xsaha@ybl,Axis,1268,minimal,2023-02-10 08:00:00
ACC0003888,veer47@oksbi,HDFC,1352,full,2022-11-18 08:00:00
ACC0003889,kamala24@oksbi,PNB,154,full,2026-02-28 08:00:00
ACC0003890,irya57@okaxis,SBI,800,full,2024-05-23 08:00:00
ACC0003891,pavani96@oksbi,PNB,448,full,2025-05-10 08:00:00
ACC0003892,wahluwalia@okaxis,HDFC,1364,full,2022-11-06 08:00:00
ACC0003893,abhakta@oksbi,Paytm Payments Bank,1618,full,2022-02-25 08:00:00
ACC0003894,logan74@oksbi,Paytm Payments Bank,1167,minimal,2023-05-22 08:00:00
ACC0003895,jainsathvik@okicici,Paytm Payments Bank,250,full,2025-11-24 08:00:00
ACC0003896,chaitaly50@ybl,Paytm Payments Bank,1476,full,2022-07-17 08:00:00
ACC0003897,prisha65@oksbi,Kotak,1231,none,2023-03-19 08:00:00
ACC0003898,tanveerthakur@okhdfcbank,Kotak,283,full,2025-10-22 08:00:00
ACC0003899,gmahal@oksbi,Kotak,785,minimal,2024-06-07 08:00:00
ACC0003900,kibenaveen@ybl,SBI,798,full,2024-05-25 08:00:00
ACC0003901,varsha97@okicici,BOB,1353,full,2022-11-17 08:00:00
ACC0003902,ramakrishnanvidhi@okhdfcbank,PNB,1285,full,2023-01-24 08:00:00
ACC0003903,atiprashad@ybl,SBI,1579,minimal,2022-04-05 08:00:00
ACC0003904,chaudhuridaksh@oksbi,Paytm Payments Bank,144,full,2026-03-10 08:00:00
ACC0003905,anya85@oksbi,ICICI,169,full,2026-02-13 08:00:00
ACC0003906,hmane@oksbi,HDFC,364,minimal,2025-08-02 08:00:00
ACC0003907,vdesai@okicici,HDFC,761,full,2024-07-01 08:00:00
ACC0003908,nairodika@okhdfcbank,Paytm Payments Bank,1567,full,2022-04-17 08:00:00
ACC0003909,matthewmistry@ybl,BOB,157,full,2026-02-25 08:00:00
ACC0003910,gaurangsarma@oksbi,HDFC,840,minimal,2024-04-13 08:00:00
ACC0003911,falaklad@oksbi,HDFC,948,minimal,2023-12-27 08:00:00
ACC0003912,anthony21@okicici,Axis,1809,full,2021-08-18 08:00:00
ACC0003913,jalsa73@ybl,SBI,1350,full,2022-11-20 08:00:00
ACC0003914,ekanisidhu@oksbi,Paytm Payments Bank,1756,full,2021-10-10 08:00:00
ACC0003915,trivenipathak@oksbi,ICICI,478,none,2025-04-10 08:00:00
ACC0003916,rushil44@ybl,Kotak,311,full,2025-09-24 08:00:00
ACC0003917,deyjagdish@okaxis,SBI,1578,full,2022-04-06 08:00:00
ACC0003918,zsane@okaxis,SBI,623,full,2024-11-16 08:00:00
ACC0003919,hbava@okaxis,HDFC,1457,full,2022-08-05 08:00:00
ACC0003920,valakashvi@okhdfcbank,Axis,1237,full,2023-03-13 08:00:00
ACC0003921,sarkarazad@okhdfcbank,Kotak,1036,full,2023-09-30 08:00:00
ACC0003922,vyanjana49@okicici,ICICI,1221,full,2023-03-29 08:00:00
ACC0003923,ekalinga19@ybl,SBI,341,minimal,2025-08-25 08:00:00
ACC0003924,chowdhurynathan@ybl,PNB,1554,full,2022-04-30 08:00:00
ACC0003925,sidhurayaan@ybl,BOB,796,full,2024-05-27 08:00:00
ACC0003926,sankararadhana@ybl,PNB,442,full,2025-05-16 08:00:00
ACC0003927,vseth@okicici,BOB,699,full,2024-09-01 08:00:00
ACC0003928,gangabora@okaxis,SBI,614,full,2024-11-25 08:00:00
ACC0003929,harinakshisetty@ybl,BOB,1364,full,2022-11-06 08:00:00
ACC0003930,zbail@okhdfcbank,BOB,260,minimal,2025-11-14 08:00:00
ACC0003931,abeer96@oksbi,Axis,1551,minimal,2022-05-03 08:00:00
ACC0003932,anandumang@okicici,Axis,1536,minimal,2022-05-18 08:00:00
ACC0003933,prisha24@okicici,Kotak,1704,full,2021-12-01 08:00:00
ACC0003934,etawalia@oksbi,PNB,1356,full,2022-11-14 08:00:00
ACC0003935,xiyer@okicici,SBI,78,full,2026-05-15 08:00:00
ACC0003936,michael32@okicici,Axis,400,full,2025-06-27 08:00:00
ACC0003937,darikagolla@okaxis,Kotak,1504,full,2022-06-19 08:00:00
ACC0003938,balbalveer@ybl,ICICI,830,minimal,2024-04-23 08:00:00
ACC0003939,ijayabiswas@ybl,PNB,1013,minimal,2023-10-23 08:00:00
ACC0003940,divya33@oksbi,HDFC,1396,full,2022-10-05 08:00:00
ACC0003941,chavvigade@okhdfcbank,SBI,1841,full,2021-07-17 08:00:00
ACC0003942,omadan@okhdfcbank,PNB,1785,minimal,2021-09-11 08:00:00
ACC0003943,ishabala@okaxis,BOB,651,full,2024-10-19 08:00:00
ACC0003944,riadasgupta@oksbi,HDFC,1998,full,2021-02-10 08:00:00
ACC0003945,cbal@oksbi,BOB,470,full,2025-04-18 08:00:00
ACC0003946,lajitabawa@okhdfcbank,PNB,793,full,2024-05-30 08:00:00
ACC0003947,zsarna@okicici,SBI,75,minimal,2026-05-18 08:00:00
ACC0003948,sameshrai@oksbi,PNB,648,full,2024-10-22 08:00:00
ACC0003949,chanderparth@oksbi,HDFC,1939,minimal,2021-04-10 08:00:00
ACC0003950,gabashaurya@okhdfcbank,Paytm Payments Bank,1554,full,2022-04-30 08:00:00
ACC0003951,sureshishita@okhdfcbank,Axis,260,full,2025-11-14 08:00:00
ACC0003952,ojasvi33@ybl,PNB,1845,full,2021-07-13 08:00:00
ACC0003953,tripathijagvi@ybl,Paytm Payments Bank,1469,full,2022-07-24 08:00:00
ACC0003954,gkumer@oksbi,Axis,1446,full,2022-08-16 08:00:00
ACC0003955,shanamol@okaxis,SBI,1418,full,2022-09-13 08:00:00
ACC0003956,raiosha@okaxis,BOB,915,full,2024-01-29 08:00:00
ACC0003957,wchaudhry@ybl,SBI,57,full,2026-06-05 08:00:00
ACC0003958,dayita16@okicici,PNB,1994,full,2021-02-14 08:00:00
ACC0003959,veer16@okicici,SBI,445,full,2025-05-13 08:00:00
ACC0003960,rbabu@oksbi,Axis,1815,full,2021-08-12 08:00:00
ACC0003961,chakradev23@okhdfcbank,SBI,1689,minimal,2021-12-16 08:00:00
ACC0003962,adityadave@okaxis,Paytm Payments Bank,1740,minimal,2021-10-26 08:00:00
ACC0003963,logansinghal@okhdfcbank,PNB,1495,full,2022-06-28 08:00:00
ACC0003964,bhatshaurya@okicici,Paytm Payments Bank,1254,minimal,2023-02-24 08:00:00
ACC0003965,kamya96@oksbi,Kotak,1145,full,2023-06-13 08:00:00
ACC0003966,onigera@ybl,ICICI,790,full,2024-06-02 08:00:00
ACC0003967,zilmildoshi@okicici,BOB,1339,full,2022-12-01 08:00:00
ACC0003968,janyachoudhary@okicici,Paytm Payments Bank,852,none,2024-04-01 08:00:00
ACC0003969,ayushmantank@okicici,ICICI,1601,minimal,2022-03-14 08:00:00
ACC0003970,daminiraval@okaxis,BOB,1569,full,2022-04-15 08:00:00
ACC0003971,alka95@okhdfcbank,PNB,914,minimal,2024-01-30 08:00:00
ACC0003972,balgarima@okicici,Paytm Payments Bank,711,full,2024-08-20 08:00:00
ACC0003973,singhalbakhshi@oksbi,SBI,1134,full,2023-06-24 08:00:00
ACC0003974,nikitabatra@oksbi,Kotak,1910,full,2021-05-09 08:00:00
ACC0003975,kvohra@oksbi,ICICI,1733,none,2021-11-02 08:00:00
ACC0003976,harishaurora@oksbi,BOB,1652,full,2022-01-22 08:00:00
ACC0003977,udant16@okhdfcbank,SBI,888,full,2024-02-25 08:00:00
ACC0003978,chowdhuryvamakshi@okhdfcbank,PNB,1208,minimal,2023-04-11 08:00:00
ACC0003979,isagar@oksbi,Axis,1391,full,2022-10-10 08:00:00
ACC0003980,mdesai@okicici,Paytm Payments Bank,1643,full,2022-01-31 08:00:00
ACC0003981,mukhopadhyayvamakshi@okicici,BOB,1528,full,2022-05-26 08:00:00
ACC0003982,ikurian@okaxis,Axis,1708,full,2021-11-27 08:00:00
ACC0003983,jasmit91@okaxis,HDFC,1565,full,2022-04-19 08:00:00
ACC0003984,vtailor@okaxis,ICICI,1348,minimal,2022-11-22 08:00:00
ACC0003985,jeremiahkanda@oksbi,SBI,1863,minimal,2021-06-25 08:00:00
ACC0003986,lukekar@okhdfcbank,Paytm Payments Bank,1063,full,2023-09-03 08:00:00
ACC0003987,chandrannetra@okicici,Axis,177,minimal,2026-02-05 08:00:00
ACC0003988,henry33@oksbi,HDFC,650,none,2024-10-20 08:00:00
ACC0003989,qasim45@okhdfcbank,SBI,421,full,2025-06-06 08:00:00
ACC0003990,hvenkatesh@oksbi,ICICI,277,minimal,2025-10-28 08:00:00
ACC0003991,karan56@okhdfcbank,HDFC,1423,full,2022-09-08 08:00:00
ACC0003992,maanav90@okhdfcbank,BOB,1977,minimal,2021-03-03 08:00:00
ACC0003993,ybava@okaxis,SBI,1384,full,2022-10-17 08:00:00
ACC0003994,qabilatwal@okicici,BOB,644,full,2024-10-26 08:00:00
ACC0003995,bahadurjitkhanna@okaxis,Paytm Payments Bank,652,full,2024-10-18 08:00:00
ACC0003996,mekhalanaidu@okhdfcbank,Paytm Payments Bank,1245,none,2023-03-05 08:00:00
ACC0003997,srivastavaveda@okicici,Kotak,1053,full,2023-09-13 08:00:00
ACC0003998,raghav96@okaxis,BOB,1464,minimal,2022-07-29 08:00:00
ACC0003999,dkala@okhdfcbank,BOB,1606,full,2022-03-09 08:00:00
ACC0004000,ria14@okicici,Paytm Payments Bank,1300,none,2023-01-09 08:00:00
ACC0004001,geetika24@okhdfcbank,Paytm Payments Bank,808,minimal,2024-05-15 08:00:00
ACC0004002,vinaya87@okaxis,PNB,207,full,2026-01-06 08:00:00
ACC0004003,oommenzilmil@oksbi,HDFC,199,full,2026-01-14 08:00:00
ACC0004004,dev56@okicici,Axis,1564,full,2022-04-20 08:00:00
ACC0004005,dategirindra@okhdfcbank,Kotak,991,full,2023-11-14 08:00:00
ACC0004006,tanvichoudhry@okaxis,Axis,1621,full,2022-02-22 08:00:00
ACC0004007,merchantjonathan@okhdfcbank,ICICI,224,full,2025-12-20 08:00:00
ACC0004008,damyanti76@okhdfcbank,Paytm Payments Bank,1412,full,2022-09-19 08:00:00
ACC0004009,thamanqabil@okaxis,PNB,401,full,2025-06-26 08:00:00
ACC0004010,mvaidya@ybl,SBI,824,full,2024-04-29 08:00:00
ACC0004011,tristanbadal@ybl,Paytm Payments Bank,270,full,2025-11-04 08:00:00
ACC0004012,iryavora@okicici,ICICI,955,full,2023-12-20 08:00:00
ACC0004013,champakwalia@okicici,BOB,1261,full,2023-02-17 08:00:00
ACC0004014,victor82@okhdfcbank,Axis,347,full,2025-08-19 08:00:00
ACC0004015,nathan12@okhdfcbank,BOB,540,minimal,2025-02-07 08:00:00
ACC0004016,maxzachariah@oksbi,BOB,1682,full,2021-12-23 08:00:00
ACC0004017,rjain@oksbi,Kotak,404,minimal,2025-06-23 08:00:00
ACC0004018,rattanchaman@okaxis,Axis,1225,full,2023-03-25 08:00:00
ACC0004019,avig@okhdfcbank,HDFC,1685,full,2021-12-20 08:00:00
ACC0004020,usidhu@ybl,SBI,300,full,2025-10-05 08:00:00
ACC0004021,charitaacharya@okaxis,SBI,780,full,2024-06-12 08:00:00
ACC0004022,krishnamurthydevika@okicici,HDFC,1868,full,2021-06-20 08:00:00
ACC0004023,ekalingabhargava@okicici,BOB,98,full,2026-04-25 08:00:00
ACC0004024,jdey@okhdfcbank,HDFC,894,full,2024-02-19 08:00:00
ACC0004025,wdyal@okicici,Paytm Payments Bank,1827,full,2021-07-31 08:00:00
ACC0004026,mahikadutta@oksbi,ICICI,1912,full,2021-05-07 08:00:00
ACC0004027,lraman@okhdfcbank,ICICI,361,full,2025-08-05 08:00:00
ACC0004028,yuvrajpalla@ybl,Kotak,943,full,2024-01-01 08:00:00
ACC0004029,karaanya@okhdfcbank,ICICI,1008,full,2023-10-28 08:00:00
ACC0004030,neelimadasgupta@ybl,SBI,267,full,2025-11-07 08:00:00
ACC0004031,sameshsawhney@okicici,ICICI,331,full,2025-09-04 08:00:00
ACC0004032,anyanarang@okhdfcbank,Kotak,830,full,2024-04-23 08:00:00
ACC0004033,dalaldeepa@okhdfcbank,HDFC,1644,full,2022-01-30 08:00:00
ACC0004034,sinhavincent@ybl,SBI,574,full,2025-01-04 08:00:00
ACC0004035,hmisra@oksbi,Kotak,1691,minimal,2021-12-14 08:00:00
ACC0004036,edube@okaxis,Axis,1792,full,2021-09-04 08:00:00
ACC0004037,anita06@okaxis,Paytm Payments Bank,1002,full,2023-11-03 08:00:00
ACC0004038,isaiah76@okaxis,HDFC,383,full,2025-07-14 08:00:00
ACC0004039,vidhimanne@ybl,ICICI,290,minimal,2025-10-15 08:00:00
ACC0004040,harshilchakrabarti@okaxis,HDFC,169,full,2026-02-13 08:00:00
ACC0004041,wyatt76@okaxis,Kotak,535,minimal,2025-02-12 08:00:00
ACC0004042,obhandari@okicici,BOB,1725,full,2021-11-10 08:00:00
ACC0004043,mammenanya@okhdfcbank,Kotak,914,minimal,2024-01-30 08:00:00
ACC0004044,yashoda56@oksbi,Kotak,86,full,2026-05-07 08:00:00
ACC0004045,ishanvi10@oksbi,ICICI,1271,full,2023-02-07 08:00:00
ACC0004046,sunderxavier@ybl,BOB,1974,full,2021-03-06 08:00:00
ACC0004047,lkant@oksbi,Axis,1577,full,2022-04-07 08:00:00
ACC0004048,glata@okaxis,HDFC,619,full,2024-11-20 08:00:00
ACC0004049,mprashad@okaxis,HDFC,93,full,2026-04-30 08:00:00
ACC0004050,mbasak@oksbi,SBI,1472,full,2022-07-21 08:00:00
ACC0004051,chaudharigirish@okicici,Paytm Payments Bank,835,full,2024-04-18 08:00:00
ACC0004052,kharejalsa@okicici,PNB,1908,minimal,2021-05-11 08:00:00
ACC0004053,tramesh@okicici,PNB,1269,minimal,2023-02-09 08:00:00
ACC0004054,palanria@ybl,Paytm Payments Bank,992,full,2023-11-13 08:00:00
ACC0004055,cvirk@ybl,ICICI,1814,full,2021-08-13 08:00:00
ACC0004056,qsankaran@okaxis,Kotak,216,full,2025-12-28 08:00:00
ACC0004057,kalitapratyush@okhdfcbank,PNB,1292,full,2023-01-17 08:00:00
ACC0004058,narasimhanhardik@okicici,PNB,1943,full,2021-04-06 08:00:00
ACC0004059,nitara07@okicici,Kotak,496,minimal,2025-03-23 08:00:00
ACC0004060,jagrati55@oksbi,Kotak,1189,none,2023-04-30 08:00:00
ACC0004061,aradhanasehgal@okicici,BOB,422,full,2025-06-05 08:00:00
ACC0004062,nairtara@okaxis,Axis,1254,minimal,2023-02-24 08:00:00
ACC0004063,naveen38@oksbi,PNB,1853,full,2021-07-05 08:00:00
ACC0004064,nandini52@okicici,Kotak,1434,full,2022-08-28 08:00:00
ACC0004065,vchakraborty@ybl,ICICI,977,full,2023-11-28 08:00:00
ACC0004066,vedant54@okicici,Axis,1510,full,2022-06-13 08:00:00
ACC0004067,chananidra@okicici,ICICI,1647,minimal,2022-01-27 08:00:00
ACC0004068,widisha26@okaxis,Kotak,1688,full,2021-12-17 08:00:00
ACC0004069,alkasunder@okicici,Paytm Payments Bank,1021,full,2023-10-15 08:00:00
ACC0004070,geetika75@okicici,HDFC,329,full,2025-09-06 08:00:00
ACC0004071,omnaidu@ybl,BOB,801,full,2024-05-22 08:00:00
ACC0004072,choudhuryranveer@okicici,Paytm Payments Bank,416,full,2025-06-11 08:00:00
ACC0004073,yashawini84@ybl,PNB,1157,full,2023-06-01 08:00:00
ACC0004074,mitaliborra@oksbi,PNB,891,full,2024-02-22 08:00:00
ACC0004075,girikchana@okaxis,HDFC,905,full,2024-02-08 08:00:00
ACC0004076,jlall@okicici,HDFC,822,full,2024-05-01 08:00:00
ACC0004077,irya62@okicici,SBI,281,full,2025-10-24 08:00:00
ACC0004078,vchawla@okicici,HDFC,173,full,2026-02-09 08:00:00
ACC0004079,fitan53@oksbi,HDFC,579,minimal,2024-12-30 08:00:00
ACC0004080,pbaria@okaxis,Axis,1436,full,2022-08-26 08:00:00
ACC0004081,anushabal@ybl,SBI,1382,full,2022-10-19 08:00:00
ACC0004082,skapur@ybl,PNB,721,full,2024-08-10 08:00:00
ACC0004083,yatankara@oksbi,Axis,522,full,2025-02-25 08:00:00
ACC0004084,jkalita@okicici,Kotak,1198,minimal,2023-04-21 08:00:00
ACC0004085,minhasyagnesh@okhdfcbank,Kotak,340,minimal,2025-08-26 08:00:00
ACC0004086,subramanianreva@okaxis,Axis,381,full,2025-07-16 08:00:00
ACC0004087,ahanda@oksbi,HDFC,65,full,2026-05-28 08:00:00
ACC0004088,zilmilratta@okicici,Paytm Payments Bank,1287,full,2023-01-22 08:00:00
ACC0004089,tlal@okaxis,Axis,534,full,2025-02-13 08:00:00
ACC0004090,adya65@oksbi,ICICI,1278,minimal,2023-01-31 08:00:00
ACC0004091,wahab58@okhdfcbank,SBI,602,full,2024-12-07 08:00:00
ACC0004092,faraj25@okaxis,BOB,661,full,2024-10-09 08:00:00
ACC0004093,kabirchar@okhdfcbank,HDFC,505,full,2025-03-14 08:00:00
ACC0004094,uwason@okaxis,ICICI,939,full,2024-01-05 08:00:00
ACC0004095,kariijaya@ybl,BOB,817,full,2024-05-06 08:00:00
ACC0004096,udyatiluthra@okicici,Axis,1596,minimal,2022-03-19 08:00:00
ACC0004097,sharmaraksha@okaxis,Kotak,1036,full,2023-09-30 08:00:00
ACC0004098,esarin@ybl,BOB,1052,minimal,2023-09-14 08:00:00
ACC0004099,anthonysen@oksbi,Kotak,1272,full,2023-02-06 08:00:00
ACC0004100,palanvansha@ybl,BOB,188,full,2026-01-25 08:00:00
ACC0004101,devanshpandya@oksbi,Axis,857,full,2024-03-27 08:00:00
ACC0004102,majumdarzayyan@okicici,Axis,859,full,2024-03-25 08:00:00
ACC0004103,swaminathanraagini@oksbi,BOB,1870,full,2021-06-18 08:00:00
ACC0004104,meghanakale@okhdfcbank,Axis,991,full,2023-11-14 08:00:00
ACC0004105,imukherjee@okaxis,SBI,162,full,2026-02-20 08:00:00
ACC0004106,ganga39@okicici,BOB,736,full,2024-07-26 08:00:00
ACC0004107,xdhawan@okaxis,BOB,923,full,2024-01-21 08:00:00
ACC0004108,abeer90@okicici,Axis,552,full,2025-01-26 08:00:00
ACC0004109,jagdish19@okicici,Paytm Payments Bank,1896,full,2021-05-23 08:00:00
ACC0004110,wagleodika@ybl,Axis,478,minimal,2025-04-10 08:00:00
ACC0004111,robertkothari@okicici,SBI,811,minimal,2024-05-12 08:00:00
ACC0004112,pratyushbalan@oksbi,HDFC,214,full,2025-12-30 08:00:00
ACC0004113,vdar@okhdfcbank,PNB,1162,full,2023-05-27 08:00:00
ACC0004114,chandranetra@okicici,Paytm Payments Bank,1938,full,2021-04-11 08:00:00
ACC0004115,yreddy@okaxis,PNB,320,minimal,2025-09-15 08:00:00
ACC0004116,vdevi@oksbi,BOB,410,full,2025-06-17 08:00:00
ACC0004117,gopalmukhopadhyay@okhdfcbank,Axis,1096,minimal,2023-08-01 08:00:00
ACC0004118,peter64@okhdfcbank,ICICI,1301,full,2023-01-08 08:00:00
ACC0004119,lchana@okaxis,ICICI,993,full,2023-11-12 08:00:00
ACC0004120,neelima33@oksbi,HDFC,1684,full,2021-12-21 08:00:00
ACC0004121,finn57@okicici,ICICI,237,full,2025-12-07 08:00:00
ACC0004122,viswanathanaarini@okaxis,Kotak,1625,full,2022-02-18 08:00:00
ACC0004123,bhatdaniel@ybl,ICICI,342,full,2025-08-24 08:00:00
ACC0004124,girish20@okicici,ICICI,47,minimal,2026-06-15 08:00:00
ACC0004125,agrawaleta@okhdfcbank,SBI,1081,full,2023-08-16 08:00:00
ACC0004126,bmohan@okhdfcbank,Paytm Payments Bank,372,full,2025-07-25 08:00:00
ACC0004127,ekaraj23@oksbi,Kotak,300,full,2025-10-05 08:00:00
ACC0004128,igopal@okaxis,Axis,601,full,2024-12-08 08:00:00
ACC0004129,hemanichatterjee@okhdfcbank,Axis,1484,full,2022-07-09 08:00:00
ACC0004130,kavyagoel@okhdfcbank,HDFC,1271,none,2023-02-07 08:00:00
ACC0004131,ggoel@okhdfcbank,PNB,308,full,2025-09-27 08:00:00
ACC0004132,saibalasubramanian@okaxis,BOB,1666,full,2022-01-08 08:00:00
ACC0004133,yogijai@okaxis,Paytm Payments Bank,1517,none,2022-06-06 08:00:00
ACC0004134,bishakha15@ybl,Kotak,1961,minimal,2021-03-19 08:00:00
ACC0004135,zarnaganesh@okaxis,PNB,1212,full,2023-04-07 08:00:00
ACC0004136,tankreyansh@oksbi,Paytm Payments Bank,864,full,2024-03-20 08:00:00
ACC0004137,geetikasha@oksbi,HDFC,104,full,2026-04-19 08:00:00
ACC0004138,hsem@okicici,HDFC,782,full,2024-06-10 08:00:00
ACC0004139,nigamyatin@okaxis,BOB,874,full,2024-03-10 08:00:00
ACC0004140,lohit37@okicici,Paytm Payments Bank,78,full,2026-05-15 08:00:00
ACC0004141,netrabarman@oksbi,BOB,62,minimal,2026-05-31 08:00:00
ACC0004142,daniel79@oksbi,Paytm Payments Bank,1566,minimal,2022-04-18 08:00:00
ACC0004143,venkateshgavin@oksbi,PNB,1648,full,2022-01-26 08:00:00
ACC0004144,meera83@okhdfcbank,Axis,321,minimal,2025-09-14 08:00:00
ACC0004145,ekani27@okaxis,BOB,547,full,2025-01-31 08:00:00
ACC0004146,brindasandhu@okicici,Axis,982,full,2023-11-23 08:00:00
ACC0004147,ysaran@okhdfcbank,Axis,881,minimal,2024-03-03 08:00:00
ACC0004148,swaminathanarjun@okhdfcbank,PNB,1867,full,2021-06-21 08:00:00
ACC0004149,uchawla@okaxis,BOB,747,minimal,2024-07-15 08:00:00
ACC0004150,tramachandran@okaxis,HDFC,1816,full,2021-08-11 08:00:00
ACC0004151,xmani@ybl,Paytm Payments Bank,756,full,2024-07-06 08:00:00
ACC0004152,wablebenjamin@okaxis,HDFC,1808,full,2021-08-19 08:00:00
ACC0004153,gauravmohanty@okicici,ICICI,426,full,2025-06-01 08:00:00
ACC0004154,diptabava@oksbi,PNB,237,full,2025-12-07 08:00:00
ACC0004155,battachavvi@oksbi,Kotak,1073,full,2023-08-24 08:00:00
ACC0004156,wguha@okicici,Paytm Payments Bank,856,full,2024-03-28 08:00:00
ACC0004157,sarafyashoda@okicici,Kotak,698,full,2024-09-02 08:00:00
ACC0004158,yashodaprabhakar@ybl,HDFC,1088,minimal,2023-08-09 08:00:00
ACC0004159,kalahardik@okaxis,BOB,1583,minimal,2022-04-01 08:00:00
ACC0004160,ogrewal@ybl,HDFC,104,none,2026-04-19 08:00:00
ACC0004161,elijah37@okaxis,Kotak,344,full,2025-08-22 08:00:00
ACC0004162,alexanderbath@okicici,ICICI,930,full,2024-01-14 08:00:00
ACC0004163,sjha@oksbi,HDFC,1903,full,2021-05-16 08:00:00
ACC0004164,mannanaayush@okaxis,Axis,594,full,2024-12-15 08:00:00
ACC0004165,gangagoel@okhdfcbank,ICICI,650,full,2024-10-20 08:00:00
ACC0004166,xkari@oksbi,BOB,1195,minimal,2023-04-24 08:00:00
ACC0004167,jbasu@oksbi,BOB,1838,full,2021-07-20 08:00:00
ACC0004168,yatinkuruvilla@oksbi,SBI,552,none,2025-01-26 08:00:00
ACC0004169,nmukherjee@okhdfcbank,PNB,364,full,2025-08-02 08:00:00
ACC0004170,nimrat06@okhdfcbank,Axis,1641,full,2022-02-02 08:00:00
ACC0004171,rpurohit@okaxis,HDFC,369,full,2025-07-28 08:00:00
ACC0004172,vinayakulkarni@okicici,Kotak,971,minimal,2023-12-04 08:00:00
ACC0004173,ranabenjamin@okicici,Kotak,1987,full,2021-02-21 08:00:00
ACC0004174,qdave@ybl,ICICI,698,full,2024-09-02 08:00:00
ACC0004175,ekavircontractor@ybl,PNB,1740,minimal,2021-10-26 08:00:00
ACC0004176,duttvrinda@oksbi,Axis,1623,minimal,2022-02-20 08:00:00
ACC0004177,goswamifalak@okaxis,PNB,918,full,2024-01-26 08:00:00
ACC0004178,aahanarao@okicici,Paytm Payments Bank,1072,none,2023-08-25 08:00:00
ACC0004179,bhavini49@okhdfcbank,PNB,858,minimal,2024-03-26 08:00:00
ACC0004180,ikbal16@okhdfcbank,ICICI,557,full,2025-01-21 08:00:00
ACC0004181,gabrieltank@oksbi,Axis,1759,full,2021-10-07 08:00:00
ACC0004182,joshuavasa@okhdfcbank,Kotak,343,full,2025-08-23 08:00:00
ACC0004183,singhvarenya@okaxis,Kotak,848,full,2024-04-05 08:00:00
ACC0004184,choudhuryveer@oksbi,Paytm Payments Bank,526,minimal,2025-02-21 08:00:00
ACC0004185,ramaqarin@okhdfcbank,Kotak,1387,minimal,2022-10-14 08:00:00
ACC0004186,birwyatt@okaxis,BOB,146,minimal,2026-03-08 08:00:00
ACC0004187,cprabhakar@okaxis,Paytm Payments Bank,345,none,2025-08-21 08:00:00
ACC0004188,riyabarman@okicici,HDFC,713,full,2024-08-18 08:00:00
ACC0004189,shivanshnadkarni@okaxis,BOB,1026,full,2023-10-10 08:00:00
ACC0004190,atwalmichael@okaxis,Axis,860,full,2024-03-24 08:00:00
ACC0004191,zashil25@oksbi,Kotak,1280,full,2023-01-29 08:00:00
ACC0004192,piyer@ybl,BOB,699,minimal,2024-09-01 08:00:00
ACC0004193,ramanlajita@okhdfcbank,HDFC,236,minimal,2025-12-08 08:00:00
ACC0004194,bishakhatiwari@oksbi,BOB,47,full,2026-06-15 08:00:00
ACC0004195,karqarin@oksbi,SBI,219,full,2025-12-25 08:00:00
ACC0004196,gautamisarna@okhdfcbank,ICICI,393,full,2025-07-04 08:00:00
ACC0004197,sastryekaraj@okicici,Kotak,1757,full,2021-10-09 08:00:00
ACC0004198,bhavnadyal@okhdfcbank,ICICI,209,minimal,2026-01-04 08:00:00
ACC0004199,eeshabhandari@okhdfcbank,SBI,706,none,2024-08-25 08:00:00
ACC0004200,bhattacharyyanimrat@okhdfcbank,SBI,198,minimal,2026-01-15 08:00:00
ACC0004201,garaekanta@oksbi,BOB,423,minimal,2025-06-04 08:00:00
ACC0004202,balvan21@okhdfcbank,PNB,1034,full,2023-10-02 08:00:00
ACC0004203,abeerraj@ybl,HDFC,1290,minimal,2023-01-19 08:00:00
ACC0004204,bhardwajlila@oksbi,HDFC,612,full,2024-11-27 08:00:00
ACC0004205,kapurbalendra@okicici,ICICI,1775,full,2021-09-21 08:00:00
ACC0004206,bahrivamakshi@ybl,HDFC,1463,full,2022-07-30 08:00:00
ACC0004207,rmandal@okicici,SBI,488,full,2025-03-31 08:00:00
ACC0004208,vsengupta@oksbi,Paytm Payments Bank,723,minimal,2024-08-08 08:00:00
ACC0004209,vrittikrishna@ybl,PNB,764,full,2024-06-28 08:00:00
ACC0004210,suhani72@okaxis,BOB,1475,minimal,2022-07-18 08:00:00
ACC0004211,xyadav@okicici,Kotak,511,full,2025-03-08 08:00:00
ACC0004212,maanasmangat@oksbi,ICICI,974,full,2023-12-01 08:00:00
ACC0004213,lipikakurian@ybl,HDFC,150,full,2026-03-04 08:00:00
ACC0004214,jhalakbail@oksbi,ICICI,949,full,2023-12-26 08:00:00
ACC0004215,jmital@okicici,Kotak,608,full,2024-12-01 08:00:00
ACC0004216,sharafnirja@okaxis,BOB,1501,full,2022-06-22 08:00:00
ACC0004217,neelimadass@ybl,PNB,1934,minimal,2021-04-15 08:00:00
ACC0004218,sathvik66@okaxis,SBI,459,full,2025-04-29 08:00:00
ACC0004219,usharma@oksbi,Kotak,830,full,2024-04-23 08:00:00
ACC0004220,ysawhney@okicici,BOB,94,full,2026-04-29 08:00:00
ACC0004221,vpatla@okaxis,BOB,1049,minimal,2023-09-17 08:00:00
ACC0004222,mohini28@okicici,Paytm Payments Bank,1796,full,2021-08-31 08:00:00
ACC0004223,yatankalla@okaxis,Kotak,699,none,2024-09-01 08:00:00
ACC0004224,robertpatla@ybl,ICICI,1569,full,2022-04-15 08:00:00
ACC0004225,xrege@oksbi,PNB,1634,full,2022-02-09 08:00:00
ACC0004226,tanay62@okicici,ICICI,1027,full,2023-10-09 08:00:00
ACC0004227,ichopra@oksbi,Paytm Payments Bank,317,none,2025-09-18 08:00:00
ACC0004228,xmital@oksbi,ICICI,1888,full,2021-05-31 08:00:00
ACC0004229,mbehl@okhdfcbank,Kotak,1608,full,2022-03-07 08:00:00
ACC0004230,geetikadugar@ybl,Kotak,1668,full,2022-01-06 08:00:00
ACC0004231,bvarughese@okaxis,Axis,244,full,2025-11-30 08:00:00
ACC0004232,saanvibajwa@ybl,PNB,710,full,2024-08-21 08:00:00
ACC0004233,libnigera@ybl,Axis,1851,full,2021-07-07 08:00:00
ACC0004234,nachiket69@okhdfcbank,Paytm Payments Bank,1975,none,2021-03-05 08:00:00
ACC0004235,matthewsabharwal@ybl,PNB,1240,full,2023-03-10 08:00:00
ACC0004236,upadhriti32@okaxis,SBI,1577,full,2022-04-07 08:00:00
ACC0004237,nmutti@okaxis,HDFC,66,full,2026-05-27 08:00:00
ACC0004238,chatterjeedhruv@okaxis,Paytm Payments Bank,1828,minimal,2021-07-30 08:00:00
ACC0004239,bailabhiram@ybl,Axis,1276,minimal,2023-02-02 08:00:00
ACC0004240,narulagautam@ybl,Axis,1739,full,2021-10-27 08:00:00
ACC0004241,ishanvi32@okhdfcbank,Axis,644,full,2024-10-26 08:00:00
ACC0004242,damyantibhatti@okicici,BOB,1216,full,2023-04-03 08:00:00
ACC0004243,diya97@oksbi,SBI,1116,full,2023-07-12 08:00:00
ACC0004244,tnigam@okaxis,Axis,1712,full,2021-11-23 08:00:00
ACC0004245,bimalamitter@okhdfcbank,HDFC,910,minimal,2024-02-03 08:00:00
ACC0004246,duttamax@ybl,BOB,590,full,2024-12-19 08:00:00
ACC0004247,ojasvidani@okicici,SBI,1808,full,2021-08-19 08:00:00
ACC0004248,jdutt@oksbi,PNB,1218,minimal,2023-04-01 08:00:00
ACC0004249,smand@oksbi,BOB,1781,full,2021-09-15 08:00:00
ACC0004250,ishaandin@oksbi,Axis,702,full,2024-08-29 08:00:00
ACC0004251,wchatterjee@okhdfcbank,Kotak,909,full,2024-02-04 08:00:00
ACC0004252,deshmukhlakshmi@okaxis,SBI,1968,full,2021-03-12 08:00:00
ACC0004253,eraghavan@okicici,ICICI,1936,full,2021-04-13 08:00:00
ACC0004254,anmolpatil@okicici,BOB,1405,full,2022-09-26 08:00:00
ACC0004255,cgopal@oksbi,ICICI,903,full,2024-02-10 08:00:00
ACC0004256,swamyhemangini@okicici,PNB,1596,none,2022-03-19 08:00:00
ACC0004257,frederick51@ybl,HDFC,1446,full,2022-08-16 08:00:00
ACC0004258,krishnamital@okhdfcbank,SBI,348,none,2025-08-18 08:00:00
ACC0004259,hdoctor@okicici,ICICI,165,full,2026-02-17 08:00:00
ACC0004260,ekanimaster@okicici,HDFC,954,full,2023-12-21 08:00:00
ACC0004261,pantwarda@ybl,Paytm Payments Bank,1740,full,2021-10-26 08:00:00
ACC0004262,sahniomkaar@ybl,PNB,1015,minimal,2023-10-21 08:00:00
ACC0004263,zayyan38@okhdfcbank,Kotak,759,full,2024-07-03 08:00:00
ACC0004264,zinal07@oksbi,PNB,1681,full,2021-12-24 08:00:00
ACC0004265,ojas03@ybl,HDFC,1895,none,2021-05-24 08:00:00
ACC0004266,adya76@oksbi,Kotak,362,full,2025-08-04 08:00:00
ACC0004267,banjeet47@ybl,Axis,1699,full,2021-12-06 08:00:00
ACC0004268,natarajanazad@okicici,SBI,1923,full,2021-04-26 08:00:00
ACC0004269,advaithbahl@okaxis,HDFC,827,minimal,2024-04-26 08:00:00
ACC0004270,lajita37@okaxis,Axis,1618,full,2022-02-25 08:00:00
ACC0004271,crama@okaxis,HDFC,1301,none,2023-01-08 08:00:00
ACC0004272,keya55@oksbi,Paytm Payments Bank,1555,full,2022-04-29 08:00:00
ACC0004273,tray@okaxis,Kotak,967,full,2023-12-08 08:00:00
ACC0004274,kevin54@okhdfcbank,SBI,437,full,2025-05-21 08:00:00
ACC0004275,vrindamanda@ybl,Kotak,37,full,2026-06-25 08:00:00
ACC0004276,fiyaz71@okicici,Kotak,1391,full,2022-10-10 08:00:00
ACC0004277,yashodhara10@okhdfcbank,Kotak,1745,minimal,2021-10-21 08:00:00
ACC0004278,hredhaankibe@oksbi,HDFC,204,full,2026-01-09 08:00:00
ACC0004279,goelkashvi@okhdfcbank,ICICI,1179,full,2023-05-10 08:00:00
ACC0004280,dubewarjas@ybl,Kotak,1163,full,2023-05-26 08:00:00
ACC0004281,borraaditya@okhdfcbank,Kotak,1690,full,2021-12-15 08:00:00
ACC0004282,omekavir@okaxis,PNB,1129,full,2023-06-29 08:00:00
ACC0004283,triveninarayanan@okhdfcbank,PNB,248,full,2025-11-26 08:00:00
ACC0004284,daradaksh@okicici,BOB,310,none,2025-09-25 08:00:00
ACC0004285,ryanbumb@okicici,BOB,604,none,2024-12-05 08:00:00
ACC0004286,gavinchand@okicici,HDFC,1117,full,2023-07-11 08:00:00
ACC0004287,santviraj@okicici,BOB,1542,full,2022-05-12 08:00:00
ACC0004288,chandreshbuch@okicici,ICICI,613,full,2024-11-26 08:00:00
ACC0004289,onagi@oksbi,HDFC,1810,full,2021-08-17 08:00:00
ACC0004290,vamakshihora@okicici,Kotak,224,full,2025-12-20 08:00:00
ACC0004291,egrewal@oksbi,Axis,283,full,2025-10-22 08:00:00
ACC0004292,darsh72@oksbi,SBI,191,full,2026-01-22 08:00:00
ACC0004293,buchpatrick@ybl,HDFC,1753,minimal,2021-10-13 08:00:00
ACC0004294,adyadhawan@ybl,PNB,1154,minimal,2023-06-04 08:00:00
ACC0004295,jatinborra@okicici,HDFC,1377,minimal,2022-10-24 08:00:00
ACC0004296,rachitnagy@okhdfcbank,PNB,1570,minimal,2022-04-14 08:00:00
ACC0004297,nicholasrana@okhdfcbank,Kotak,890,full,2024-02-23 08:00:00
ACC0004298,nitara84@oksbi,HDFC,136,full,2026-03-18 08:00:00
ACC0004299,poojakrishna@ybl,SBI,1964,full,2021-03-16 08:00:00
ACC0004300,wridesh80@okhdfcbank,Paytm Payments Bank,1006,minimal,2023-10-30 08:00:00
ACC0004301,baghyawati21@ybl,HDFC,861,full,2024-03-23 08:00:00
ACC0004302,bhatnagarwakeeta@ybl,Axis,1240,full,2023-03-10 08:00:00
ACC0004303,darpan96@oksbi,HDFC,374,full,2025-07-23 08:00:00
ACC0004304,sehgaladvik@okaxis,Axis,64,full,2026-05-29 08:00:00
ACC0004305,nagarjanaki@oksbi,Axis,289,none,2025-10-16 08:00:00
ACC0004306,lalaeiravati@ybl,PNB,40,full,2026-06-22 08:00:00
ACC0004307,vparmar@oksbi,Paytm Payments Bank,1524,full,2022-05-30 08:00:00
ACC0004308,fprabhakar@okaxis,Axis,151,full,2026-03-03 08:00:00
ACC0004309,vrinda58@oksbi,PNB,825,full,2024-04-28 08:00:00
ACC0004310,vedantgarde@ybl,BOB,858,minimal,2024-03-26 08:00:00
ACC0004311,panditnimrat@okicici,Axis,619,full,2024-11-20 08:00:00
ACC0004312,ushenoy@okhdfcbank,BOB,1851,full,2021-07-07 08:00:00
ACC0004313,dsheth@okaxis,SBI,1269,none,2023-02-09 08:00:00
ACC0004314,jdua@ybl,Axis,860,full,2024-03-24 08:00:00
ACC0004315,bsaini@oksbi,ICICI,1445,minimal,2022-08-17 08:00:00
ACC0004316,edhitharaj@okhdfcbank,Axis,1218,full,2023-04-01 08:00:00
ACC0004317,mugdhapau@oksbi,Axis,112,full,2026-04-11 08:00:00
ACC0004318,saraforinder@okhdfcbank,BOB,1527,full,2022-05-27 08:00:00
ACC0004319,qarinkalla@okicici,HDFC,476,full,2025-04-12 08:00:00
ACC0004320,babumahika@oksbi,HDFC,1364,minimal,2022-11-06 08:00:00
ACC0004321,rdoctor@okaxis,HDFC,58,full,2026-06-04 08:00:00
ACC0004322,rudra07@oksbi,ICICI,945,full,2023-12-30 08:00:00
ACC0004323,tdutt@okhdfcbank,Kotak,1638,full,2022-02-05 08:00:00
ACC0004324,vedant37@okaxis,PNB,871,full,2024-03-13 08:00:00
ACC0004325,bsant@oksbi,Axis,442,full,2025-05-16 08:00:00
ACC0004326,vinayabhasin@oksbi,Paytm Payments Bank,415,full,2025-06-12 08:00:00
ACC0004327,hitesh15@okaxis,SBI,590,full,2024-12-19 08:00:00
ACC0004328,jmann@okaxis,ICICI,917,full,2024-01-27 08:00:00
ACC0004329,zilmiltalwar@okhdfcbank,Paytm Payments Bank,1850,full,2021-07-08 08:00:00
ACC0004330,omajaswaminathan@okaxis,HDFC,447,minimal,2025-05-11 08:00:00
ACC0004331,morarnathan@okicici,PNB,318,full,2025-09-17 08:00:00
ACC0004332,deepa96@okhdfcbank,Paytm Payments Bank,1605,minimal,2022-03-10 08:00:00
ACC0004333,dayalbaghyawati@okhdfcbank,Paytm Payments Bank,1114,full,2023-07-14 08:00:00
ACC0004334,kashvi25@oksbi,Paytm Payments Bank,1349,full,2022-11-21 08:00:00
ACC0004335,bbhatnagar@okicici,Paytm Payments Bank,1799,none,2021-08-28 08:00:00
ACC0004336,apingle@oksbi,Paytm Payments Bank,582,full,2024-12-27 08:00:00
ACC0004337,shauryanarain@oksbi,SBI,1883,minimal,2021-06-05 08:00:00
ACC0004338,dhritisoni@okaxis,BOB,1351,full,2022-11-19 08:00:00
ACC0004339,harini95@ybl,ICICI,1972,full,2021-03-08 08:00:00
ACC0004340,joshuanagy@okicici,PNB,1507,full,2022-06-16 08:00:00
ACC0004341,warjaskrish@ybl,PNB,586,full,2024-12-23 08:00:00
ACC0004342,bsinghal@okhdfcbank,HDFC,71,full,2026-05-22 08:00:00
ACC0004343,yasti16@okicici,Axis,609,minimal,2024-11-30 08:00:00
ACC0004344,ekantabumb@ybl,ICICI,1398,full,2022-10-03 08:00:00
ACC0004345,mshere@okhdfcbank,ICICI,1112,none,2023-07-16 08:00:00
ACC0004346,ekalinga76@ybl,BOB,700,full,2024-08-31 08:00:00
ACC0004347,anyadhar@okaxis,Axis,32,full,2026-06-30 08:00:00
ACC0004348,daniel73@okicici,BOB,1530,full,2022-05-24 08:00:00
ACC0004349,aarushnarang@okicici,Axis,1677,full,2021-12-28 08:00:00
ACC0004350,vasudha82@ybl,Kotak,1401,full,2022-09-30 08:00:00
ACC0004351,ekaja75@ybl,Axis,996,minimal,2023-11-09 08:00:00
ACC0004352,raghavdara@okhdfcbank,Kotak,695,full,2024-09-05 08:00:00
ACC0004353,darsh38@oksbi,Kotak,1584,full,2022-03-31 08:00:00
ACC0004354,yuvraj66@ybl,SBI,912,full,2024-02-01 08:00:00
ACC0004355,misraadvika@ybl,ICICI,241,full,2025-12-03 08:00:00
ACC0004356,maanasminhas@okhdfcbank,Axis,1804,full,2021-08-23 08:00:00
ACC0004357,balakrishnanoviya@okhdfcbank,HDFC,1125,full,2023-07-03 08:00:00
ACC0004358,pillayudyati@okaxis,ICICI,1153,full,2023-06-05 08:00:00
ACC0004359,sanyaraja@oksbi,Kotak,469,full,2025-04-19 08:00:00
ACC0004360,sachimurthy@okhdfcbank,BOB,555,full,2025-01-23 08:00:00
ACC0004361,mahaltamanna@ybl,Paytm Payments Bank,604,minimal,2024-12-05 08:00:00
ACC0004362,rudra97@okicici,Axis,221,full,2025-12-23 08:00:00
ACC0004363,nicholas92@okicici,Axis,221,full,2025-12-23 08:00:00
ACC0004364,anay10@okicici,ICICI,1441,full,2022-08-21 08:00:00
ACC0004365,vansha52@okhdfcbank,Paytm Payments Bank,1455,minimal,2022-08-07 08:00:00
ACC0004366,keya80@okaxis,Kotak,473,full,2025-04-15 08:00:00
ACC0004367,znaik@ybl,Axis,1061,minimal,2023-09-05 08:00:00
ACC0004368,etabanerjee@okhdfcbank,BOB,598,full,2024-12-11 08:00:00
ACC0004369,ekiya99@okicici,Paytm Payments Bank,1944,full,2021-04-05 08:00:00
ACC0004370,vaidyadaksh@okhdfcbank,HDFC,366,none,2025-07-31 08:00:00
ACC0004371,watikabhatt@okhdfcbank,PNB,1200,full,2023-04-19 08:00:00
ACC0004372,deymax@oksbi,Axis,1714,full,2021-11-21 08:00:00
ACC0004373,virknihal@oksbi,Axis,1530,minimal,2022-05-24 08:00:00
ACC0004374,georgeparsa@oksbi,PNB,434,full,2025-05-24 08:00:00
ACC0004375,hamsini16@okaxis,Axis,1385,full,2022-10-16 08:00:00
ACC0004376,ekaraj76@okhdfcbank,Axis,94,full,2026-04-29 08:00:00
ACC0004377,vohraomaja@okicici,BOB,1579,full,2022-04-05 08:00:00
ACC0004378,jdubey@oksbi,Paytm Payments Bank,159,full,2026-02-23 08:00:00
ACC0004379,johalsaumya@okicici,SBI,380,full,2025-07-17 08:00:00
ACC0004380,jacklal@okaxis,HDFC,1431,full,2022-08-31 08:00:00
ACC0004381,wriddhishbhalla@oksbi,HDFC,352,full,2025-08-14 08:00:00
ACC0004382,benumang@okaxis,Axis,252,full,2025-11-22 08:00:00
ACC0004383,cbasak@okicici,Kotak,370,minimal,2025-07-27 08:00:00
ACC0004384,virajdua@ybl,Axis,352,none,2025-08-14 08:00:00
ACC0004385,xitinagarajan@oksbi,Paytm Payments Bank,900,full,2024-02-13 08:00:00
ACC0004386,lila60@ybl,Axis,562,minimal,2025-01-16 08:00:00
ACC0004387,waida06@okhdfcbank,Axis,1664,full,2022-01-10 08:00:00
ACC0004388,bariaryan@ybl,Paytm Payments Bank,799,minimal,2024-05-24 08:00:00
ACC0004389,joshivictor@ybl,HDFC,1821,minimal,2021-08-06 08:00:00
ACC0004390,wamble@okhdfcbank,Axis,289,full,2025-10-16 08:00:00
ACC0004391,pillaiyashodhara@okhdfcbank,Paytm Payments Bank,1122,full,2023-07-06 08:00:00
ACC0004392,mekhalakala@ybl,ICICI,1360,full,2022-11-10 08:00:00
ACC0004393,abhimanyumanda@ybl,Axis,398,minimal,2025-06-29 08:00:00
ACC0004394,kavya86@okhdfcbank,HDFC,522,full,2025-02-25 08:00:00
ACC0004395,sakshamkunda@okhdfcbank,Kotak,1161,full,2023-05-28 08:00:00
ACC0004396,rohan54@okicici,PNB,221,full,2025-12-23 08:00:00
ACC0004397,pdar@oksbi,SBI,308,full,2025-09-27 08:00:00
ACC0004398,siya07@oksbi,ICICI,1771,minimal,2021-09-25 08:00:00
ACC0004399,ljayaraman@okhdfcbank,ICICI,481,full,2025-04-07 08:00:00
ACC0004400,barmanlila@okaxis,HDFC,176,full,2026-02-06 08:00:00
ACC0004401,jharyan@okaxis,ICICI,689,full,2024-09-11 08:00:00
ACC0004402,tanish94@okicici,SBI,1765,full,2021-10-01 08:00:00
ACC0004403,ubika03@okhdfcbank,SBI,53,minimal,2026-06-09 08:00:00
ACC0004404,teerth80@okhdfcbank,HDFC,1510,full,2022-06-13 08:00:00
ACC0004405,advik32@ybl,HDFC,1581,full,2022-04-03 08:00:00
ACC0004406,samuel76@okaxis,HDFC,419,full,2025-06-08 08:00:00
ACC0004407,tanvi69@ybl,Kotak,1861,full,2021-06-27 08:00:00
ACC0004408,vyanjanasrinivasan@ybl,SBI,1321,full,2022-12-19 08:00:00
ACC0004409,yuvraj19@okicici,BOB,753,full,2024-07-09 08:00:00
ACC0004410,acharyaazaan@ybl,PNB,1657,minimal,2022-01-17 08:00:00
ACC0004411,apteanusha@oksbi,HDFC,564,full,2025-01-14 08:00:00
ACC0004412,mittersai@ybl,Paytm Payments Bank,332,full,2025-09-03 08:00:00
ACC0004413,gdutta@okhdfcbank,ICICI,1099,full,2023-07-29 08:00:00
ACC0004414,pillaitanveer@okicici,SBI,1593,full,2022-03-22 08:00:00
ACC0004415,pallavipradhan@okhdfcbank,BOB,990,full,2023-11-15 08:00:00
ACC0004416,mammenomisha@ybl,SBI,120,full,2026-04-03 08:00:00
ACC0004417,mishrabakhshi@oksbi,BOB,565,full,2025-01-13 08:00:00
ACC0004418,mittallucky@okhdfcbank,Kotak,729,full,2024-08-02 08:00:00
ACC0004419,tanmayi31@ybl,ICICI,593,full,2024-12-16 08:00:00
ACC0004420,soniowen@okhdfcbank,Axis,1183,full,2023-05-06 08:00:00
ACC0004421,chowdhurygabriel@okicici,Axis,1663,none,2022-01-11 08:00:00
ACC0004422,tamannamahajan@okhdfcbank,Kotak,786,full,2024-06-06 08:00:00
ACC0004423,arin97@ybl,BOB,378,full,2025-07-19 08:00:00
ACC0004424,duatanveer@okhdfcbank,Paytm Payments Bank,1161,full,2023-05-28 08:00:00
ACC0004425,raokrishna@oksbi,BOB,455,full,2025-05-03 08:00:00
ACC0004426,baradwidisha@ybl,Paytm Payments Bank,1287,full,2023-01-22 08:00:00
ACC0004427,ashroff@okhdfcbank,ICICI,1640,full,2022-02-03 08:00:00
ACC0004428,agastyabasu@okicici,SBI,154,minimal,2026-02-28 08:00:00
ACC0004429,mandbaghyawati@okaxis,PNB,1802,minimal,2021-08-25 08:00:00
ACC0004430,zjain@ybl,SBI,284,full,2025-10-21 08:00:00
ACC0004431,arjun43@okicici,ICICI,1531,full,2022-05-23 08:00:00
ACC0004432,saraagarwal@okaxis,Axis,1000,full,2023-11-05 08:00:00
ACC0004433,saranvrinda@oksbi,HDFC,804,full,2024-05-19 08:00:00
ACC0004434,champakmangat@oksbi,HDFC,526,full,2025-02-21 08:00:00
ACC0004435,gaurang95@ybl,PNB,849,full,2024-04-04 08:00:00
ACC0004436,isodhi@ybl,PNB,1098,full,2023-07-30 08:00:00
ACC0004437,kashviprabhu@okhdfcbank,Axis,354,minimal,2025-08-12 08:00:00
ACC0004438,ekanipalan@oksbi,Kotak,1579,full,2022-04-05 08:00:00
ACC0004439,lghosh@ybl,BOB,1760,full,2021-10-06 08:00:00
ACC0004440,dpradhan@okicici,HDFC,664,full,2024-10-06 08:00:00
ACC0004441,brinda27@okaxis,PNB,113,minimal,2026-04-10 08:00:00
ACC0004442,bparsa@okaxis,ICICI,1323,full,2022-12-17 08:00:00
ACC0004443,kulkarnilaksh@okicici,PNB,1566,minimal,2022-04-18 08:00:00
ACC0004444,jagrati77@oksbi,BOB,116,minimal,2026-04-07 08:00:00
ACC0004445,brijeshoza@okicici,Kotak,1506,full,2022-06-17 08:00:00
ACC0004446,haritazachariah@okicici,Axis,412,none,2025-06-15 08:00:00
ACC0004447,liamjha@okhdfcbank,HDFC,1896,full,2021-05-23 08:00:00
ACC0004448,abumb@okaxis,PNB,660,minimal,2024-10-10 08:00:00
ACC0004449,thakerbenjamin@ybl,SBI,1080,minimal,2023-08-17 08:00:00
ACC0004450,agrawalaachal@okhdfcbank,Kotak,1526,full,2022-05-28 08:00:00
ACC0004451,utkarshnatt@ybl,ICICI,1458,minimal,2022-08-04 08:00:00
ACC0004452,udada@okicici,ICICI,594,full,2024-12-15 08:00:00
ACC0004453,megha86@okhdfcbank,Kotak,1733,full,2021-11-02 08:00:00
ACC0004454,indalireddy@okhdfcbank,PNB,1436,full,2022-08-26 08:00:00
ACC0004455,karasudiksha@oksbi,Axis,1906,none,2021-05-13 08:00:00
ACC0004456,raghavacharya@okicici,Axis,1717,minimal,2021-11-18 08:00:00
ACC0004457,tandonmaanas@ybl,Kotak,557,minimal,2025-01-21 08:00:00
ACC0004458,mohanwyatt@okaxis,Axis,280,minimal,2025-10-25 08:00:00
ACC0004459,nmitter@okhdfcbank,HDFC,1680,full,2021-12-25 08:00:00
ACC0004460,halderarjun@okaxis,Paytm Payments Bank,1258,full,2023-02-20 08:00:00
ACC0004461,balasubramanianchakrika@okhdfcbank,SBI,1642,full,2022-02-01 08:00:00
ACC0004462,johalquincy@oksbi,HDFC,436,full,2025-05-22 08:00:00
ACC0004463,bhavsarzehaan@okaxis,Axis,435,full,2025-05-23 08:00:00
ACC0004464,bdani@okicici,Axis,1348,full,2022-11-22 08:00:00
ACC0004465,neha09@okhdfcbank,HDFC,862,none,2024-03-22 08:00:00
ACC0004466,hemal65@ybl,Paytm Payments Bank,1910,minimal,2021-05-09 08:00:00
ACC0004467,dakshasangha@okaxis,HDFC,700,full,2024-08-31 08:00:00
ACC0004468,rbarman@okaxis,SBI,1055,full,2023-09-11 08:00:00
ACC0004469,fbalay@oksbi,SBI,408,none,2025-06-19 08:00:00
ACC0004470,indali04@ybl,HDFC,90,full,2026-05-03 08:00:00
ACC0004471,wrajagopal@okhdfcbank,ICICI,879,minimal,2024-03-05 08:00:00
ACC0004472,samiindali@okhdfcbank,Axis,1102,full,2023-07-26 08:00:00
ACC0004473,ybala@okaxis,Paytm Payments Bank,713,full,2024-08-18 08:00:00
ACC0004474,suragabriel@ybl,HDFC,610,none,2024-11-29 08:00:00
ACC0004475,ikrishnan@okaxis,SBI,1889,minimal,2021-05-30 08:00:00
ACC0004476,butalayatan@oksbi,BOB,1422,full,2022-09-09 08:00:00
ACC0004477,shaladli@okicici,ICICI,1652,minimal,2022-01-22 08:00:00
ACC0004478,wyatt97@okicici,HDFC,186,minimal,2026-01-27 08:00:00
ACC0004479,naidudayita@ybl,PNB,1813,full,2021-08-14 08:00:00
ACC0004480,nkalita@oksbi,Axis,628,full,2024-11-11 08:00:00
ACC0004481,achandran@okicici,SBI,1007,full,2023-10-29 08:00:00
ACC0004482,ayaantoor@okaxis,Axis,1579,full,2022-04-05 08:00:00
ACC0004483,gbiswas@oksbi,Axis,1510,full,2022-06-13 08:00:00
ACC0004484,ubikamaharaj@oksbi,HDFC,1065,full,2023-09-01 08:00:00
ACC0004485,pwason@okicici,Kotak,593,full,2024-12-16 08:00:00
ACC0004486,kulkarnijacob@okicici,SBI,218,full,2025-12-26 08:00:00
ACC0004487,cghosh@okicici,ICICI,1785,full,2021-09-11 08:00:00
ACC0004488,nicholas04@okhdfcbank,Kotak,864,full,2024-03-20 08:00:00
ACC0004489,pooja12@okicici,Axis,1623,full,2022-02-20 08:00:00
ACC0004490,issacvasatika@okaxis,BOB,839,none,2024-04-14 08:00:00
ACC0004491,akrish@okhdfcbank,HDFC,1553,full,2022-05-01 08:00:00
ACC0004492,xgoda@okaxis,SBI,293,minimal,2025-10-12 08:00:00
ACC0004493,tbassi@oksbi,SBI,1963,full,2021-03-17 08:00:00
ACC0004494,udantoak@okicici,BOB,446,full,2025-05-12 08:00:00
ACC0004495,tkarnik@okhdfcbank,SBI,1274,full,2023-02-04 08:00:00
ACC0004496,gdalia@okaxis,HDFC,1432,full,2022-08-30 08:00:00
ACC0004497,liamdeo@oksbi,HDFC,1556,none,2022-04-28 08:00:00
ACC0004498,sarmawatika@oksbi,PNB,1602,minimal,2022-03-13 08:00:00
ACC0004499,qushi08@okhdfcbank,BOB,758,full,2024-07-04 08:00:00
MULE0010000,hitesh67@okaxis,BOB,16,minimal,2026-07-16 08:00:00
MULE0010001,mallickrajata@okhdfcbank,ICICI,2,none,2026-07-30 08:00:00
MULE0010002,ebhavsar@ybl,Paytm Payments Bank,8,none,2026-07-24 08:00:00
MULE0010003,lallishita@okhdfcbank,Axis,12,none,2026-07-20 08:00:00
MULE0010004,grattan@oksbi,PNB,15,none,2026-07-17 08:00:00
MULE0010005,lakshdara@okicici,Paytm Payments Bank,7,none,2026-07-25 08:00:00
MULE0010006,edwingabriel@ybl,Paytm Payments Bank,14,none,2026-07-18 08:00:00
MULE0010007,ronithsehgal@ybl,BOB,8,none,2026-07-24 08:00:00
MULE0010008,adya71@oksbi,Paytm Payments Bank,7,none,2026-07-25 08:00:00
MULE0010009,odikadalia@okicici,PNB,5,none,2026-07-27 08:00:00
MULE0010010,katasamaksh@oksbi,PNB,2,none,2026-07-30 08:00:00
MULE0010011,charitadeol@oksbi,SBI,14,none,2026-07-18 08:00:00
MULE0010100,xapte@okhdfcbank,BOB,30,minimal,2026-07-02 08:00:00
MULE0010101,uppaladvik@ybl,BOB,2,none,2026-07-30 08:00:00
MULE0010102,vohraamaira@okicici,Paytm Payments Bank,15,none,2026-07-17 08:00:00
MULE0010103,mitterlaksh@okicici,ICICI,6,none,2026-07-26 08:00:00
MULE0010104,yagnesh73@okicici,HDFC,15,none,2026-07-17 08:00:00
MULE0010105,vaishnavisridhar@okicici,HDFC,13,none,2026-07-19 08:00:00
MULE0010106,gkala@oksbi,Kotak,12,none,2026-07-20 08:00:00
MULE0010107,lipikabobal@okicici,PNB,15,none,2026-07-17 08:00:00
MULE0010108,joshuauppal@okhdfcbank,PNB,10,none,2026-07-22 08:00:00
MULE0010109,ekanshsridhar@ybl,Kotak,14,none,2026-07-18 08:00:00
MULE0010110,galayatin@okhdfcbank,PNB,11,none,2026-07-21 08:00:00
MULE0010111,opathak@okaxis,SBI,12,none,2026-07-20 08:00:00
MULE0010112,niharika06@okhdfcbank,ICICI,12,none,2026-07-20 08:00:00
MULE0010113,nagimegha@ybl,Kotak,12,none,2026-07-20 08:00:00
MULE0010114,hanskashvi@ybl,Kotak,7,none,2026-07-25 08:00:00
MULE0010115,msengupta@okicici,SBI,7,none,2026-07-25 08:00:00
MULE0010116,joshuasrinivas@okaxis,SBI,5,none,2026-07-27 08:00:00
MULE0010200,pdugar@ybl,Axis,26,minimal,2026-07-06 08:00:00
MULE0010201,widisha16@okicici,ICICI,5,none,2026-07-27 08:00:00
MULE0010202,sahnidominic@okaxis,SBI,5,none,2026-07-27 08:00:00
MULE0010203,dhingrabalveer@okhdfcbank,HDFC,10,none,2026-07-22 08:00:00
MULE0010204,arunima64@okaxis,HDFC,8,none,2026-07-24 08:00:00
MULE0010205,tom@oksbi,Kotak,7,none,2026-07-25 08:00:00
MULE0010206,darika78@ybl,PNB,4,none,2026-07-28 08:00:00
MULE0010207,wraju@okaxis,Axis,10,none,2026-07-22 08:00:00
MULE0010208,upasnanazareth@okhdfcbank,SBI,9,none,2026-07-23 08:00:00
MULE0010300,surihema@oksbi,HDFC,12,minimal,2026-07-20 08:00:00
MULE0010301,krishnamurthyamrita@okicici,HDFC,7,none,2026-07-25 08:00:00
MULE0010302,bhavya98@okhdfcbank,Paytm Payments Bank,2,none,2026-07-30 08:00:00
MULE0010303,dhritinaik@okhdfcbank,ICICI,2,none,2026-07-30 08:00:00
MULE0010304,rayaanpall@ybl,HDFC,6,none,2026-07-26 08:00:00
MULE0010305,rehaan58@ybl,ICICI,7,none,2026-07-25 08:00:00
MULE0010306,qmallick@okaxis,BOB,2,none,2026-07-30 08:00:00
MULE0010400,xguha@okhdfcbank,HDFC,40,minimal,2026-06-22 08:00:00
MULE0010401,chakrikagupta@okicici,HDFC,1,none,2026-07-31 08:00:00
MULE0010402,ekani37@okaxis,ICICI,2,none,2026-07-30 08:00:00
MULE0010403,jacobmanne@oksbi,Paytm Payments Bank,9,none,2026-07-23 08:00:00
MULE0010404,sameshnazareth@okhdfcbank,Paytm Payments Bank,1,none,2026-07-31 08:00:00
MULE0010405,watikaprasad@ybl,BOB,5,none,2026-07-27 08:00:00
MULE0010406,manyasule@ybl,Axis,9,none,2026-07-23 08:00:00
MULE0010407,tripti85@okicici,Paytm Payments Bank,5,none,2026-07-27 08:00:00
MULE0010408,aachalbora@okicici,SBI,1,none,2026-07-31 08:00:00
MULE0010409,jeet68@ybl,HDFC,7,none,2026-07-25 08:00:00
MULE0010410,eaggarwal@oksbi,Kotak,4,none,2026-07-28 08:00:00
MULE0010411,aachaltalwar@okicici,SBI,11,none,2026-07-21 08:00:00
MULE0010412,gmalhotra@oksbi,Axis,12,none,2026-07-20 08:00:00
MULE0010413,rissac@okaxis,ICICI,6,none,2026-07-26 08:00:00
MULE0010500,sanevrishti@ybl,BOB,13,minimal,2026-07-19 08:00:00
MULE0010501,sonirajeshri@oksbi,SBI,1,none,2026-07-31 08:00:00
MULE0010502,hmunshi@okaxis,BOB,8,none,2026-07-24 08:00:00
MULE0010503,pratyushdas@oksbi,Kotak,6,none,2026-07-26 08:00:00
MULE0010504,chatura01@okhdfcbank,ICICI,5,none,2026-07-27 08:00:00
MULE0010505,hritik88@okhdfcbank,PNB,15,none,2026-07-17 08:00:00
MULE0010506,joshua16@okhdfcbank,ICICI,12,none,2026-07-20 08:00:00
MULE0010507,balveerbhasin@okicici,SBI,1,none,2026-07-31 08:00:00
MULE0010600,choudhurygeetika@oksbi,HDFC,24,minimal,2026-07-08 08:00:00
MULE0010601,bhavani63@okaxis,PNB,2,none,2026-07-30 08:00:00
MULE0010602,thomasloke@okhdfcbank,ICICI,10,none,2026-07-22 08:00:00
MULE0010603,warjas20@okaxis,BOB,3,none,2026-07-29 08:00:00
MULE0010604,thomas26@okaxis,BOB,12,none,2026-07-20 08:00:00
MULE0010605,anaydyal@ybl,Kotak,13,none,2026-07-19 08:00:00
MULE0010606,madanvedika@okhdfcbank,PNB,13,none,2026-07-19 08:00:00
MULE0010607,chandranyatin@oksbi,HDFC,15,none,2026-07-17 08:00:00
MULE0010700,pkant@okaxis,Paytm Payments Bank,39,minimal,2026-06-23 08:00:00
MULE0010701,lgandhi@oksbi,PNB,2,none,2026-07-30 08:00:00
MULE0010702,atichhabra@ybl,HDFC,2,none,2026-07-30 08:00:00
MULE0010703,kharedarika@ybl,SBI,13,none,2026-07-19 08:00:00
MULE0010704,craju@ybl,Axis,8,none,2026-07-24 08:00:00
MULE0010705,vincentchaudhry@oksbi,Kotak,15,none,2026-07-17 08:00:00
MULE0010706,regesachi@okhdfcbank,Axis,4,none,2026-07-28 08:00:00
MULE0010707,vdoctor@ybl,HDFC,6,none,2026-07-26 08:00:00
MULE0010708,brai@ybl,Paytm Payments Bank,14,none,2026-07-18 08:00:00
MULE0010709,samesh76@ybl,ICICI,2,none,2026-07-30 08:00:00
MULE0010710,ekanta07@okicici,PNB,15,none,2026-07-17 08:00:00
MULE0010711,msathe@okaxis,SBI,11,none,2026-07-21 08:00:00
MULE0010800,kashishdhawan@okicici,PNB,40,minimal,2026-06-22 08:00:00
MULE0010801,purohitom@oksbi,Kotak,9,none,2026-07-23 08:00:00
MULE0010802,njohal@okicici,Paytm Payments Bank,3,none,2026-07-29 08:00:00
MULE0010803,ira64@okaxis,SBI,12,none,2026-07-20 08:00:00
MULE0010804,binakashyap@ybl,ICICI,7,none,2026-07-25 08:00:00
MULE0010805,bsingh@oksbi,Paytm Payments Bank,6,none,2026-07-26 08:00:00
MULE0010806,dhruvsethi@ybl,Paytm Payments Bank,11,none,2026-07-21 08:00:00
MULE0010807,ramachandranhemani@oksbi,Kotak,14,none,2026-07-18 08:00:00
MULE0010808,lakshmi07@okhdfcbank,BOB,9,none,2026-07-23 08:00:00
MULE0010809,bsehgal@oksbi,Axis,2,none,2026-07-30 08:00:00
MULE0010810,sarkaraadhya@oksbi,SBI,11,none,2026-07-21 08:00:00
MULE0010811,veer45@okaxis,ICICI,2,none,2026-07-30 08:00:00
MULE0010900,varenya22@okicici,Kotak,25,minimal,2026-07-07 08:00:00
MULE0010901,zansiwali@okhdfcbank,PNB,13,none,2026-07-19 08:00:00
MULE0010902,balhaarraj@okaxis,ICICI,4,none,2026-07-28 08:00:00
MULE0010903,chanakya31@oksbi,Paytm Payments Bank,10,none,2026-07-22 08:00:00
MULE0010904,georgebedi@oksbi,ICICI,12,none,2026-07-20 08:00:00
MULE0010905,fariq84@ybl,BOB,13,none,2026-07-19 08:00:00
MULE0010906,sdixit@oksbi,ICICI,6,none,2026-07-26 08:00:00
MULE0010907,rajatamallick@oksbi,HDFC,1,none,2026-07-31 08:00:00
MULE0010908,veerrout@oksbi,ICICI,2,none,2026-07-30 08:00:00
MULE0010909,ojas81@ybl,HDFC,8,none,2026-07-24 08:00:00
MULE0010910,georgeben@okicici,Kotak,9,none,2026-07-23 08:00:00
MULE0010911,bhavyasinghal@okhdfcbank,BOB,14,none,2026-07-18 08:00:00
MULE0010912,pganesh@okaxis,BOB,13,none,2026-07-19 08:00:00
MULE0010913,hayrefaraj@okhdfcbank,BOB,7,none,2026-07-25 08:00:00
MULE0010914,chaudhuriamruta@okhdfcbank,BOB,9,none,2026-07-23 08:00:00
MULE0010915,jeetshere@oksbi,SBI,11,none,2026-07-21 08:00:00
MULE0010916,praneel28@okaxis,BOB,2,none,2026-07-30 08:00:00
MULE0011000,yatananand@ybl,PNB,9,minimal,2026-07-23 08:00:00
MULE0011001,onveer48@oksbi,BOB,14,none,2026-07-18 08:00:00
MULE0011002,tellayamini@ybl,SBI,3,none,2026-07-29 08:00:00
MULE0011003,rameshkrishna@okicici,Kotak,15,none,2026-07-17 08:00:00
MULE0011004,chanakyasingh@ybl,Paytm Payments Bank,6,none,2026-07-26 08:00:00
MULE0011005,kevinkhurana@okaxis,HDFC,9,none,2026-07-23 08:00:00
MULE0011006,arya73@okaxis,PNB,12,none,2026-07-20 08:00:00
MULE0011007,tgill@oksbi,SBI,1,none,2026-07-31 08:00:00
MULE0011008,kotharineel@ybl,BOB,5,none,2026-07-27 08:00:00
MULE0011009,bhavsarkrishna@okhdfcbank,Kotak,9,none,2026-07-23 08:00:00
MULE0011010,aadimani@ybl,BOB,3,none,2026-07-29 08:00:00
MULE0011011,zwadhwa@okaxis,PNB,8,none,2026-07-24 08:00:00
MULE0011012,jrana@okaxis,Kotak,5,none,2026-07-27 08:00:00
MULE0011013,dvohra@ybl,HDFC,9,none,2026-07-23 08:00:00
MULE0011014,nidhi48@okicici,Kotak,3,none,2026-07-29 08:00:00
MULE0011015,gganesan@okhdfcbank,Kotak,6,none,2026-07-26 08:00:00
MULE0011016,zdate@okhdfcbank,ICICI,8,none,2026-07-24 08:00:00
MULE0011017,jhaveriethan@okicici,Axis,1,none,2026-07-31 08:00:00
MULE0011018,chanchal19@okhdfcbank,SBI,10,none,2026-07-22 08:00:00
MULE0011019,yraja@okhdfcbank,SBI,7,none,2026-07-25 08:00:00
MULE0011020,kashvi05@okaxis,BOB,6,none,2026-07-26 08:00:00
MULE0011021,wissac@oksbi,Axis,3,none,2026-07-29 08:00:00
MULE0011022,kaleradhika@oksbi,ICICI,9,none,2026-07-23 08:00:00
MULE0011023,shivanidey@okaxis,HDFC,10,none,2026-07-22 08:00:00
MULE0011024,meghana32@oksbi,HDFC,4,none,2026-07-28 08:00:00
MULE0011100,karanreva@okaxis,SBI,32,minimal,2026-06-30 08:00:00
MULE0011101,vidhi67@ybl,HDFC,8,none,2026-07-24 08:00:00
MULE0011102,nprabhu@okicici,PNB,13,none,2026-07-19 08:00:00
MULE0011103,ade@oksbi,Paytm Payments Bank,14,none,2026-07-18 08:00:00
MULE0011104,korpalmadhav@okicici,BOB,10,none,2026-07-22 08:00:00
MULE0011105,merchantkavya@ybl,HDFC,10,none,2026-07-22 08:00:00
MULE0011106,pallaudyati@oksbi,Kotak,11,none,2026-07-21 08:00:00
MULE0011107,esant@okicici,Kotak,4,none,2026-07-28 08:00:00
MULE0011108,isha88@oksbi,PNB,2,none,2026-07-30 08:00:00
MULE0011109,ebaria@okaxis,Kotak,9,none,2026-07-23 08:00:00
MULE0011110,pandeygarima@okaxis,BOB,15,none,2026-07-17 08:00:00
MULE0011111,dayitatoor@okhdfcbank,Paytm Payments Bank,2,none,2026-07-30 08:00:00
MULE0011200,advaychaudhuri@okicici,PNB,22,minimal,2026-07-10 08:00:00
MULE0011201,anamikabhasin@ybl,HDFC,13,none,2026-07-19 08:00:00
MULE0011202,upadhyaytejas@oksbi,BOB,8,none,2026-07-24 08:00:00
MULE0011203,arjun76@okaxis,Kotak,14,none,2026-07-18 08:00:00
MULE0011204,triveni59@okicici,Kotak,3,none,2026-07-29 08:00:00
MULE0011205,bhavani50@oksbi,ICICI,2,none,2026-07-30 08:00:00
MULE0011206,sarmavinaya@okicici,PNB,8,none,2026-07-24 08:00:00
MULE0011207,cvarkey@oksbi,Kotak,5,none,2026-07-27 08:00:00
MULE0011208,dubekrishna@ybl,ICICI,7,none,2026-07-25 08:00:00
MULE0011209,ria42@okhdfcbank,Paytm Payments Bank,15,none,2026-07-17 08:00:00
MULE0011210,ronithchander@okhdfcbank,ICICI,5,none,2026-07-27 08:00:00
MULE0011211,zmajumdar@okaxis,SBI,3,none,2026-07-29 08:00:00
MULE0011212,benjaminbasu@okaxis,BOB,13,none,2026-07-19 08:00:00
MULE0011213,advik23@oksbi,Paytm Payments Bank,11,none,2026-07-21 08:00:00
MULE0011214,ahari@oksbi,Kotak,2,none,2026-07-30 08:00:00
MULE0011215,prishakumer@okhdfcbank,Kotak,5,none,2026-07-27 08:00:00
MULE0011216,aadibhatti@ybl,PNB,11,none,2026-07-21 08:00:00
MULE0011217,baljiwanlanka@ybl,Paytm Payments Bank,1,none,2026-07-31 08:00:00
MULE0011218,obhatti@ybl,BOB,7,none,2026-07-25 08:00:00
MULE0011300,rgandhi@ybl,SBI,20,minimal,2026-07-12 08:00:00
MULE0011301,fcomar@oksbi,ICICI,11,none,2026-07-21 08:00:00
MULE0011302,noommen@okaxis,HDFC,14,none,2026-07-18 08:00:00
MULE0011303,upasna49@ybl,Paytm Payments Bank,8,none,2026-07-24 08:00:00
MULE0011304,eta82@okicici,SBI,4,none,2026-07-28 08:00:00
MULE0011305,yatan30@okaxis,SBI,11,none,2026-07-21 08:00:00
MULE0011306,rsubramanian@okhdfcbank,PNB,12,none,2026-07-20 08:00:00
MULE0011307,yashodhara47@okicici,PNB,4,none,2026-07-28 08:00:00
MULE0011308,lbehl@okicici,Kotak,5,none,2026-07-27 08:00:00
MULE0011309,aarini12@oksbi,SBI,3,none,2026-07-29 08:00:00
MULE0011310,theodorekothari@okicici,Kotak,4,none,2026-07-28 08:00:00
MULE0011311,gdua@oksbi,Paytm Payments Bank,9,none,2026-07-23 08:00:00
MULE0011312,nitara66@okhdfcbank,HDFC,7,none,2026-07-25 08:00:00
MULE0011313,chandani13@okicici,ICICI,1,none,2026-07-31 08:00:00
MULE0011314,vasanabhatti@oksbi,BOB,11,none,2026-07-21 08:00:00
MULE0011315,dakshesh66@oksbi,Paytm Payments Bank,4,none,2026-07-28 08:00:00
MULE0011316,adube@okaxis,Axis,14,none,2026-07-18 08:00:00
MULE0011317,vbalasubramanian@okaxis,PNB,13,none,2026-07-19 08:00:00
MULE0011318,jagat43@okaxis,BOB,9,none,2026-07-23 08:00:00
MULE0011319,zswamy@okhdfcbank,Paytm Payments Bank,6,none,2026-07-26 08:00:00
MULE0011320,nidrasani@okaxis,SBI,4,none,2026-07-28 08:00:00
MULE0011321,bhavinikohli@ybl,Axis,10,none,2026-07-22 08:00:00
MULE0011322,gayathridutta@oksbi,SBI,1,none,2026-07-31 08:00:00
MULE0011400,krisha11@okhdfcbank,Kotak,34,minimal,2026-06-28 08:00:00
MULE0011401,butalaabhiram@okicici,PNB,5,none,2026-07-27 08:00:00
MULE0011402,priyatailor@okaxis,BOB,3,none,2026-07-29 08:00:00
MULE0011403,doshicharan@ybl,Kotak,10,none,2026-07-22 08:00:00
MULE0011404,sinhapeter@okhdfcbank,HDFC,2,none,2026-07-30 08:00:00
MULE0011405,deolbishakha@oksbi,PNB,3,none,2026-07-29 08:00:00
MULE0011406,ishanvi91@ybl,Paytm Payments Bank,4,none,2026-07-28 08:00:00
MULE0011407,gandhidayita@okhdfcbank,BOB,11,none,2026-07-21 08:00:00
MULE0011408,harish09@okicici,PNB,15,none,2026-07-17 08:00:00
MULE0011409,baralaadi@ybl,SBI,1,none,2026-07-31 08:00:00
MULE0020000,onkarraman@okhdfcbank,SBI,12,minimal,2026-07-20 08:00:00
MULE0020001,rchokshi@okaxis,HDFC,14,minimal,2026-07-18 08:00:00
MULE0020002,ekbal94@okicici,Kotak,8,minimal,2026-07-24 08:00:00
MULE0020003,dhruvshere@oksbi,PNB,7,minimal,2026-07-25 08:00:00
MULE0020004,nakul81@ybl,HDFC,20,minimal,2026-07-12 08:00:00
MULE0020005,skapur@okicici,SBI,6,minimal,2026-07-26 08:00:00
MULE0020006,azad65@okaxis,BOB,7,minimal,2026-07-25 08:00:00
MULE0020007,urvashisethi@ybl,ICICI,2,minimal,2026-07-30 08:00:00
MULE0020100,yashodhara44@oksbi,Kotak,9,minimal,2026-07-23 08:00:00
MULE0020101,zsahota@okaxis,SBI,5,minimal,2026-07-27 08:00:00
MULE0020102,dayamainarain@okicici,BOB,15,minimal,2026-07-17 08:00:00
MULE0020103,wrideshshenoy@oksbi,PNB,17,minimal,2026-07-15 08:00:00
MULE0020104,mohammedbansal@okicici,BOB,10,minimal,2026-07-22 08:00:00
MULE0020105,bhargavajacob@ybl,BOB,20,minimal,2026-07-12 08:00:00
MULE0020106,hritiksen@oksbi,Kotak,3,minimal,2026-07-29 08:00:00
MULE0020107,manthanborah@okicici,Paytm Payments Bank,14,minimal,2026-07-18 08:00:00
MULE0020200,gaurangi59@okaxis,ICICI,16,minimal,2026-07-16 08:00:00
MULE0020201,vasatikasaran@okhdfcbank,Axis,20,minimal,2026-07-12 08:00:00
MULE0020202,pdas@ybl,HDFC,4,minimal,2026-07-28 08:00:00
MULE0020203,shaurya70@oksbi,PNB,8,minimal,2026-07-24 08:00:00
MULE0020204,naksh63@ybl,Axis,15,minimal,2026-07-17 08:00:00
MULE0020205,dominic00@oksbi,SBI,9,minimal,2026-07-23 08:00:00
MULE0020206,lopa27@oksbi,HDFC,15,minimal,2026-07-17 08:00:00
MULE0020207,yrao@ybl,Kotak,4,minimal,2026-07-28 08:00:00
MULE0020300,shivani25@oksbi,PNB,8,minimal,2026-07-24 08:00:00
MULE0020301,wmurty@okaxis,Kotak,17,minimal,2026-07-15 08:00:00
MULE0020302,abhimanyugala@okicici,SBI,11,minimal,2026-07-21 08:00:00
MULE0020400,ojasvi17@okhdfcbank,BOB,8,minimal,2026-07-24 08:00:00
MULE0020401,manbir02@okicici,PNB,2,minimal,2026-07-30 08:00:00
MULE0020402,yochanatandon@okaxis,Paytm Payments Bank,4,minimal,2026-07-28 08:00:00
MULE0020403,samaksh26@okicici,SBI,13,minimal,2026-07-19 08:00:00
MULE0020404,andrajalsa@okhdfcbank,Axis,18,minimal,2026-07-14 08:00:00
MULE0020500,kashish50@okicici,SBI,20,minimal,2026-07-12 08:00:00
MULE0020501,subramanianyachana@ybl,PNB,16,minimal,2026-07-16 08:00:00
MULE0020502,siddharthdivan@okhdfcbank,PNB,15,minimal,2026-07-17 08:00:00
MULE0020600,yashasvi48@okhdfcbank,SBI,14,minimal,2026-07-18 08:00:00
MULE0020601,lwadhwa@okhdfcbank,ICICI,19,minimal,2026-07-13 08:00:00
MULE0020602,radhikabaral@ybl,HDFC,9,minimal,2026-07-23 08:00:00
MULE0020603,imannan@okicici,ICICI,18,minimal,2026-07-14 08:00:00
MULE0020604,sbasu@okaxis,HDFC,19,minimal,2026-07-13 08:00:00
MULE0020605,andrew69@ybl,Kotak,18,minimal,2026-07-14 08:00:00
MULE0020606,somomisha@okicici,ICICI,9,minimal,2026-07-23 08:00:00
MULE0020607,ukashyap@oksbi,BOB,11,minimal,2026-07-21 08:00:00
MULE0020700,shivanilanka@okhdfcbank,ICICI,11,minimal,2026-07-21 08:00:00
MULE0020701,balvan39@oksbi,BOB,4,minimal,2026-07-28 08:00:00
MULE0020702,megha40@okicici,Kotak,2,minimal,2026-07-30 08:00:00
MULE0020703,banjeetkapadia@okaxis,PNB,12,minimal,2026-07-20 08:00:00
MULE0020704,zkhare@oksbi,Axis,17,minimal,2026-07-15 08:00:00
MULE0020705,sanichampak@oksbi,Paytm Payments Bank,8,minimal,2026-07-24 08:00:00
MULE0020706,mahalomaja@oksbi,ICICI,13,minimal,2026-07-19 08:00:00
MULE0020707,thakerdamini@okaxis,SBI,14,minimal,2026-07-18 08:00:00
MULE0020800,tanejatanay@okaxis,Kotak,19,minimal,2026-07-13 08:00:00
MULE0020801,jack36@okicici,Paytm Payments Bank,20,minimal,2026-07-12 08:00:00
MULE0020802,peter83@okhdfcbank,Paytm Payments Bank,16,minimal,2026-07-16 08:00:00
MULE0020803,sanghvifariq@oksbi,ICICI,16,minimal,2026-07-16 08:00:00
MULE0020900,yatan70@okicici,Paytm Payments Bank,13,minimal,2026-07-19 08:00:00
MULE0020901,dayalaarna@okicici,Paytm Payments Bank,19,minimal,2026-07-13 08:00:00
MULE0020902,brindakurian@ybl,PNB,18,minimal,2026-07-14 08:00:00
MULE0021000,bedwin@ybl,Kotak,3,minimal,2026-07-29 08:00:00
MULE0021001,nihalpathak@oksbi,BOB,14,minimal,2026-07-18 08:00:00
MULE0021002,manidayamai@okhdfcbank,HDFC,15,minimal,2026-07-17 08:00:00
MULE0021100,bosenachiket@okicici,PNB,16,minimal,2026-07-16 08:00:00
MULE0021101,aggarwalwriddhish@oksbi,BOB,19,minimal,2026-07-13 08:00:00
MULE0021102,madanpraneel@oksbi,PNB,8,minimal,2026-07-24 08:00:00
MULE0021103,sethgeetika@okicici,Kotak,18,minimal,2026-07-14 08:00:00
MULE0021104,tellaudyati@ybl,PNB,9,minimal,2026-07-23 08:00:00
MULE0021105,srivastavaarunima@okaxis,Axis,17,minimal,2026-07-15 08:00:00
MULE0021106,parekhgeorge@okhdfcbank,PNB,7,minimal,2026-07-25 08:00:00
MULE0021107,patrick63@okaxis,SBI,14,minimal,2026-07-18 08:00:00
MULE0021200,andrew91@okaxis,PNB,20,minimal,2026-07-12 08:00:00
MULE0021201,gabamadhav@ybl,ICICI,14,minimal,2026-07-18 08:00:00
MULE0021202,naveen88@okicici,BOB,11,minimal,2026-07-21 08:00:00
MULE0021203,varenyapanchal@oksbi,Paytm Payments Bank,16,minimal,2026-07-16 08:00:00
MULE0021204,oaklopa@okaxis,Kotak,5,minimal,2026-07-27 08:00:00
MULE0021205,zchawla@okicici,Paytm Payments Bank,7,minimal,2026-07-25 08:00:00
MULE0021206,kkala@ybl,Kotak,15,minimal,2026-07-17 08:00:00
MULE0021300,vedabhavsar@oksbi,Axis,15,minimal,2026-07-17 08:00:00
MULE0021301,wardashankar@okhdfcbank,PNB,5,minimal,2026-07-27 08:00:00
MULE0021302,pnagy@okaxis,Axis,10,minimal,2026-07-22 08:00:00
MULE0021303,rushil00@okicici,Paytm Payments Bank,20,minimal,2026-07-12 08:00:00
MULE0021304,aguha@oksbi,BOB,9,minimal,2026-07-23 08:00:00
MULE0021400,anay55@okaxis,BOB,2,minimal,2026-07-30 08:00:00
MULE0021401,uamble@okaxis,Axis,15,minimal,2026-07-17 08:00:00
MULE0021402,ichada@ybl,ICICI,6,minimal,2026-07-26 08:00:00
MULE0021403,vermajackson@oksbi,Kotak,15,minimal,2026-07-17 08:00:00
MULE0021404,urvashitalwar@okhdfcbank,HDFC,16,minimal,2026-07-16 08:00:00
MULE0030000,jagdish90@okaxis,BOB,6,minimal,2026-07-26 08:00:00
MULE0030001,yatan48@ybl,HDFC,151,full,2026-03-03 08:00:00
MULE0030002,cmemon@okicici,Paytm Payments Bank,372,minimal,2025-07-25 08:00:00
MULE0030003,bhaktacharita@oksbi,Kotak,424,full,2025-06-03 08:00:00
MULE0030004,aarnaraghavan@oksbi,ICICI,423,full,2025-06-04 08:00:00
MULE0030005,avnioak@okhdfcbank,Paytm Payments Bank,208,minimal,2026-01-05 08:00:00
MULE0030006,hborde@okhdfcbank,SBI,103,full,2026-04-20 08:00:00
MULE0030007,falan74@okicici,HDFC,405,full,2025-06-22 08:00:00
MULE0030008,niharika00@okhdfcbank,PNB,351,full,2025-08-15 08:00:00
MULE0030009,falak21@okicici,SBI,281,minimal,2025-10-24 08:00:00
MULE0030010,harishpatil@okicici,Kotak,104,none,2026-04-19 08:00:00
MULE0030500,chandranaishani@okaxis,Paytm Payments Bank,1,none,2026-07-31 08:00:00
MULE0030501,eesha12@okicici,BOB,9,none,2026-07-23 08:00:00
MULE0030502,farhankata@ybl,SBI,4,none,2026-07-28 08:00:00
MULE0030503,malhotradeepa@okaxis,PNB,6,none,2026-07-26 08:00:00
MULE0030504,mishrachameli@okhdfcbank,ICICI,6,none,2026-07-26 08:00:00
MULE0030505,ravalbanjeet@okaxis,BOB,5,none,2026-07-27 08:00:00
MULE0030506,osha15@okhdfcbank,ICICI,10,none,2026-07-22 08:00:00
MULE0030507,charles21@ybl,Axis,1,none,2026-07-31 08:00:00
MULE0030508,agrawalhredhaan@okhdfcbank,ICICI,7,none,2026-07-25 08:00:00
MULE0030509,ebasak@okicici,Kotak,10,none,2026-07-22 08:00:00
MULE0031000,nidra81@ybl,ICICI,3,minimal,2026-07-29 08:00:00
MULE0031001,nathan98@ybl,Paytm Payments Bank,254,full,2025-11-20 08:00:00
MULE0031002,finnnatt@oksbi,BOB,137,minimal,2026-03-17 08:00:00
MULE0031003,qasimchawla@okicici,BOB,430,minimal,2025-05-28 08:00:00
MULE0031004,singhaltejas@ybl,PNB,93,minimal,2026-04-30 08:00:00
MULE0031005,omkaarupadhyay@okicici,Axis,188,full,2026-01-25 08:00:00
MULE0031006,nikitaahluwalia@okaxis,ICICI,236,full,2025-12-08 08:00:00
MULE0031007,raghav78@okicici,Axis,118,full,2026-04-05 08:00:00
MULE0031008,danielsani@okicici,Paytm Payments Bank,118,none,2026-04-05 08:00:00
MULE0031009,lipikahans@okicici,BOB,174,full,2026-02-08 08:00:00
MULE0031500,hemangini26@okicici,PNB,1,none,2026-07-31 08:00:00
MULE0031501,rmani@okhdfcbank,Kotak,7,none,2026-07-25 08:00:00
MULE0031502,jeetsalvi@okhdfcbank,SBI,7,none,2026-07-25 08:00:00
MULE0031503,widisha01@ybl,ICICI,7,none,2026-07-25 08:00:00
MULE0031504,vhalder@okhdfcbank,SBI,1,none,2026-07-31 08:00:00
MULE0031505,kabir92@okicici,Kotak,9,none,2026-07-23 08:00:00
MULE0031506,kotharikevin@oksbi,HDFC,1,none,2026-07-31 08:00:00
MULE0031507,kashyapzaid@okicici,Kotak,1,none,2026-07-31 08:00:00
MULE0031508,boramegha@ybl,ICICI,8,none,2026-07-24 08:00:00
MULE0031509,tejasmalhotra@ybl,HDFC,3,none,2026-07-29 08:00:00
MULE0031510,agateshivansh@okhdfcbank,Axis,10,none,2026-07-22 08:00:00
MULE0032000,atwalodika@oksbi,Kotak,16,minimal,2026-07-16 08:00:00
MULE0032001,omsamuel@okaxis,ICICI,81,minimal,2026-05-12 08:00:00
MULE0032002,jdhawan@oksbi,SBI,44,full,2026-06-18 08:00:00
MULE0032003,pillayekta@ybl,BOB,422,full,2025-06-05 08:00:00
MULE0032004,qradhakrishnan@okhdfcbank,PNB,272,minimal,2025-11-02 08:00:00
MULE0032005,sachi32@ybl,Paytm Payments Bank,353,full,2025-08-13 08:00:00
MULE0032006,lopapandit@ybl,ICICI,419,full,2025-06-08 08:00:00
MULE0032007,xaviersuri@ybl,BOB,406,full,2025-06-21 08:00:00
MULE0032008,bmahal@oksbi,BOB,122,minimal,2026-04-01 08:00:00
MULE0032009,krishnanaarush@okaxis,ICICI,478,minimal,2025-04-10 08:00:00
MULE0032010,ksheth@ybl,PNB,164,full,2026-02-18 08:00:00
MULE0032011,bhasintara@ybl,ICICI,171,full,2026-02-11 08:00:00
MULE0032012,samar61@okaxis,BOB,262,full,2025-11-12 08:00:00
MULE0032013,lohit44@ybl,Axis,316,full,2025-09-19 08:00:00
MULE0032500,poojaatwal@oksbi,Kotak,2,none,2026-07-30 08:00:00
MULE0032501,ewagle@ybl,BOB,3,none,2026-07-29 08:00:00
MULE0032502,tpall@oksbi,SBI,2,none,2026-07-30 08:00:00
MULE0032503,shivaniiyer@ybl,Paytm Payments Bank,6,none,2026-07-26 08:00:00
MULE0033000,vansha64@ybl,Axis,10,minimal,2026-07-22 08:00:00
MULE0033001,varshakannan@oksbi,Kotak,135,full,2026-03-19 08:00:00
MULE0033002,bdeol@oksbi,Axis,90,full,2026-05-03 08:00:00
MULE0033003,vedikarajagopalan@oksbi,Kotak,393,full,2025-07-04 08:00:00
MULE0033004,yashodharadhillon@ybl,Axis,228,full,2025-12-16 08:00:00
MULE0033005,loyalkamala@okhdfcbank,Kotak,197,minimal,2026-01-16 08:00:00
MULE0033006,hardik48@ybl,HDFC,494,minimal,2025-03-25 08:00:00
MULE0033007,netra01@okaxis,Paytm Payments Bank,396,full,2025-07-01 08:00:00
MULE0033008,khuranabarkha@okicici,ICICI,79,full,2026-05-14 08:00:00
MULE0033500,yash89@okicici,HDFC,9,none,2026-07-23 08:00:00
MULE0033501,watikawadhwa@ybl,ICICI,4,none,2026-07-28 08:00:00
MULE0033502,dixitanmol@okhdfcbank,SBI,5,none,2026-07-27 08:00:00
MULE0033503,oni95@okhdfcbank,ICICI,1,none,2026-07-31 08:00:00
MULE0033504,srivastavarishi@oksbi,SBI,9,none,2026-07-23 08:00:00
MULE0033505,ikbalmohan@ybl,HDFC,5,none,2026-07-27 08:00:00
MULE0033506,skrishnamurthy@okaxis,HDFC,4,none,2026-07-28 08:00:00
MULE0033507,ryan69@okicici,Axis,4,none,2026-07-28 08:00:00
MULE0034000,gopal67@oksbi,SBI,8,minimal,2026-07-24 08:00:00
MULE0034001,yashnair@okhdfcbank,Kotak,376,full,2025-07-21 08:00:00
MULE0034002,nayarishanvi@okaxis,BOB,304,none,2025-10-01 08:00:00
MULE0034003,ikhosla@okhdfcbank,HDFC,496,full,2025-03-23 08:00:00
MULE0034004,waida36@okaxis,Paytm Payments Bank,297,minimal,2025-10-08 08:00:00
MULE0034005,boseharshil@ybl,HDFC,439,full,2025-05-19 08:00:00
MULE0034500,vihaanroy@oksbi,PNB,10,none,2026-07-22 08:00:00
MULE0034501,jayaramanunni@okicici,ICICI,6,none,2026-07-26 08:00:00
MULE0034502,vwarrior@ybl,Kotak,8,none,2026-07-24 08:00:00
MULE0034503,chauhanridhi@okaxis,Paytm Payments Bank,6,none,2026-07-26 08:00:00
MULE0034504,timothykala@okaxis,HDFC,10,none,2026-07-22 08:00:00
MULE0034505,kamalachatterjee@okhdfcbank,BOB,5,none,2026-07-27 08:00:00
MULE0034506,kundaadvay@okhdfcbank,Axis,3,none,2026-07-29 08:00:00
MULE0034507,rdara@oksbi,HDFC,1,none,2026-07-31 08:00:00
MULE0034508,fkadakia@ybl,Paytm Payments Bank,2,none,2026-07-30 08:00:00
MULE0034509,warjas91@okhdfcbank,Paytm Payments Bank,1,none,2026-07-31 08:00:00
MULE0034510,krishnawridesh@okaxis,Axis,4,none,2026-07-28 08:00:00
MULE0034511,soniaradhana@ybl,Kotak,9,none,2026-07-23 08:00:00
MULE0034512,abeersuri@okaxis,ICICI,8,none,2026-07-24 08:00:00
MULE0034513,nishanarayanan@ybl,SBI,6,none,2026-07-26 08:00:00
MULE0035000,chakrabartiyahvi@okaxis,ICICI,16,minimal,2026-07-16 08:00:00
MULE0035001,arunimaacharya@oksbi,BOB,420,full,2025-06-07 08:00:00
MULE0035002,wpalla@oksbi,PNB,371,full,2025-07-26 08:00:00
MULE0035003,bgala@oksbi,BOB,134,minimal,2026-03-20 08:00:00
MULE0035004,bailanvi@oksbi,HDFC,136,full,2026-03-18 08:00:00
MULE0035005,orinderdugar@okaxis,PNB,474,full,2025-04-14 08:00:00
MULE0035006,chakradevgola@okhdfcbank,HDFC,121,full,2026-04-02 08:00:00
MULE0035007,shauryahora@okhdfcbank,Axis,371,minimal,2025-07-26 08:00:00
MULE0035008,chakrikasharma@okaxis,PNB,341,full,2025-08-25 08:00:00
MULE0035009,senguptaupkaar@okicici,Kotak,298,full,2025-10-07 08:00:00
MULE0035010,azaddalal@okhdfcbank,Kotak,198,full,2026-01-15 08:00:00
MULE0035011,jeevikamistry@okicici,Axis,340,full,2025-08-26 08:00:00
MULE0035500,sdube@okicici,Paytm Payments Bank,4,none,2026-07-28 08:00:00
MULE0035501,dutturvi@okaxis,PNB,9,none,2026-07-23 08:00:00
MULE0035502,kamble@oksbi,PNB,3,none,2026-07-29 08:00:00
MULE0035503,bakhshi82@okicici,SBI,3,none,2026-07-29 08:00:00
MULE0035504,fchopra@okicici,SBI,6,none,2026-07-26 08:00:00
MULE0035505,siddharthbora@ybl,Paytm Payments Bank,7,none,2026-07-25 08:00:00
MULE0035506,ojasvichopra@okaxis,BOB,2,none,2026-07-30 08:00:00
MULE0035507,skarnik@okicici,Paytm Payments Bank,10,none,2026-07-22 08:00:00
MULE0035508,amairavenkatesh@okicici,Paytm Payments Bank,8,none,2026-07-24 08:00:00
MULE0035509,sneha29@okaxis,BOB,4,none,2026-07-28 08:00:00
MULE0035510,saumyasandal@okhdfcbank,Kotak,3,none,2026-07-29 08:00:00
MULE0035511,saimallick@oksbi,Paytm Payments Bank,3,none,2026-07-29 08:00:00
MULE0035512,abha93@okhdfcbank,HDFC,5,none,2026-07-27 08:00:00
MULE0035513,hayrenidra@oksbi,ICICI,8,none,2026-07-24 08:00:00
MULE0036000,keya87@okicici,ICICI,17,minimal,2026-07-15 08:00:00
MULE0036001,daliajonathan@okicici,BOB,352,full,2025-08-14 08:00:00
MULE0036002,karpeisaiah@okaxis,SBI,263,minimal,2025-11-11 08:00:00
MULE0036003,prana@ybl,BOB,293,full,2025-10-12 08:00:00
MULE0036004,chatreshvasa@oksbi,SBI,499,minimal,2025-03-20 08:00:00
MULE0036005,vincentdate@okaxis,Axis,232,full,2025-12-12 08:00:00
MULE0036006,chandreshtrivedi@okhdfcbank,HDFC,284,full,2025-10-21 08:00:00
MULE0036007,khuranafiyaz@okhdfcbank,BOB,389,full,2025-07-08 08:00:00
MULE0036008,girik44@ybl,Paytm Payments Bank,331,minimal,2025-09-04 08:00:00
MULE0036009,laban20@okicici,ICICI,407,full,2025-06-20 08:00:00
MULE0036010,nswaminathan@okicici,Axis,183,full,2026-01-30 08:00:00
MULE0036500,thomaschakraborty@ybl,Kotak,8,none,2026-07-24 08:00:00
MULE0036501,riyabora@okicici,PNB,10,none,2026-07-22 08:00:00
MULE0036502,vbuch@ybl,Axis,8,none,2026-07-24 08:00:00
MULE0036503,triveni24@okicici,ICICI,10,none,2026-07-22 08:00:00
MULE0036504,ayushman00@oksbi,ICICI,1,none,2026-07-31 08:00:00
MULE0036505,bajwaazaan@okhdfcbank,Kotak,9,none,2026-07-23 08:00:00
MULE0036506,naidunitesh@oksbi,SBI,7,none,2026-07-25 08:00:00
MULE0036507,butalaranveer@okicici,SBI,10,none,2026-07-22 08:00:00
MULE0036508,cchaudhari@okicici,Axis,5,none,2026-07-27 08:00:00
MULE0036509,dakshesh90@okaxis,Axis,9,none,2026-07-23 08:00:00
MULE0036510,iramunshi@oksbi,HDFC,6,none,2026-07-26 08:00:00
MULE0036511,ycontractor@ybl,Paytm Payments Bank,1,none,2026-07-31 08:00:00
MULE0037000,brinda42@okhdfcbank,Kotak,7,minimal,2026-07-25 08:00:00
MULE0037001,divanvansha@ybl,BOB,473,full,2025-04-15 08:00:00
MULE0037002,vritti81@okhdfcbank,SBI,93,full,2026-04-30 08:00:00
MULE0037003,parthmani@okicici,BOB,315,full,2025-09-20 08:00:00
MULE0037004,murthyladli@ybl,Axis,304,full,2025-10-01 08:00:00
MULE0037005,gbaria@okaxis,Kotak,467,full,2025-04-21 08:00:00
MULE0037006,bsibal@oksbi,SBI,153,minimal,2026-03-01 08:00:00
MULE0037007,bawaaarnav@okhdfcbank,Axis,67,minimal,2026-05-26 08:00:00
MULE0037008,yatan65@ybl,Paytm Payments Bank,472,full,2025-04-16 08:00:00
MULE0037009,gaurang58@okaxis,HDFC,59,full,2026-06-03 08:00:00
MULE0037010,mason66@oksbi,Axis,343,full,2025-08-23 08:00:00
MULE0037011,keernitara@okicici,BOB,92,full,2026-05-01 08:00:00
MULE0037012,amrutavaidya@ybl,PNB,494,full,2025-03-25 08:00:00
MULE0037013,ekantapingle@ybl,SBI,483,minimal,2025-04-05 08:00:00
MULE0037500,paudayita@okaxis,BOB,2,none,2026-07-30 08:00:00
MULE0037501,keyabarman@oksbi,PNB,6,none,2026-07-26 08:00:00
MULE0037502,singhalchatresh@okaxis,Axis,3,none,2026-07-29 08:00:00
MULE0037503,pjohal@okaxis,BOB,7,none,2026-07-25 08:00:00
MULE0037504,nsharma@okhdfcbank,Kotak,2,none,2026-07-30 08:00:00
MULE0037505,anay98@oksbi,Axis,8,none,2026-07-24 08:00:00
MULE0037506,jeremiahbhattacharyya@ybl,ICICI,8,none,2026-07-24 08:00:00
MULE0037507,loyalchampak@okaxis,SBI,5,none,2026-07-27 08:00:00
MULE0037508,ramanathanzayyan@oksbi,ICICI,2,none,2026-07-30 08:00:00
MULE0037509,wadhwaabdul@ybl,ICICI,5,none,2026-07-27 08:00:00
MULE0038000,aarna28@okhdfcbank,Paytm Payments Bank,8,minimal,2026-07-24 08:00:00
MULE0038001,ptara@oksbi,SBI,54,full,2026-06-08 08:00:00
MULE0038002,kritikaguha@okicici,Kotak,258,full,2025-11-16 08:00:00
MULE0038003,rattaamrita@okicici,ICICI,354,full,2025-08-12 08:00:00
MULE0038004,mohammedbhatti@okaxis,HDFC,361,none,2025-08-05 08:00:00
MULE0038005,mugdhamerchant@okicici,PNB,219,minimal,2025-12-25 08:00:00
MULE0038006,damyantireddy@okaxis,ICICI,70,minimal,2026-05-23 08:00:00
MULE0038007,nathan03@okaxis,BOB,241,full,2025-12-03 08:00:00
MULE0038008,xde@ybl,HDFC,118,full,2026-04-05 08:00:00
MULE0038009,gkala@okicici,SBI,50,full,2026-06-12 08:00:00
MULE0038010,zayan17@ybl,PNB,176,none,2026-02-06 08:00:00
MULE0038011,ramakrishnanbishakha@okhdfcbank,Paytm Payments Bank,410,minimal,2025-06-17 08:00:00
MULE0038012,wdugar@oksbi,SBI,440,minimal,2025-05-18 08:00:00
MULE0038013,bina02@okhdfcbank,Axis,400,full,2025-06-27 08:00:00
MULE0038014,ukarnik@ybl,SBI,375,minimal,2025-07-22 08:00:00
MULE0038500,harini82@ybl,HDFC,5,none,2026-07-27 08:00:00
MULE0038501,rehaan01@okhdfcbank,BOB,3,none,2026-07-29 08:00:00
MULE0038502,tpurohit@okaxis,ICICI,3,none,2026-07-29 08:00:00
MULE0038503,smammen@okhdfcbank,Axis,3,none,2026-07-29 08:00:00
MULE0039000,karaikbal@ybl,Kotak,17,minimal,2026-07-15 08:00:00
MULE0039001,wyatt88@ybl,Paytm Payments Bank,478,full,2025-04-10 08:00:00
MULE0039002,anyanarula@okhdfcbank,Axis,144,minimal,2026-03-10 08:00:00
MULE0039003,udyatibhatia@oksbi,PNB,97,minimal,2026-04-26 08:00:00
MULE0039004,baljiwan40@okhdfcbank,HDFC,366,full,2025-07-31 08:00:00
MULE0039005,william33@oksbi,Paytm Payments Bank,226,full,2025-12-18 08:00:00
MULE0039006,ishahari@okhdfcbank,ICICI,160,full,2026-02-22 08:00:00
MULE0039007,divya16@okhdfcbank,HDFC,474,full,2025-04-14 08:00:00
MULE0039008,lohitchaudry@okhdfcbank,PNB,98,full,2026-04-25 08:00:00
MULE0039009,chandrasuhani@ybl,SBI,95,full,2026-04-28 08:00:00
MULE0039010,idasgupta@okhdfcbank,Paytm Payments Bank,353,minimal,2025-08-13 08:00:00
MULE0039011,issacwridesh@oksbi,BOB,185,full,2026-01-28 08:00:00
MULE0039012,horawaida@oksbi,PNB,225,minimal,2025-12-19 08:00:00
MULE0039013,krishravel@okicici,Paytm Payments Bank,486,full,2025-04-02 08:00:00
MULE0039014,upkaar06@okaxis,SBI,158,minimal,2026-02-24 08:00:00
MULE0039500,bosefiyaz@oksbi,BOB,3,none,2026-07-29 08:00:00
MULE0039501,ynarang@okaxis,HDFC,5,none,2026-07-27 08:00:00
MULE0039502,shenoyxiti@okhdfcbank,Paytm Payments Bank,2,none,2026-07-30 08:00:00
MULE0039503,avohra@oksbi,HDFC,5,none,2026-07-27 08:00:00
MULE0039504,goyalsathvik@ybl,Axis,2,none,2026-07-30 08:00:00
MULE0039505,balanhredhaan@okhdfcbank,Axis,7,none,2026-07-25 08:00:00
MULE0039506,oeshi18@okicici,ICICI,5,none,2026-07-27 08:00:00
MULE0039507,agastyakonda@okhdfcbank,Axis,10,none,2026-07-22 08:00:00
MULE0039508,enath@okicici,BOB,6,none,2026-07-26 08:00:00
MULE0039509,ulalla@oksbi,Axis,3,none,2026-07-29 08:00:00
MULE0039510,jagdish60@okhdfcbank,Kotak,6,none,2026-07-26 08:00:00
