account_id,vpa,bank_name,account_age_days,kyc_tier,opened_at
ACC0000000,aroraseher@okhdfcbank,SBI,1339,full,2022-12-01 08:00:00
ACC0000001,nirvaan32@oksbi,ICICI,531,full,2025-02-16 08:00:00
ACC0000002,sandhuseher@ybl,HDFC,1415,full,2022-09-16 08:00:00
ACC0000003,rajagopalaarna@okhdfcbank,HDFC,95,full,2026-04-28 08:00:00
ACC0000004,auroradivij@ybl,SBI,1064,full,2023-09-02 08:00:00
ACC0000005,mehulkrishnan@ybl,BOB,1496,full,2022-06-27 08:00:00
ACC0000006,mandkiaan@okicici,SBI,1236,minimal,2023-03-14 08:00:00
ACC0000007,cchoudhary@okaxis,Kotak,356,full,2025-08-10 08:00:00
ACC0000008,zoya02@okicici,HDFC,470,full,2025-04-18 08:00:00
ACC0000009,rgarde@okicici,Kotak,228,full,2025-12-16 08:00:00
ACC0000010,madhavsingh@okhdfcbank,Paytm Payments Bank,1682,full,2021-12-23 08:00:00
ACC0000011,ehsaan16@okaxis,HDFC,1918,full,2021-05-01 08:00:00
ACC0000012,golashray@ybl,Kotak,1728,full,2021-11-07 08:00:00
ACC0000013,zara07@okhdfcbank,SBI,1472,full,2022-07-21 08:00:00
ACC0000014,gulatidhanush@okicici,HDFC,1613,minimal,2022-03-02 08:00:00
ACC0000015,mishti95@okhdfcbank,BOB,1804,full,2021-08-23 08:00:00
ACC0000016,reneebanerjee@okicici,ICICI,1331,full,2022-12-09 08:00:00
ACC0000017,sahotamanikya@okicici,HDFC,459,full,2025-04-29 08:00:00
ACC0000018,dhanush31@ybl,Axis,380,full,2025-07-17 08:00:00
ACC0000019,ddewan@okicici,Axis,807,full,2024-05-16 08:00:00
ACC0000020,ishaan55@okhdfcbank,Axis,1756,minimal,2021-10-10 08:00:00
ACC0000021,oorjadeol@okicici,BOB,1678,full,2021-12-27 08:00:00
ACC0000022,ramanathanmyra@ybl,Kotak,462,full,2025-04-26 08:00:00
ACC0000023,hazelsethi@okaxis,Paytm Payments Bank,1052,full,2023-09-14 08:00:00
ACC0000024,ishaankashyap@oksbi,PNB,315,full,2025-09-20 08:00:00
ACC0000025,odeshmukh@ybl,BOB,907,full,2024-02-06 08:00:00
ACC0000026,piyagaba@ybl,Paytm Payments Bank,313,full,2025-09-22 08:00:00
ACC0000027,contractorarhaan@okhdfcbank,ICICI,126,full,2026-03-28 08:00:00
ACC0000028,yakshit41@okaxis,HDFC,1652,full,2022-01-22 08:00:00
ACC0000029,jiyavora@okaxis,PNB,1250,none,2023-02-28 08:00:00
ACC0000030,lakshit76@okhdfcbank,HDFC,1792,full,2021-09-04 08:00:00
ACC0000031,qbora@okicici,Kotak,1129,full,2023-06-29 08:00:00
ACC0000032,nishithsharma@oksbi,Paytm Payments Bank,920,full,2024-01-24 08:00:00
ACC0000033,siya96@okicici,ICICI,1508,full,2022-06-15 08:00:00
ACC0000034,ogolla@okicici,Axis,247,full,2025-11-27 08:00:00
ACC0000035,diyakoshy@oksbi,SBI,1591,full,2022-03-24 08:00:00
ACC0000036,shroffbadal@okhdfcbank,HDFC,1030,minimal,2023-10-06 08:00:00
ACC0000037,bosemishti@okicici,Axis,1829,full,2021-07-29 08:00:00
ACC0000038,vritikasangha@ybl,HDFC,1828,full,2021-07-30 08:00:00
ACC0000039,eraju@okhdfcbank,ICICI,1025,full,2023-10-11 08:00:00
ACC0000040,mhalder@ybl,ICICI,1003,full,2023-11-02 08:00:00
ACC0000041,qlalla@ybl,BOB,1816,none,2021-08-11 08:00:00
ACC0000042,sanghasaira@ybl,Axis,1932,full,2021-04-17 08:00:00
ACC0000043,sanghviheer@okicici,Paytm Payments Bank,847,minimal,2024-04-06 08:00:00
ACC0000044,tiya51@okhdfcbank,Axis,954,full,2023-12-21 08:00:00
ACC0000045,adira27@okhdfcbank,Axis,722,full,2024-08-09 08:00:00
ACC0000046,sensaira@okhdfcbank,SBI,44,full,2026-06-18 08:00:00
ACC0000047,damini28@okhdfcbank,Kotak,1884,full,2021-06-04 08:00:00
ACC0000048,virkmishti@okicici,Paytm Payments Bank,517,full,2025-03-02 08:00:00
ACC0000049,navya89@ybl,Paytm Payments Bank,300,full,2025-10-05 08:00:00
ACC0000050,indransgrover@okaxis,Axis,998,full,2023-11-07 08:00:00
ACC0000051,hrishitasood@okaxis,Kotak,1379,full,2022-10-22 08:00:00
ACC0000052,ramsamarth@okhdfcbank,HDFC,986,full,2023-11-19 08:00:00
ACC0000053,handra@okicici,HDFC,1521,full,2022-06-02 08:00:00
ACC0000054,zara43@ybl,Paytm Payments Bank,419,full,2025-06-08 08:00:00
ACC0000055,darajiya@okicici,Paytm Payments Bank,405,full,2025-06-22 08:00:00
ACC0000056,basaksana@okhdfcbank,Paytm Payments Bank,1920,minimal,2021-04-29 08:00:00
ACC0000057,etandon@ybl,HDFC,1783,full,2021-09-13 08:00:00
ACC0000058,gokulsahni@okhdfcbank,HDFC,1137,minimal,2023-06-21 08:00:00
ACC0000059,kmaharaj@oksbi,ICICI,1768,full,2021-09-28 08:00:00
ACC0000060,eva96@oksbi,BOB,1015,minimal,2023-10-21 08:00:00
ACC0000061,hrishitashroff@okaxis,SBI,367,none,2025-07-30 08:00:00
ACC0000062,riyadugal@okaxis,PNB,573,full,2025-01-05 08:00:00
ACC0000063,psampath@ybl,Paytm Payments Bank,1990,full,2021-02-18 08:00:00
ACC0000064,advika87@oksbi,SBI,637,full,2024-11-02 08:00:00
ACC0000065,dasguptamamooty@okhdfcbank,Kotak,1140,full,2023-06-18 08:00:00
ACC0000066,garaakarsh@okaxis,ICICI,1226,full,2023-03-24 08:00:00
ACC0000067,khushichoudhary@okhdfcbank,ICICI,1070,full,2023-08-27 08:00:00
ACC0000068,banikrhea@oksbi,BOB,169,full,2026-02-13 08:00:00
ACC0000069,contractordarshit@ybl,Axis,1853,full,2021-07-05 08:00:00
ACC0000070,vasashalv@ybl,HDFC,111,full,2026-04-12 08:00:00
ACC0000071,kurianmiraan@ybl,Kotak,1225,minimal,2023-03-25 08:00:00
ACC0000072,oorja73@okicici,Axis,448,full,2025-05-10 08:00:00
ACC0000073,samairawadhwa@okicici,Paytm Payments Bank,298,full,2025-10-07 08:00:00
ACC0000074,ydara@okhdfcbank,SBI,1569,full,2022-04-15 08:00:00
ACC0000075,aswamy@okhdfcbank,HDFC,1183,full,2023-05-06 08:00:00
ACC0000076,divitbava@okicici,ICICI,1066,minimal,2023-08-31 08:00:00
ACC0000077,bgoel@okhdfcbank,Axis,1834,full,2021-07-24 08:00:00
ACC0000078,ukaur@okaxis,PNB,353,full,2025-08-13 08:00:00
ACC0000079,samraneysa@ybl,SBI,1682,full,2021-12-23 08:00:00
ACC0000080,balasubramanianyuvaan@okicici,HDFC,1165,minimal,2023-05-24 08:00:00
ACC0000081,yasmin13@okicici,HDFC,305,minimal,2025-09-30 08:00:00
ACC0000082,kanavloyal@ybl,ICICI,1550,full,2022-05-04 08:00:00
ACC0000083,bboase@oksbi,Kotak,1268,full,2023-02-10 08:00:00
ACC0000084,ranbirkashyap@okicici,Paytm Payments Bank,1328,full,2022-12-12 08:00:00
ACC0000085,dhanukkant@okhdfcbank,HDFC,1889,full,2021-05-30 08:00:00
ACC0000086,bakshinehmat@okicici,SBI,1728,full,2021-11-07 08:00:00
ACC0000087,batrasuhana@oksbi,PNB,1609,full,2022-03-06 08:00:00
ACC0000088,ivanjani@ybl,BOB,934,full,2024-01-10 08:00:00
ACC0000089,nkhosla@okhdfcbank,ICICI,259,full,2025-11-15 08:00:00
ACC0000090,dzacharia@okicici,ICICI,1739,full,2021-10-27 08:00:00
ACC0000091,vaibhavagarwal@okicici,Kotak,115,minimal,2026-04-08 08:00:00
ACC0000092,ydeo@okhdfcbank,Kotak,1660,full,2022-01-14 08:00:00
ACC0000093,bdhar@okhdfcbank,Kotak,541,minimal,2025-02-06 08:00:00
ACC0000094,mbrahmbhatt@okaxis,ICICI,1840,minimal,2021-07-18 08:00:00
ACC0000095,madhav09@oksbi,ICICI,514,minimal,2025-03-05 08:00:00
ACC0000096,shenoysaksham@oksbi,Kotak,80,minimal,2026-05-13 08:00:00
ACC0000097,bakshikeya@oksbi,PNB,873,full,2024-03-11 08:00:00
ACC0000098,hkrishnamurthy@okhdfcbank,BOB,1466,minimal,2022-07-27 08:00:00
ACC0000099,bhavinkumar@okaxis,Axis,1788,full,2021-09-08 08:00:00
ACC0000100,varghesekabir@okaxis,Kotak,1910,full,2021-05-09 08:00:00
ACC0000101,rajandarshit@oksbi,Axis,1658,full,2022-01-16 08:00:00
ACC0000102,yuvaanbhasin@okaxis,Kotak,425,full,2025-06-02 08:00:00
ACC0000103,kavyarajan@okicici,Kotak,172,full,2026-02-10 08:00:00
ACC0000104,raodhanush@ybl,Kotak,848,minimal,2024-04-05 08:00:00
ACC0000105,lsaha@okicici,ICICI,266,full,2025-11-08 08:00:00
ACC0000106,pranay35@okhdfcbank,HDFC,573,full,2025-01-05 08:00:00
ACC0000107,prerakhora@okicici,BOB,737,full,2024-07-25 08:00:00
ACC0000108,oorjaroy@okhdfcbank,BOB,1077,minimal,2023-08-20 08:00:00
ACC0000109,amira51@okicici,SBI,419,full,2025-06-08 08:00:00
ACC0000110,karnikmisha@ybl,Axis,33,full,2026-06-29 08:00:00
ACC0000111,bansalheer@okicici,Kotak,173,full,2026-02-09 08:00:00
ACC0000112,dishanideo@okicici,PNB,285,full,2025-10-20 08:00:00
ACC0000113,stuvanwadhwa@okaxis,PNB,698,full,2024-09-02 08:00:00
ACC0000114,wablenirvaan@okaxis,BOB,422,full,2025-06-05 08:00:00
ACC0000115,raunak27@oksbi,PNB,1878,full,2021-06-10 08:00:00
ACC0000116,manjari80@okhdfcbank,PNB,1737,full,2021-10-29 08:00:00
ACC0000117,nitara12@ybl,Kotak,910,full,2024-02-03 08:00:00
ACC0000118,farhan18@oksbi,Paytm Payments Bank,935,minimal,2024-01-09 08:00:00
ACC0000119,purabdhaliwal@oksbi,HDFC,1995,full,2021-02-13 08:00:00
ACC0000120,saanvigarg@ybl,Kotak,1389,full,2022-10-12 08:00:00
ACC0000121,piyaravel@oksbi,PNB,1979,full,2021-03-01 08:00:00
ACC0000122,dishani74@oksbi,SBI,437,full,2025-05-21 08:00:00
ACC0000123,batramyra@ybl,HDFC,1003,full,2023-11-02 08:00:00
ACC0000124,rthakkar@ybl,Axis,1844,full,2021-07-14 08:00:00
ACC0000125,agarwalshamik@okaxis,BOB,816,full,2024-05-07 08:00:00
ACC0000126,navyadeep@okhdfcbank,HDFC,1373,minimal,2022-10-28 08:00:00
ACC0000127,seherkant@oksbi,Paytm Payments Bank,478,full,2025-04-10 08:00:00
ACC0000128,amand@okhdfcbank,Paytm Payments Bank,540,full,2025-02-07 08:00:00
ACC0000129,baradprisha@ybl,Kotak,981,none,2023-11-24 08:00:00
ACC0000130,inaaya-badami@okaxis,BOB,1855,minimal,2021-07-03 08:00:00
ACC0000131,keya82@okaxis,ICICI,1152,full,2023-06-06 08:00:00
ACC0000132,cbhatt@okaxis,PNB,1002,minimal,2023-11-03 08:00:00
ACC0000133,tejas05@okicici,Paytm Payments Bank,1750,full,2021-10-16 08:00:00
ACC0000134,pihudash@okaxis,HDFC,592,full,2024-12-17 08:00:00
ACC0000135,goelvanya@okicici,Kotak,510,full,2025-03-09 08:00:00
ACC0000136,vrao@okhdfcbank,ICICI,1136,full,2023-06-22 08:00:00
ACC0000137,miraanvenkatesh@oksbi,Axis,814,full,2024-05-09 08:00:00
ACC0000138,yasmintak@okicici,Paytm Payments Bank,864,full,2024-03-20 08:00:00
ACC0000139,zainarora@okaxis,BOB,453,minimal,2025-05-05 08:00:00
ACC0000140,saraganesan@okhdfcbank,BOB,1226,full,2023-03-24 08:00:00
ACC0000141,qsuresh@okicici,PNB,1960,minimal,2021-03-20 08:00:00
ACC0000142,priyanshbuch@okaxis,Axis,1777,full,2021-09-19 08:00:00
ACC0000143,halderarmaan@okaxis,Paytm Payments Bank,588,full,2024-12-21 08:00:00
ACC0000144,mchoudhry@okaxis,ICICI,718,minimal,2024-08-13 08:00:00
ACC0000145,tgill@oksbi,SBI,1913,minimal,2021-05-06 08:00:00
ACC0000146,mamootyarora@ybl,SBI,1242,full,2023-03-08 08:00:00
ACC0000147,yakshitgala@oksbi,Paytm Payments Bank,907,full,2024-02-06 08:00:00
ACC0000148,darshit45@okaxis,Kotak,562,full,2025-01-16 08:00:00
ACC0000149,isane@okicici,BOB,699,full,2024-09-01 08:00:00
ACC0000150,aniruddh14@okaxis,PNB,1978,minimal,2021-03-02 08:00:00
ACC0000151,kavyadeo@okhdfcbank,SBI,993,none,2023-11-12 08:00:00
ACC0000152,bhagatkimaya@oksbi,HDFC,746,minimal,2024-07-16 08:00:00
ACC0000153,ugera@okhdfcbank,SBI,1364,minimal,2022-11-06 08:00:00
ACC0000154,adira98@okhdfcbank,ICICI,438,full,2025-05-20 08:00:00
ACC0000155,hanskashvi@okhdfcbank,Axis,999,full,2023-11-06 08:00:00
ACC0000156,onkarbains@okicici,ICICI,554,full,2025-01-24 08:00:00
ACC0000157,hacharya@okhdfcbank,ICICI,1561,none,2022-04-23 08:00:00
ACC0000158,tejaskale@ybl,SBI,251,minimal,2025-11-23 08:00:00
ACC0000159,salvishalv@okaxis,BOB,1209,minimal,2023-04-10 08:00:00
ACC0000160,nitara14@okhdfcbank,Axis,436,full,2025-05-22 08:00:00
ACC0000161,nitya65@okicici,HDFC,1612,minimal,2022-03-03 08:00:00
ACC0000162,ssarin@okhdfcbank,Kotak,1189,full,2023-04-30 08:00:00
ACC0000163,kartikkade@okicici,HDFC,1384,full,2022-10-17 08:00:00
ACC0000164,vsandhu@okhdfcbank,BOB,728,minimal,2024-08-03 08:00:00
ACC0000165,mannatmane@okaxis,Kotak,246,full,2025-11-28 08:00:00
ACC0000166,yuvaan80@okaxis,ICICI,1727,full,2021-11-08 08:00:00
ACC0000167,reyansh36@ybl,PNB,1532,full,2022-05-22 08:00:00
ACC0000168,anahita77@ybl,Paytm Payments Bank,1913,full,2021-05-06 08:00:00
ACC0000169,diyakhalsa@ybl,PNB,1721,full,2021-11-14 08:00:00
ACC0000170,nirvibasak@okhdfcbank,PNB,532,minimal,2025-02-15 08:00:00
ACC0000171,drishya95@okaxis,BOB,529,full,2025-02-18 08:00:00
ACC0000172,tanksuhana@okicici,ICICI,1042,full,2023-09-24 08:00:00
ACC0000173,paridubey@okicici,Kotak,756,full,2024-07-06 08:00:00
ACC0000174,zarachaudhary@okicici,SBI,1250,full,2023-02-28 08:00:00
ACC0000175,anaybajaj@okhdfcbank,Axis,421,full,2025-06-06 08:00:00
ACC0000176,anikaramaswamy@ybl,Axis,1030,full,2023-10-06 08:00:00
ACC0000177,karizeeshan@okaxis,Paytm Payments Bank,1352,minimal,2022-11-18 08:00:00
ACC0000178,saanvisarin@okicici,Axis,220,full,2025-12-24 08:00:00
ACC0000179,zkota@okicici,Kotak,528,full,2025-02-19 08:00:00
ACC0000180,hunarsagar@okicici,BOB,1117,none,2023-07-11 08:00:00
ACC0000181,warriorsuhana@okicici,Kotak,1157,full,2023-06-01 08:00:00
ACC0000182,soodaarna@okicici,PNB,584,full,2024-12-25 08:00:00
ACC0000183,jayeshsuri@oksbi,Kotak,1507,full,2022-06-16 08:00:00
ACC0000184,jbakshi@oksbi,Axis,1127,full,2023-07-01 08:00:00
ACC0000185,gatikkari@okicici,PNB,1021,none,2023-10-15 08:00:00
ACC0000186,zainakata@oksbi,PNB,1735,full,2021-10-31 08:00:00
ACC0000187,tanya79@okicici,SBI,397,full,2025-06-30 08:00:00
ACC0000188,jthakur@okicici,SBI,289,none,2025-10-16 08:00:00
ACC0000189,kyadav@okicici,ICICI,1163,full,2023-05-26 08:00:00
ACC0000190,qkar@okaxis,HDFC,1571,minimal,2022-04-13 08:00:00
ACC0000191,navyadevi@okicici,Paytm Payments Bank,1205,full,2023-04-14 08:00:00
ACC0000192,prattan@oksbi,SBI,727,full,2024-08-04 08:00:00
ACC0000193,advika14@okaxis,HDFC,1794,minimal,2021-09-02 08:00:00
ACC0000194,purabganesh@okaxis,HDFC,850,full,2024-04-03 08:00:00
ACC0000195,hrishita12@okhdfcbank,ICICI,1435,full,2022-08-27 08:00:00
ACC0000196,mehulhanda@okicici,HDFC,1182,none,2023-05-07 08:00:00
ACC0000197,reneechhabra@ybl,BOB,272,full,2025-11-02 08:00:00
ACC0000198,johalyuvraj@ybl,Axis,1649,minimal,2022-01-25 08:00:00
ACC0000199,hrishita76@okaxis,Paytm Payments Bank,809,full,2024-05-14 08:00:00
ACC0000200,chauhanaaina@okaxis,PNB,1235,full,2023-03-15 08:00:00
ACC0000201,xzachariah@ybl,HDFC,153,minimal,2026-03-01 08:00:00
ACC0000202,vartytarini@oksbi,PNB,455,full,2025-05-03 08:00:00
ACC0000203,akhare@oksbi,ICICI,351,full,2025-08-15 08:00:00
ACC0000204,rohan66@okhdfcbank,BOB,350,full,2025-08-16 08:00:00
ACC0000205,aradhyachoudhary@okaxis,PNB,1246,full,2023-03-04 08:00:00
ACC0000206,adira70@okicici,Paytm Payments Bank,620,full,2024-11-19 08:00:00
ACC0000207,qganguly@okicici,Axis,508,full,2025-03-11 08:00:00
ACC0000208,ksengupta@oksbi,ICICI,1145,minimal,2023-06-13 08:00:00
ACC0000209,nbhatt@oksbi,HDFC,1722,full,2021-11-13 08:00:00
ACC0000210,hegdekiara@okicici,PNB,1653,full,2022-01-21 08:00:00
ACC0000211,barmannayantara@okicici,BOB,989,minimal,2023-11-16 08:00:00
ACC0000212,dbir@ybl,Paytm Payments Bank,1054,full,2023-09-12 08:00:00
ACC0000213,badalde@okhdfcbank,BOB,1254,full,2023-02-24 08:00:00
ACC0000214,ngade@okicici,SBI,1266,full,2023-02-12 08:00:00
ACC0000215,vgade@ybl,SBI,1999,none,2021-02-09 08:00:00
ACC0000216,wdewan@okicici,SBI,1406,minimal,2022-09-25 08:00:00
ACC0000217,fdate@okaxis,Paytm Payments Bank,388,minimal,2025-07-09 08:00:00
ACC0000218,vandra@ybl,BOB,401,full,2025-06-26 08:00:00
ACC0000219,gillmamooty@okhdfcbank,Paytm Payments Bank,1037,full,2023-09-29 08:00:00
ACC0000220,sridharnehmat@okicici,HDFC,712,minimal,2024-08-19 08:00:00
ACC0000221,shroffaniruddh@okaxis,Paytm Payments Bank,705,full,2024-08-26 08:00:00
ACC0000222,krishtripathi@okaxis,SBI,1965,full,2021-03-15 08:00:00
ACC0000223,rastogiindrans@okicici,Kotak,674,full,2024-09-26 08:00:00
ACC0000224,gokulkhalsa@okaxis,SBI,1612,full,2022-03-03 08:00:00
ACC0000225,mandamadhav@okaxis,BOB,1141,full,2023-06-17 08:00:00
ACC0000226,qsarma@okicici,Paytm Payments Bank,1091,full,2023-08-06 08:00:00
ACC0000227,ivan99@okhdfcbank,Axis,1586,full,2022-03-29 08:00:00
ACC0000228,soodishaan@okicici,Paytm Payments Bank,298,minimal,2025-10-07 08:00:00
ACC0000229,emir90@okhdfcbank,SBI,1022,none,2023-10-14 08:00:00
ACC0000230,kashvi66@oksbi,ICICI,1276,full,2023-02-02 08:00:00
ACC0000231,dhanukrajagopalan@ybl,BOB,58,full,2026-06-04 08:00:00
ACC0000232,ehsaansarin@okhdfcbank,Paytm Payments Bank,1753,minimal,2021-10-13 08:00:00
ACC0000233,piya91@oksbi,Paytm Payments Bank,1356,minimal,2022-11-14 08:00:00
ACC0000234,ghosehazel@ybl,PNB,627,full,2024-11-12 08:00:00
ACC0000235,xsahota@okaxis,Axis,1018,full,2023-10-18 08:00:00
ACC0000236,kulkarnineelofar@okaxis,Axis,326,minimal,2025-09-09 08:00:00
ACC0000237,abram67@oksbi,HDFC,1070,full,2023-08-27 08:00:00
ACC0000238,kalitataran@okaxis,Kotak,1647,minimal,2022-01-27 08:00:00
ACC0000239,jsathe@okicici,SBI,1069,full,2023-08-28 08:00:00
ACC0000240,uchakrabarti@ybl,Paytm Payments Bank,641,minimal,2024-10-29 08:00:00
ACC0000241,mannat87@ybl,Paytm Payments Bank,944,full,2023-12-31 08:00:00
ACC0000242,ukamdar@ybl,BOB,1160,full,2023-05-29 08:00:00
ACC0000243,samarth31@oksbi,Axis,689,full,2024-09-11 08:00:00
ACC0000244,alisha37@okaxis,SBI,508,full,2025-03-11 08:00:00
ACC0000245,bganguly@okaxis,BOB,998,none,2023-11-07 08:00:00
ACC0000246,uvarghese@oksbi,Paytm Payments Bank,1652,none,2022-01-22 08:00:00
ACC0000247,aradhyacherian@ybl,Kotak,288,minimal,2025-10-17 08:00:00
ACC0000248,yasmin45@okaxis,HDFC,1820,full,2021-08-07 08:00:00
ACC0000249,kimaya48@okhdfcbank,ICICI,965,full,2023-12-10 08:00:00
ACC0000250,kuruvillakanav@oksbi,HDFC,1370,full,2022-10-31 08:00:00
ACC0000251,darasaira@okicici,BOB,572,full,2025-01-06 08:00:00
ACC0000252,jkonda@okicici,BOB,1774,none,2021-09-22 08:00:00
ACC0000253,prishakhanna@okaxis,SBI,1313,full,2022-12-27 08:00:00
ACC0000254,ykapur@okicici,Axis,510,full,2025-03-09 08:00:00
ACC0000255,batraritvik@okhdfcbank,HDFC,918,full,2024-01-26 08:00:00
ACC0000256,yuvaansaraf@okicici,SBI,1451,full,2022-08-11 08:00:00
ACC0000257,ryansaini@okhdfcbank,PNB,1660,full,2022-01-14 08:00:00
ACC0000258,anika88@oksbi,Axis,912,full,2024-02-01 08:00:00
ACC0000259,aarna85@oksbi,ICICI,1189,full,2023-04-30 08:00:00
ACC0000260,rati74@okaxis,Axis,1278,full,2023-01-31 08:00:00
ACC0000261,ojas31@oksbi,Axis,1224,full,2023-03-26 08:00:00
ACC0000262,sakshambhasin@okaxis,PNB,550,full,2025-01-28 08:00:00
ACC0000263,kartikchokshi@okaxis,PNB,1870,full,2021-06-18 08:00:00
ACC0000264,udevi@okhdfcbank,Paytm Payments Bank,353,minimal,2025-08-13 08:00:00
ACC0000265,divyansh34@okicici,BOB,1233,full,2023-03-17 08:00:00
ACC0000266,taranchakraborty@okicici,Axis,965,none,2023-12-10 08:00:00
ACC0000267,abram82@okaxis,HDFC,1777,full,2021-09-19 08:00:00
ACC0000268,azad08@okicici,PNB,1201,none,2023-04-18 08:00:00
ACC0000269,rasha27@okhdfcbank,BOB,634,full,2024-11-05 08:00:00
ACC0000270,viswanathanabram@okhdfcbank,Paytm Payments Bank,1189,minimal,2023-04-30 08:00:00
ACC0000271,anaya77@okicici,Axis,1879,full,2021-06-09 08:00:00
ACC0000272,kabir04@oksbi,Axis,751,full,2024-07-11 08:00:00
ACC0000273,ebhandari@oksbi,HDFC,1418,minimal,2022-09-13 08:00:00
ACC0000274,ekorpal@okhdfcbank,PNB,1353,minimal,2022-11-17 08:00:00
ACC0000275,borraindrajit@ybl,Kotak,98,full,2026-04-25 08:00:00
ACC0000276,dharmajan31@okicici,Kotak,214,full,2025-12-30 08:00:00
ACC0000277,mraman@oksbi,ICICI,389,minimal,2025-07-08 08:00:00
ACC0000278,urvilal@okicici,PNB,1824,minimal,2021-08-03 08:00:00
ACC0000279,ckar@okaxis,PNB,556,full,2025-01-22 08:00:00
ACC0000280,khushi64@okhdfcbank,Paytm Payments Bank,723,none,2024-08-08 08:00:00
ACC0000281,ramaswamyseher@oksbi,BOB,318,none,2025-09-17 08:00:00
ACC0000282,singhlakshay@ybl,Kotak,1677,full,2021-12-28 08:00:00
ACC0000283,preraksahota@okhdfcbank,PNB,838,full,2024-04-15 08:00:00
ACC0000284,brarnakul@okicici,PNB,961,full,2023-12-14 08:00:00
ACC0000285,ishitabarad@okicici,HDFC,1714,full,2021-11-21 08:00:00
ACC0000286,aaravjayaraman@okhdfcbank,Kotak,995,minimal,2023-11-10 08:00:00
ACC0000287,msankaran@okhdfcbank,Paytm Payments Bank,483,minimal,2025-04-05 08:00:00
ACC0000288,cdhingra@okaxis,HDFC,648,full,2024-10-22 08:00:00
ACC0000289,reyanshsastry@okhdfcbank,PNB,1967,none,2021-03-13 08:00:00
ACC0000290,rati71@okhdfcbank,Axis,267,minimal,2025-11-07 08:00:00
ACC0000291,preraksubramaniam@okaxis,Paytm Payments Bank,307,full,2025-09-28 08:00:00
ACC0000292,aarnabhandari@ybl,BOB,1974,full,2021-03-06 08:00:00
ACC0000293,neelofarborde@oksbi,BOB,1518,full,2022-06-05 08:00:00
ACC0000294,hridaan10@okaxis,BOB,1737,minimal,2021-10-29 08:00:00
ACC0000295,vritikadube@okhdfcbank,Kotak,602,full,2024-12-07 08:00:00
ACC0000296,advika17@oksbi,Kotak,940,full,2024-01-04 08:00:00
ACC0000297,rati64@okicici,Kotak,1434,full,2022-08-28 08:00:00
ACC0000298,fkanda@oksbi,HDFC,595,minimal,2024-12-14 08:00:00
ACC0000299,waliaadah@okaxis,HDFC,1717,full,2021-11-18 08:00:00
ACC0000300,lavanya40@ybl,SBI,1344,full,2022-11-26 08:00:00
ACC0000301,contractorpari@oksbi,ICICI,713,minimal,2024-08-18 08:00:00
ACC0000302,singhalpari@okhdfcbank,Axis,450,full,2025-05-08 08:00:00
ACC0000303,kashvi02@oksbi,Kotak,1695,minimal,2021-12-10 08:00:00
ACC0000304,plad@ybl,SBI,1645,full,2022-01-29 08:00:00
ACC0000305,ldewan@oksbi,PNB,326,minimal,2025-09-09 08:00:00
ACC0000306,fravi@okhdfcbank,ICICI,255,full,2025-11-19 08:00:00
ACC0000307,keerstuvan@oksbi,Kotak,1647,full,2022-01-27 08:00:00
ACC0000308,uganesan@okhdfcbank,ICICI,573,full,2025-01-05 08:00:00
ACC0000309,varugheseishaan@okhdfcbank,HDFC,1107,full,2023-07-21 08:00:00
ACC0000310,zain74@okicici,HDFC,1623,full,2022-02-20 08:00:00
ACC0000311,wtalwar@ybl,SBI,483,full,2025-04-05 08:00:00
ACC0000312,karandhruv@ybl,PNB,1891,full,2021-05-28 08:00:00
ACC0000313,ojas51@okhdfcbank,Paytm Payments Bank,93,minimal,2026-04-30 08:00:00
ACC0000314,gvenkatesh@okhdfcbank,Paytm Payments Bank,903,full,2024-02-10 08:00:00
ACC0000315,sahahrishita@okhdfcbank,HDFC,938,full,2024-01-06 08:00:00
ACC0000316,djhaveri@okhdfcbank,ICICI,333,full,2025-09-02 08:00:00
ACC0000317,elagolla@ybl,Kotak,1326,full,2022-12-14 08:00:00
ACC0000318,crattan@ybl,PNB,1253,full,2023-02-25 08:00:00
ACC0000319,chaudrypriyansh@okaxis,HDFC,1269,minimal,2023-02-09 08:00:00
ACC0000320,reyanshkanda@ybl,Axis,264,full,2025-11-10 08:00:00
ACC0000321,bbhat@oksbi,BOB,1848,full,2021-07-10 08:00:00
ACC0000322,rheabuch@okaxis,BOB,958,full,2023-12-17 08:00:00
ACC0000323,ishita08@okaxis,Kotak,670,full,2024-09-30 08:00:00
ACC0000324,obatra@oksbi,Paytm Payments Bank,796,full,2024-05-27 08:00:00
ACC0000325,kashyapfateh@okhdfcbank,HDFC,1733,full,2021-11-02 08:00:00
ACC0000326,charvisehgal@okicici,ICICI,1554,full,2022-04-30 08:00:00
ACC0000327,diya46@ybl,Kotak,1231,full,2023-03-19 08:00:00
ACC0000328,pkeer@okicici,BOB,871,minimal,2024-03-13 08:00:00
ACC0000329,jmajumdar@okhdfcbank,PNB,1506,full,2022-06-17 08:00:00
ACC0000330,mchandran@okhdfcbank,Axis,750,full,2024-07-12 08:00:00
ACC0000331,darshitdevi@oksbi,HDFC,1017,full,2023-10-19 08:00:00
ACC0000332,ygarde@okicici,HDFC,1169,minimal,2023-05-20 08:00:00
ACC0000333,aarav44@oksbi,BOB,1205,minimal,2023-04-14 08:00:00
ACC0000334,jverma@ybl,SBI,1601,full,2022-03-14 08:00:00
ACC0000335,eluthra@okicici,SBI,1377,full,2022-10-24 08:00:00
ACC0000336,shamik88@okicici,Kotak,1469,full,2022-07-24 08:00:00
ACC0000337,ukari@oksbi,BOB,401,full,2025-06-26 08:00:00
ACC0000338,rashadar@okhdfcbank,HDFC,1547,full,2022-05-07 08:00:00
ACC0000339,xdada@okaxis,BOB,470,full,2025-04-18 08:00:00
ACC0000340,ubains@okicici,PNB,352,full,2025-08-14 08:00:00
ACC0000341,zsastry@ybl,HDFC,1620,minimal,2022-02-23 08:00:00
ACC0000342,qhans@oksbi,SBI,348,full,2025-08-18 08:00:00
ACC0000343,bhaminibadami@okaxis,BOB,587,full,2024-12-22 08:00:00
ACC0000344,daminirajagopal@okaxis,PNB,935,full,2024-01-09 08:00:00
ACC0000345,divyansh71@okhdfcbank,Kotak,1079,full,2023-08-18 08:00:00
ACC0000346,uamble@ybl,Paytm Payments Bank,610,full,2024-11-29 08:00:00
ACC0000347,yuvraj-virk@okhdfcbank,Axis,661,full,2024-10-09 08:00:00
ACC0000348,dhanukkeer@okhdfcbank,SBI,1257,full,2023-02-21 08:00:00
ACC0000349,shayak96@oksbi,ICICI,1966,minimal,2021-03-14 08:00:00
ACC0000350,varkeyshalv@okicici,HDFC,622,full,2024-11-17 08:00:00
ACC0000351,odutt@okaxis,ICICI,1559,full,2022-04-25 08:00:00
ACC0000352,iviswanathan@oksbi,Kotak,1120,full,2023-07-08 08:00:00
ACC0000353,ranganathandarshit@okhdfcbank,BOB,1794,full,2021-09-02 08:00:00
ACC0000354,mohanlalsani@okhdfcbank,Kotak,1916,full,2021-05-03 08:00:00
ACC0000355,manikya16@okaxis,BOB,1204,full,2023-04-15 08:00:00
ACC0000356,sidhumyra@okhdfcbank,Kotak,859,full,2024-03-25 08:00:00
ACC0000357,kapadiaivan@ybl,Paytm Payments Bank,1970,minimal,2021-03-10 08:00:00
ACC0000358,aniruddh05@okicici,HDFC,1913,full,2021-05-06 08:00:00
ACC0000359,dintaimur@oksbi,BOB,246,full,2025-11-28 08:00:00
ACC0000360,adah23@okhdfcbank,BOB,1103,minimal,2023-07-25 08:00:00
ACC0000361,rmandal@okicici,Axis,1557,full,2022-04-27 08:00:00
ACC0000362,jayanchahal@okhdfcbank,HDFC,374,full,2025-07-23 08:00:00
ACC0000363,ramaswamyvaibhav@okicici,Kotak,427,full,2025-05-31 08:00:00
ACC0000364,charvimanne@oksbi,Axis,1707,full,2021-11-28 08:00:00
ACC0000365,mehulkashyap@oksbi,ICICI,554,full,2025-01-24 08:00:00
ACC0000366,amira40@okhdfcbank,ICICI,1586,none,2022-03-29 08:00:00
ACC0000367,syohannan@okaxis,Paytm Payments Bank,1316,minimal,2022-12-24 08:00:00
ACC0000368,devanshkant@ybl,Paytm Payments Bank,1586,full,2022-03-29 08:00:00
ACC0000369,khushi46@ybl,Kotak,1836,minimal,2021-07-22 08:00:00
ACC0000370,amani43@okicici,ICICI,1314,full,2022-12-26 08:00:00
ACC0000371,evarkey@okaxis,PNB,990,minimal,2023-11-15 08:00:00
ACC0000372,danivaibhav@okhdfcbank,Kotak,1241,full,2023-03-09 08:00:00
ACC0000373,kashvi44@okaxis,Paytm Payments Bank,665,full,2024-10-05 08:00:00
ACC0000374,thakkarnirvi@okicici,HDFC,785,full,2024-06-07 08:00:00
ACC0000375,adevan@okhdfcbank,BOB,1781,full,2021-09-15 08:00:00
ACC0000376,ramanshanaya@okhdfcbank,Paytm Payments Bank,1165,minimal,2023-05-24 08:00:00
ACC0000377,sthaman@oksbi,Kotak,1200,full,2023-04-19 08:00:00
ACC0000378,mahikasuresh@oksbi,SBI,1056,full,2023-09-10 08:00:00
ACC0000379,madhup39@okicici,HDFC,1690,full,2021-12-15 08:00:00
ACC0000380,parinaaz21@okhdfcbank,Axis,383,full,2025-07-14 08:00:00
ACC0000381,dubeyvedika@ybl,ICICI,929,full,2024-01-15 08:00:00
ACC0000382,lbadal@okicici,BOB,1909,full,2021-05-10 08:00:00
ACC0000383,sana21@ybl,SBI,722,minimal,2024-08-09 08:00:00
ACC0000384,shaan62@okicici,HDFC,1355,full,2022-11-15 08:00:00
ACC0000385,hanshsrivastava@okaxis,PNB,1172,full,2023-05-17 08:00:00
ACC0000386,eva84@ybl,ICICI,1774,full,2021-09-22 08:00:00
ACC0000387,onkartella@oksbi,Kotak,1223,full,2023-03-27 08:00:00
ACC0000388,sswaminathan@okaxis,ICICI,1373,full,2022-10-28 08:00:00
ACC0000389,zaina17@okhdfcbank,PNB,1951,full,2021-03-29 08:00:00
ACC0000390,bobaltanya@okicici,ICICI,1347,full,2022-11-23 08:00:00
ACC0000391,parinaazsengupta@ybl,HDFC,1727,full,2021-11-08 08:00:00
ACC0000392,zvaidya@ybl,Kotak,897,full,2024-02-16 08:00:00
ACC0000393,divij60@oksbi,Axis,662,full,2024-10-08 08:00:00
ACC0000394,heer17@okaxis,Axis,1599,full,2022-03-16 08:00:00
ACC0000395,pari49@oksbi,HDFC,311,full,2025-09-24 08:00:00
ACC0000396,otata@okhdfcbank,SBI,1644,full,2022-01-30 08:00:00
ACC0000397,emir37@ybl,ICICI,1824,full,2021-08-03 08:00:00
ACC0000398,raojhanvi@oksbi,ICICI,345,minimal,2025-08-21 08:00:00
ACC0000399,manjari31@ybl,ICICI,1609,full,2022-03-06 08:00:00
ACC0000400,tsarma@okaxis,Kotak,119,full,2026-04-04 08:00:00
ACC0000401,ibhardwaj@okaxis,PNB,516,minimal,2025-03-03 08:00:00
ACC0000402,bahlromil@okaxis,Axis,1635,full,2022-02-08 08:00:00
ACC0000403,gbhardwaj@okaxis,Axis,663,full,2024-10-07 08:00:00
ACC0000404,heerbir@ybl,Paytm Payments Bank,1969,full,2021-03-11 08:00:00
ACC0000405,xkaran@okaxis,BOB,607,none,2024-12-02 08:00:00
ACC0000406,vraj@oksbi,ICICI,1702,minimal,2021-12-03 08:00:00
ACC0000407,zeeshansagar@okaxis,Kotak,136,full,2026-03-18 08:00:00
ACC0000408,thamanayesha@ybl,HDFC,240,full,2025-12-04 08:00:00
ACC0000409,cdey@oksbi,PNB,1592,full,2022-03-23 08:00:00
ACC0000410,madhav77@oksbi,BOB,1081,full,2023-08-16 08:00:00
ACC0000411,taranbawa@oksbi,Paytm Payments Bank,1894,minimal,2021-05-25 08:00:00
ACC0000412,inaaya-50@okhdfcbank,BOB,1935,full,2021-04-14 08:00:00
ACC0000413,mdevi@okicici,Axis,1058,full,2023-09-08 08:00:00
ACC0000414,valaamani@okicici,Axis,197,full,2026-01-16 08:00:00
ACC0000415,sainilakshit@okhdfcbank,Kotak,1936,minimal,2021-04-13 08:00:00
ACC0000416,bakshivedika@okhdfcbank,PNB,311,minimal,2025-09-24 08:00:00
ACC0000417,nirvaan29@oksbi,Paytm Payments Bank,997,full,2023-11-08 08:00:00
ACC0000418,darshitthakkar@okhdfcbank,SBI,40,full,2026-06-22 08:00:00
ACC0000419,khushichokshi@oksbi,BOB,1740,full,2021-10-26 08:00:00
ACC0000420,shalvsoman@oksbi,PNB,620,full,2024-11-19 08:00:00
ACC0000421,vedikayohannan@okaxis,Paytm Payments Bank,518,full,2025-03-01 08:00:00
ACC0000422,devihunar@okaxis,SBI,1743,full,2021-10-23 08:00:00
ACC0000423,hrishitadass@oksbi,ICICI,1207,full,2023-04-12 08:00:00
ACC0000424,faiyazsahota@ybl,Kotak,33,full,2026-06-29 08:00:00
ACC0000425,bhattiabram@oksbi,HDFC,883,full,2024-03-01 08:00:00
ACC0000426,vritika39@okhdfcbank,SBI,768,full,2024-06-24 08:00:00
ACC0000427,advik24@okhdfcbank,BOB,992,none,2023-11-13 08:00:00
ACC0000428,bhatnagarseher@okhdfcbank,Kotak,549,minimal,2025-01-29 08:00:00
ACC0000429,hlall@oksbi,HDFC,736,minimal,2024-07-26 08:00:00
ACC0000430,khannaalia@okicici,ICICI,1535,full,2022-05-19 08:00:00
ACC0000431,drishya91@okicici,ICICI,1148,minimal,2023-06-10 08:00:00
ACC0000432,okrishnamurthy@okaxis,Paytm Payments Bank,1432,full,2022-08-30 08:00:00
ACC0000433,sethvardaniya@oksbi,HDFC,1691,full,2021-12-14 08:00:00
ACC0000434,amira00@okaxis,SBI,1962,full,2021-03-18 08:00:00
ACC0000435,zvaidya@oksbi,SBI,119,full,2026-04-04 08:00:00
ACC0000436,gsankar@ybl,BOB,665,none,2024-10-05 08:00:00
ACC0000437,csawhney@okaxis,PNB,1142,full,2023-06-16 08:00:00
ACC0000438,yogidhanush@oksbi,PNB,1354,full,2022-11-16 08:00:00
ACC0000439,mahika21@okhdfcbank,Kotak,1629,full,2022-02-14 08:00:00
ACC0000440,raghavratta@okicici,BOB,1667,minimal,2022-01-07 08:00:00
ACC0000441,vaibhav98@okaxis,BOB,1552,full,2022-05-02 08:00:00
ACC0000442,amani89@okaxis,Paytm Payments Bank,412,full,2025-06-15 08:00:00
ACC0000443,ybawa@ybl,PNB,1662,minimal,2022-01-12 08:00:00
ACC0000444,varkeyneysa@okaxis,HDFC,1519,full,2022-06-04 08:00:00
ACC0000445,adahkara@oksbi,PNB,1714,full,2021-11-21 08:00:00
ACC0000446,zaingara@okicici,PNB,193,full,2026-01-20 08:00:00
ACC0000447,aiyengar@okaxis,ICICI,1264,full,2023-02-14 08:00:00
ACC0000448,dugaraaryahi@okaxis,SBI,749,full,2024-07-13 08:00:00
ACC0000449,nitya45@okicici,BOB,1896,full,2021-05-23 08:00:00
ACC0000450,piyakhalsa@okhdfcbank,HDFC,1650,full,2022-01-24 08:00:00
ACC0000451,bathdharmajan@okicici,ICICI,861,none,2024-03-23 08:00:00
ACC0000452,kalitadivit@ybl,Paytm Payments Bank,322,full,2025-09-13 08:00:00
ACC0000453,zoya28@oksbi,Kotak,167,full,2026-02-15 08:00:00
ACC0000454,rajjhanvi@ybl,SBI,1974,full,2021-03-06 08:00:00
ACC0000455,oorja16@okaxis,Kotak,1420,full,2022-09-11 08:00:00
ACC0000456,nitya60@okhdfcbank,ICICI,1592,full,2022-03-23 08:00:00
ACC0000457,kismat45@okicici,PNB,845,full,2024-04-08 08:00:00
ACC0000458,manidishani@okhdfcbank,ICICI,262,full,2025-11-12 08:00:00
ACC0000459,indranssaha@ybl,HDFC,822,full,2024-05-01 08:00:00
ACC0000460,gchoudhury@okaxis,Axis,563,none,2025-01-15 08:00:00
ACC0000461,ivana51@okaxis,Axis,614,full,2024-11-25 08:00:00
ACC0000462,kaira36@okhdfcbank,Paytm Payments Bank,1776,full,2021-09-20 08:00:00
ACC0000463,ramanathannirvi@okaxis,HDFC,1490,minimal,2022-07-03 08:00:00
ACC0000464,aniruddh24@okicici,Kotak,1761,full,2021-10-05 08:00:00
ACC0000465,shayak50@ybl,PNB,1156,minimal,2023-06-02 08:00:00
ACC0000466,hridaanmandal@oksbi,ICICI,1773,minimal,2021-09-23 08:00:00
ACC0000467,jbanerjee@oksbi,HDFC,1071,none,2023-08-26 08:00:00
ACC0000468,bathsiya@oksbi,Axis,1652,minimal,2022-01-22 08:00:00
ACC0000469,uthkarshkadakia@okicici,Kotak,83,full,2026-05-10 08:00:00
ACC0000470,kgarde@oksbi,HDFC,1159,full,2023-05-30 08:00:00
ACC0000471,sahil59@okaxis,BOB,845,minimal,2024-04-08 08:00:00
ACC0000472,waglebaiju@ybl,HDFC,1716,full,2021-11-19 08:00:00
ACC0000473,indranilshroff@okhdfcbank,Paytm Payments Bank,679,full,2024-09-21 08:00:00
ACC0000474,sandaldhanush@okicici,ICICI,1089,minimal,2023-08-08 08:00:00
ACC0000475,ahana-67@ybl,ICICI,1627,minimal,2022-02-16 08:00:00
ACC0000476,rjohal@okaxis,SBI,294,minimal,2025-10-11 08:00:00
ACC0000477,tanyakunda@oksbi,PNB,1091,full,2023-08-06 08:00:00
ACC0000478,geraadah@oksbi,Kotak,690,minimal,2024-09-10 08:00:00
ACC0000479,dharparinaaz@okicici,HDFC,1092,full,2023-08-05 08:00:00
ACC0000480,qlall@ybl,PNB,1330,full,2022-12-10 08:00:00
ACC0000481,azad36@ybl,HDFC,650,full,2024-10-20 08:00:00
ACC0000482,aggarwallagan@ybl,ICICI,375,full,2025-07-22 08:00:00
ACC0000483,lakshit24@ybl,Kotak,1308,minimal,2023-01-01 08:00:00
ACC0000484,shaan10@okhdfcbank,SBI,1184,full,2023-05-05 08:00:00
ACC0000485,bshenoy@ybl,PNB,1972,full,2021-03-08 08:00:00
ACC0000486,hanshgupta@ybl,BOB,1600,full,2022-03-15 08:00:00
ACC0000487,daminimammen@okaxis,PNB,92,full,2026-05-01 08:00:00
ACC0000488,devansh60@okaxis,Axis,648,minimal,2024-10-22 08:00:00
ACC0000489,dandra@okaxis,PNB,1432,full,2022-08-30 08:00:00
ACC0000490,venkataramansaksham@okhdfcbank,ICICI,1440,full,2022-08-22 08:00:00
ACC0000491,zmangat@okaxis,Axis,1021,full,2023-10-15 08:00:00
ACC0000492,hdhillon@okicici,Kotak,324,full,2025-09-11 08:00:00
ACC0000493,uanne@okicici,BOB,1792,full,2021-09-04 08:00:00
ACC0000494,zainaranganathan@ybl,HDFC,788,full,2024-06-04 08:00:00
ACC0000495,sthakur@okhdfcbank,PNB,985,full,2023-11-20 08:00:00
ACC0000496,dhruv61@okhdfcbank,SBI,318,full,2025-09-17 08:00:00
ACC0000497,adiraraja@ybl,BOB,816,full,2024-05-07 08:00:00
ACC0000498,flala@oksbi,Kotak,1802,minimal,2021-08-25 08:00:00
ACC0000499,tvirk@okicici,Axis,1506,minimal,2022-06-17 08:00:00
ACC0000500,madhup52@ybl,Paytm Payments Bank,1050,full,2023-09-16 08:00:00
ACC0000501,kumermyra@okaxis,SBI,661,full,2024-10-09 08:00:00
ACC0000502,lankadiya@ybl,Paytm Payments Bank,835,none,2024-04-18 08:00:00
ACC0000503,urvighosh@ybl,Kotak,470,full,2025-04-18 08:00:00
ACC0000504,samiha23@okaxis,Paytm Payments Bank,606,full,2024-12-03 08:00:00
ACC0000505,boraonkar@okhdfcbank,BOB,46,full,2026-06-16 08:00:00
ACC0000506,jayantramachandran@okicici,BOB,571,full,2025-01-07 08:00:00
ACC0000507,tarasibal@okhdfcbank,Axis,850,full,2024-04-03 08:00:00
ACC0000508,chakrabartitrisha@okhdfcbank,BOB,621,full,2024-11-18 08:00:00
ACC0000509,wkata@ybl,PNB,1595,minimal,2022-03-20 08:00:00
ACC0000510,ksangha@ybl,HDFC,1306,full,2023-01-03 08:00:00
ACC0000511,mishti52@okaxis,Kotak,228,minimal,2025-12-16 08:00:00
ACC0000512,ebandi@ybl,Kotak,724,minimal,2024-08-07 08:00:00
ACC0000513,traval@ybl,BOB,437,full,2025-05-21 08:00:00
ACC0000514,kiara05@okhdfcbank,ICICI,122,full,2026-04-01 08:00:00
ACC0000515,dubeyanahi@okaxis,Paytm Payments Bank,1676,full,2021-12-29 08:00:00
ACC0000516,dbahl@ybl,ICICI,1859,full,2021-06-29 08:00:00
ACC0000517,reyansh11@okicici,ICICI,1285,full,2023-01-24 08:00:00
ACC0000518,lkashyap@okicici,Kotak,1292,full,2023-01-17 08:00:00
ACC0000519,karzoya@ybl,Paytm Payments Bank,1073,full,2023-08-24 08:00:00
ACC0000520,samarthramakrishnan@okaxis,SBI,643,full,2024-10-27 08:00:00
ACC0000521,jkrishna@okhdfcbank,BOB,1409,full,2022-09-22 08:00:00
ACC0000522,karehsaan@okhdfcbank,Paytm Payments Bank,1661,full,2022-01-13 08:00:00
ACC0000523,riya18@ybl,Axis,1372,full,2022-10-29 08:00:00
ACC0000524,arnavdasgupta@okaxis,ICICI,1225,full,2023-03-25 08:00:00
ACC0000525,hkanda@ybl,BOB,1506,full,2022-06-17 08:00:00
ACC0000526,tejasgrewal@oksbi,SBI,1424,full,2022-09-07 08:00:00
ACC0000527,vidur65@okhdfcbank,Axis,1464,full,2022-07-29 08:00:00
ACC0000528,subramanianmohanlal@okaxis,ICICI,672,full,2024-09-28 08:00:00
ACC0000529,chirag51@okaxis,Paytm Payments Bank,447,minimal,2025-05-11 08:00:00
ACC0000530,qdhar@okhdfcbank,ICICI,1536,full,2022-05-18 08:00:00
ACC0000531,shamikbaria@okicici,Paytm Payments Bank,1178,full,2023-05-11 08:00:00
ACC0000532,stuvandubey@oksbi,Paytm Payments Bank,672,minimal,2024-09-28 08:00:00
ACC0000533,mbhattacharyya@ybl,Kotak,731,full,2024-07-31 08:00:00
ACC0000534,dubeyjhanvi@okicici,Paytm Payments Bank,1806,full,2021-08-21 08:00:00
ACC0000535,yrout@okicici,PNB,534,full,2025-02-13 08:00:00
ACC0000536,gokul81@okicici,Axis,639,full,2024-10-31 08:00:00
ACC0000537,xkumar@okicici,Paytm Payments Bank,1031,full,2023-10-05 08:00:00
ACC0000538,gollasahil@okicici,PNB,1942,full,2021-04-07 08:00:00
ACC0000539,lakshitgarde@ybl,BOB,1415,minimal,2022-09-16 08:00:00
ACC0000540,ochar@okicici,ICICI,838,full,2024-04-15 08:00:00
ACC0000541,indransbarad@okhdfcbank,Kotak,619,minimal,2024-11-20 08:00:00
ACC0000542,vedika18@okicici,Paytm Payments Bank,1373,full,2022-10-28 08:00:00
ACC0000543,sahotashayak@ybl,PNB,1725,minimal,2021-11-10 08:00:00
ACC0000544,kimayaguha@okicici,ICICI,1455,full,2022-08-07 08:00:00
ACC0000545,ishaanchana@ybl,Axis,1547,full,2022-05-07 08:00:00
ACC0000546,sairakanda@ybl,Axis,1401,full,2022-09-30 08:00:00
ACC0000547,jhatejas@okhdfcbank,BOB,137,full,2026-03-17 08:00:00
ACC0000548,ahana-ramaswamy@okhdfcbank,ICICI,997,full,2023-11-08 08:00:00
ACC0000549,suhana73@oksbi,BOB,1157,full,2023-06-01 08:00:00
ACC0000550,sahiltailor@okaxis,Paytm Payments Bank,1833,full,2021-07-25 08:00:00
ACC0000551,mzacharia@okicici,Kotak,1578,full,2022-04-06 08:00:00
ACC0000552,parinaaz97@okhdfcbank,Axis,151,full,2026-03-03 08:00:00
ACC0000553,ssodhi@okhdfcbank,ICICI,1510,full,2022-06-13 08:00:00
ACC0000554,hkrishnamurthy@oksbi,SBI,1745,none,2021-10-21 08:00:00
ACC0000555,mbuch@okaxis,ICICI,843,minimal,2024-04-10 08:00:00
ACC0000556,ojasbal@okicici,SBI,2000,full,2021-02-08 08:00:00
ACC0000557,xvohra@ybl,HDFC,1193,minimal,2023-04-26 08:00:00
ACC0000558,sawhneyela@okicici,Paytm Payments Bank,716,none,2024-08-15 08:00:00
ACC0000559,dhardharmajan@ybl,Paytm Payments Bank,1142,minimal,2023-06-16 08:00:00
ACC0000560,purabkar@ybl,Paytm Payments Bank,304,full,2025-10-01 08:00:00
ACC0000561,adirabath@okhdfcbank,Kotak,1686,full,2021-12-19 08:00:00
ACC0000562,alishawagle@okicici,ICICI,969,full,2023-12-06 08:00:00
ACC0000563,anay60@okicici,Axis,720,full,2024-08-11 08:00:00
ACC0000564,xkrishnamurthy@okaxis,BOB,1783,full,2021-09-13 08:00:00
ACC0000565,veerbaria@okaxis,HDFC,207,full,2026-01-06 08:00:00
ACC0000566,mamooty05@okaxis,Kotak,317,minimal,2025-09-18 08:00:00
ACC0000567,tripathiriya@okicici,BOB,43,full,2026-06-19 08:00:00
ACC0000568,vritika22@okicici,Kotak,1573,full,2022-04-11 08:00:00
ACC0000569,dharanaya@ybl,SBI,1510,full,2022-06-13 08:00:00
ACC0000570,tarasastry@oksbi,SBI,766,full,2024-06-26 08:00:00
ACC0000571,nkapur@okicici,ICICI,983,full,2023-11-22 08:00:00
ACC0000572,zachariahdhanush@okicici,HDFC,1059,full,2023-09-07 08:00:00
ACC0000573,davemadhav@okicici,Kotak,1956,full,2021-03-24 08:00:00
ACC0000574,iraseth@oksbi,Paytm Payments Bank,478,full,2025-04-10 08:00:00
ACC0000575,xbhakta@ybl,Kotak,1561,full,2022-04-23 08:00:00
ACC0000576,miraan41@okaxis,Axis,1154,minimal,2023-06-04 08:00:00
ACC0000577,daraaina@ybl,HDFC,1423,full,2022-09-08 08:00:00
ACC0000578,hbalay@okicici,HDFC,1111,minimal,2023-07-17 08:00:00
ACC0000579,iraju@okhdfcbank,Axis,259,full,2025-11-15 08:00:00
ACC0000580,ravaldrishya@oksbi,Kotak,336,minimal,2025-08-30 08:00:00
ACC0000581,saanvibora@okhdfcbank,Axis,934,full,2024-01-10 08:00:00
ACC0000582,aaryahi09@okhdfcbank,Paytm Payments Bank,1031,minimal,2023-10-05 08:00:00
ACC0000583,nakul96@oksbi,BOB,958,full,2023-12-17 08:00:00
ACC0000584,nityasami@ybl,Paytm Payments Bank,148,full,2026-03-06 08:00:00
ACC0000585,lalataran@okhdfcbank,BOB,661,full,2024-10-09 08:00:00
ACC0000586,lallinaaya@oksbi,HDFC,36,full,2026-06-26 08:00:00
ACC0000587,hayeranaya@okhdfcbank,SBI,735,minimal,2024-07-27 08:00:00
ACC0000588,ravividur@okaxis,SBI,171,full,2026-02-11 08:00:00
ACC0000589,ojas05@oksbi,BOB,398,full,2025-06-29 08:00:00
ACC0000590,geranakul@okaxis,Paytm Payments Bank,1855,minimal,2021-07-03 08:00:00
ACC0000591,somkavya@okaxis,BOB,1887,full,2021-06-01 08:00:00
ACC0000592,himmat05@ybl,ICICI,1385,full,2022-10-16 08:00:00
ACC0000593,nayantara27@okhdfcbank,ICICI,742,none,2024-07-20 08:00:00
ACC0000594,lraval@ybl,ICICI,834,full,2024-04-19 08:00:00
ACC0000595,chiragsehgal@okhdfcbank,SBI,486,none,2025-04-02 08:00:00
ACC0000596,sbadami@ybl,BOB,978,full,2023-11-27 08:00:00
ACC0000597,azadsule@oksbi,Axis,1716,full,2021-11-19 08:00:00
ACC0000598,arnavdugar@okicici,Axis,347,minimal,2025-08-19 08:00:00
ACC0000599,drishya68@okhdfcbank,SBI,1514,minimal,2022-06-09 08:00:00
ACC0000600,cdate@ybl,SBI,888,full,2024-02-25 08:00:00
ACC0000601,reyanshgokhale@okhdfcbank,SBI,167,full,2026-02-15 08:00:00
ACC0000602,vermaneysa@okhdfcbank,Axis,1406,full,2022-09-25 08:00:00
ACC0000603,purab15@okaxis,Axis,853,full,2024-03-31 08:00:00
ACC0000604,zwalia@okhdfcbank,ICICI,1574,full,2022-04-10 08:00:00
ACC0000605,ywason@oksbi,Kotak,622,full,2024-11-17 08:00:00
ACC0000606,kabir77@okicici,Axis,1612,full,2022-03-03 08:00:00
ACC0000607,yasmin84@ybl,Axis,323,full,2025-09-12 08:00:00
ACC0000608,sethaarna@okhdfcbank,ICICI,593,full,2024-12-16 08:00:00
ACC0000609,kalelavanya@ybl,Paytm Payments Bank,904,full,2024-02-09 08:00:00
ACC0000610,inaaya-din@okaxis,Kotak,735,full,2024-07-27 08:00:00
ACC0000611,ehsaan15@oksbi,PNB,866,full,2024-03-18 08:00:00
ACC0000612,ryan79@ybl,Paytm Payments Bank,1575,full,2022-04-09 08:00:00
ACC0000613,schacko@okicici,ICICI,491,minimal,2025-03-28 08:00:00
ACC0000614,cgill@okhdfcbank,BOB,1903,none,2021-05-16 08:00:00
ACC0000615,sethsumer@ybl,ICICI,1171,full,2023-05-18 08:00:00
ACC0000616,odevan@oksbi,Kotak,552,full,2025-01-26 08:00:00
ACC0000617,baradoorja@okaxis,Kotak,1918,full,2021-05-01 08:00:00
ACC0000618,ggopal@oksbi,SBI,1513,full,2022-06-10 08:00:00
ACC0000619,aniruddhbora@ybl,SBI,1409,minimal,2022-09-22 08:00:00
ACC0000620,ibadal@ybl,Axis,415,full,2025-06-12 08:00:00
ACC0000621,dalalvanya@okicici,PNB,1810,none,2021-08-17 08:00:00
ACC0000622,taran69@oksbi,Axis,61,none,2026-06-01 08:00:00
ACC0000623,ramakrishnanindrans@okaxis,Axis,270,full,2025-11-04 08:00:00
ACC0000624,xgoyal@oksbi,BOB,1471,minimal,2022-07-22 08:00:00
ACC0000625,esingh@okicici,PNB,1160,full,2023-05-29 08:00:00
ACC0000626,evagoswami@okicici,PNB,1122,full,2023-07-06 08:00:00
ACC0000627,pdugar@okaxis,Paytm Payments Bank,1080,full,2023-08-17 08:00:00
ACC0000628,nishith10@okaxis,Kotak,1509,minimal,2022-06-14 08:00:00
ACC0000629,charvilad@okicici,BOB,789,full,2024-06-03 08:00:00
ACC0000630,hmand@oksbi,ICICI,1799,full,2021-08-28 08:00:00
ACC0000631,urvi47@ybl,BOB,1163,full,2023-05-26 08:00:00
ACC0000632,manjaridhar@okicici,Axis,431,full,2025-05-27 08:00:00
ACC0000633,hchaudhry@oksbi,Paytm Payments Bank,1736,full,2021-10-30 08:00:00
ACC0000634,devanshkara@okicici,PNB,1962,minimal,2021-03-18 08:00:00
ACC0000635,riyakapadia@okaxis,Paytm Payments Bank,1030,full,2023-10-06 08:00:00
ACC0000636,tailorpihu@okicici,ICICI,1658,full,2022-01-16 08:00:00
ACC0000637,nitya51@okaxis,ICICI,1149,minimal,2023-06-09 08:00:00
ACC0000638,rohan22@okhdfcbank,SBI,1140,minimal,2023-06-18 08:00:00
ACC0000639,diya31@okhdfcbank,SBI,182,full,2026-01-31 08:00:00
ACC0000640,vritikaboase@oksbi,HDFC,1755,full,2021-10-11 08:00:00
ACC0000641,vritikakoshy@oksbi,Paytm Payments Bank,48,full,2026-06-14 08:00:00
ACC0000642,goleishita@ybl,Paytm Payments Bank,1295,full,2023-01-14 08:00:00
ACC0000643,anahita82@okhdfcbank,BOB,62,full,2026-05-31 08:00:00
ACC0000644,balisahil@okicici,PNB,1114,full,2023-07-14 08:00:00
ACC0000645,usekhon@okaxis,ICICI,1695,full,2021-12-10 08:00:00
ACC0000646,alall@ybl,ICICI,227,full,2025-12-17 08:00:00
ACC0000647,ktata@ybl,PNB,1299,minimal,2023-01-10 08:00:00
ACC0000648,bhatnagarsamar@okaxis,HDFC,577,full,2025-01-01 08:00:00
ACC0000649,karanahita@okaxis,Axis,861,none,2024-03-23 08:00:00
ACC0000650,gokul89@okicici,HDFC,492,full,2025-03-27 08:00:00
ACC0000651,tiyabhattacharyya@okhdfcbank,HDFC,1787,full,2021-09-09 08:00:00
ACC0000652,dkrishnamurthy@ybl,Paytm Payments Bank,802,full,2024-05-21 08:00:00
ACC0000653,ladindrans@oksbi,HDFC,49,full,2026-06-13 08:00:00
ACC0000654,ivan25@okicici,HDFC,918,minimal,2024-01-26 08:00:00
ACC0000655,shraylad@okhdfcbank,Axis,1912,full,2021-05-07 08:00:00
ACC0000656,dhanush43@ybl,Paytm Payments Bank,1807,full,2021-08-20 08:00:00
ACC0000657,gokul49@okhdfcbank,PNB,1922,minimal,2021-04-27 08:00:00
ACC0000658,krishnamurthynayantara@okhdfcbank,ICICI,1184,minimal,2023-05-05 08:00:00
ACC0000659,kiaramannan@okhdfcbank,Axis,674,full,2024-09-26 08:00:00
ACC0000660,jayansahni@okaxis,HDFC,1570,full,2022-04-14 08:00:00
ACC0000661,jivika00@oksbi,BOB,1184,full,2023-05-05 08:00:00
ACC0000662,bajajnayantara@okicici,BOB,1137,minimal,2023-06-21 08:00:00
ACC0000663,nehmat39@okhdfcbank,Kotak,316,full,2025-09-19 08:00:00
ACC0000664,oranganathan@oksbi,HDFC,925,full,2024-01-19 08:00:00
ACC0000665,kotharimishti@ybl,BOB,1604,none,2022-03-11 08:00:00
ACC0000666,nayantara47@okhdfcbank,PNB,698,minimal,2024-09-02 08:00:00
ACC0000667,zaraswamy@okaxis,Axis,952,full,2023-12-23 08:00:00
ACC0000668,ddixit@okaxis,BOB,1957,full,2021-03-23 08:00:00
ACC0000669,sankaranbiju@okaxis,HDFC,1229,minimal,2023-03-21 08:00:00
ACC0000670,advikajohal@oksbi,HDFC,634,full,2024-11-05 08:00:00
ACC0000671,nkata@okaxis,ICICI,345,full,2025-08-21 08:00:00
ACC0000672,mahika25@okicici,HDFC,678,full,2024-09-22 08:00:00
ACC0000673,sana56@okicici,Paytm Payments Bank,1961,full,2021-03-19 08:00:00
ACC0000674,taragoyal@okhdfcbank,ICICI,582,full,2024-12-27 08:00:00
ACC0000675,duttanakul@okaxis,BOB,912,full,2024-02-01 08:00:00
ACC0000676,rbhat@okicici,HDFC,213,full,2025-12-31 08:00:00
ACC0000677,jdasgupta@okicici,BOB,1636,full,2022-02-07 08:00:00
ACC0000678,bakshiriaan@okaxis,HDFC,877,full,2024-03-07 08:00:00
ACC0000679,nvenkatesh@oksbi,ICICI,1175,full,2023-05-14 08:00:00
ACC0000680,kdash@oksbi,PNB,377,full,2025-07-20 08:00:00
ACC0000681,kashvi53@oksbi,HDFC,1039,full,2023-09-27 08:00:00
ACC0000682,charvikurian@okaxis,PNB,595,full,2024-12-14 08:00:00
ACC0000683,tkrish@okicici,PNB,187,minimal,2026-01-26 08:00:00
ACC0000684,fapte@okaxis,Axis,1506,full,2022-06-17 08:00:00
ACC0000685,dkrishnan@okicici,SBI,307,minimal,2025-09-28 08:00:00
ACC0000686,madhavmanne@ybl,BOB,710,minimal,2024-08-21 08:00:00
ACC0000687,badal04@okaxis,Kotak,704,full,2024-08-27 08:00:00
ACC0000688,praju@ybl,ICICI,1716,full,2021-11-19 08:00:00
ACC0000689,idhar@oksbi,Paytm Payments Bank,1265,full,2023-02-13 08:00:00
ACC0000690,vaidyaemir@okicici,PNB,845,full,2024-04-08 08:00:00
ACC0000691,qbhavsar@okaxis,Axis,1326,full,2022-12-14 08:00:00
ACC0000692,tarini65@okaxis,Kotak,604,full,2024-12-05 08:00:00
ACC0000693,iyerbaiju@oksbi,ICICI,1184,full,2023-05-05 08:00:00
ACC0000694,taranmalhotra@okhdfcbank,Paytm Payments Bank,1156,minimal,2023-06-02 08:00:00
ACC0000695,devansh68@okaxis,PNB,459,minimal,2025-04-29 08:00:00
ACC0000696,jsinghal@okaxis,Paytm Payments Bank,171,full,2026-02-11 08:00:00
ACC0000697,misha91@oksbi,PNB,650,full,2024-10-20 08:00:00
ACC0000698,divithegde@okaxis,BOB,1494,full,2022-06-29 08:00:00
ACC0000699,yashvi58@okaxis,BOB,1254,full,2023-02-24 08:00:00
ACC0000700,tanya23@okaxis,SBI,1921,minimal,2021-04-28 08:00:00
ACC0000701,ckrishna@ybl,HDFC,766,full,2024-06-26 08:00:00
ACC0000702,bahlhiran@okicici,ICICI,538,full,2025-02-09 08:00:00
ACC0000703,zaina78@ybl,BOB,120,none,2026-04-03 08:00:00
ACC0000704,mborde@okaxis,HDFC,709,full,2024-08-22 08:00:00
ACC0000705,shaanramesh@oksbi,Axis,559,full,2025-01-19 08:00:00
ACC0000706,ishaan69@okaxis,ICICI,831,full,2024-04-22 08:00:00
ACC0000707,kiara58@okaxis,HDFC,80,full,2026-05-13 08:00:00
ACC0000708,ksathe@okhdfcbank,HDFC,1915,minimal,2021-05-04 08:00:00
ACC0000709,anika05@oksbi,Kotak,1525,full,2022-05-29 08:00:00
ACC0000710,pari16@oksbi,Paytm Payments Bank,962,full,2023-12-13 08:00:00
ACC0000711,yashvi09@okaxis,Paytm Payments Bank,229,full,2025-12-15 08:00:00
ACC0000712,pdeo@okhdfcbank,HDFC,644,full,2024-10-26 08:00:00
ACC0000713,sairabal@okhdfcbank,ICICI,732,minimal,2024-07-30 08:00:00
ACC0000714,hchada@oksbi,ICICI,1546,full,2022-05-08 08:00:00
ACC0000715,rborah@ybl,BOB,707,none,2024-08-24 08:00:00
ACC0000716,arhaanmangat@okaxis,ICICI,504,full,2025-03-15 08:00:00
ACC0000717,chandranadvik@okaxis,BOB,1376,full,2022-10-25 08:00:00
ACC0000718,adugar@oksbi,Paytm Payments Bank,1287,full,2023-01-22 08:00:00
ACC0000719,zainsant@okhdfcbank,Axis,826,full,2024-04-27 08:00:00
ACC0000720,zainkrishna@okhdfcbank,HDFC,1570,minimal,2022-04-14 08:00:00
ACC0000721,vviswanathan@oksbi,Kotak,1129,full,2023-06-29 08:00:00
ACC0000722,sastryhiran@okhdfcbank,PNB,967,full,2023-12-08 08:00:00
ACC0000723,jhanvigaba@ybl,Kotak,1032,full,2023-10-04 08:00:00
ACC0000724,ylall@okaxis,HDFC,1281,full,2023-01-28 08:00:00
ACC0000725,jayant78@okaxis,ICICI,1761,minimal,2021-10-05 08:00:00
ACC0000726,inaaya-54@okicici,HDFC,1475,full,2022-07-18 08:00:00
ACC0000727,pchar@okhdfcbank,Axis,671,full,2024-09-29 08:00:00
ACC0000728,ivana43@okicici,ICICI,404,full,2025-06-23 08:00:00
ACC0000729,trisha43@ybl,ICICI,886,full,2024-02-27 08:00:00
ACC0000730,edutt@oksbi,Paytm Payments Bank,896,full,2024-02-17 08:00:00
ACC0000731,jhanvi44@oksbi,ICICI,1450,full,2022-08-12 08:00:00
ACC0000732,mangatparinaaz@oksbi,Kotak,317,minimal,2025-09-18 08:00:00
ACC0000733,zwason@okhdfcbank,Kotak,1298,none,2023-01-11 08:00:00
ACC0000734,trisha24@oksbi,Axis,1022,minimal,2023-10-14 08:00:00
ACC0000735,dhawanriya@ybl,Paytm Payments Bank,1180,full,2023-05-09 08:00:00
ACC0000736,ghoseahana@okaxis,Paytm Payments Bank,1037,full,2023-09-29 08:00:00
ACC0000737,siya73@ybl,SBI,199,minimal,2026-01-14 08:00:00
ACC0000738,heerdeshmukh@okicici,SBI,481,full,2025-04-07 08:00:00
ACC0000739,hiran19@okicici,ICICI,1131,minimal,2023-06-27 08:00:00
ACC0000740,nirvaanbakshi@okaxis,HDFC,1188,full,2023-05-01 08:00:00
ACC0000741,navyadada@ybl,Kotak,578,full,2024-12-31 08:00:00
ACC0000742,bedizain@okhdfcbank,Paytm Payments Bank,1579,full,2022-04-05 08:00:00
ACC0000743,saanvi71@okhdfcbank,Axis,900,full,2024-02-13 08:00:00
ACC0000744,aarushmaharaj@okaxis,PNB,96,full,2026-04-27 08:00:00
ACC0000745,yuvraj-sachdeva@okhdfcbank,Paytm Payments Bank,1702,minimal,2021-12-03 08:00:00
ACC0000746,pkhare@oksbi,Axis,270,minimal,2025-11-04 08:00:00
ACC0000747,tanyadhawan@okicici,BOB,1234,full,2023-03-16 08:00:00
ACC0000748,reyansh01@oksbi,Axis,315,minimal,2025-09-20 08:00:00
ACC0000749,hazelshankar@okicici,PNB,1197,full,2023-04-22 08:00:00
ACC0000750,chahalzeeshan@okicici,PNB,374,full,2025-07-23 08:00:00
ACC0000751,armaantoor@ybl,HDFC,577,full,2025-01-01 08:00:00
ACC0000752,fsubramaniam@okaxis,SBI,1566,none,2022-04-18 08:00:00
ACC0000753,siyaviswanathan@oksbi,ICICI,1805,full,2021-08-22 08:00:00
ACC0000754,armaan04@okicici,Axis,1486,minimal,2022-07-07 08:00:00
ACC0000755,ganeshraunak@okaxis,Paytm Payments Bank,1414,full,2022-09-17 08:00:00
ACC0000756,irege@okicici,BOB,1325,full,2022-12-15 08:00:00
ACC0000757,iwalia@okhdfcbank,BOB,184,full,2026-01-29 08:00:00
ACC0000758,mdeshpande@okicici,Paytm Payments Bank,599,none,2024-12-10 08:00:00
ACC0000759,gandhiishaan@ybl,SBI,700,minimal,2024-08-31 08:00:00
ACC0000760,qsabharwal@okhdfcbank,Paytm Payments Bank,1764,full,2021-10-02 08:00:00
ACC0000761,abramshan@okicici,HDFC,1458,minimal,2022-08-04 08:00:00
ACC0000762,vritika49@oksbi,BOB,844,minimal,2024-04-09 08:00:00
ACC0000763,jayantramaswamy@okicici,Kotak,1043,minimal,2023-09-23 08:00:00
ACC0000764,bthaker@ybl,ICICI,721,full,2024-08-10 08:00:00
ACC0000765,dhruv61@okicici,SBI,1023,full,2023-10-13 08:00:00
ACC0000766,hirankhare@okaxis,SBI,1312,full,2022-12-28 08:00:00
ACC0000767,nishith04@oksbi,Paytm Payments Bank,1786,full,2021-09-10 08:00:00
ACC0000768,cdalal@okaxis,Axis,1992,none,2021-02-16 08:00:00
ACC0000769,shalv49@oksbi,PNB,1892,full,2021-05-27 08:00:00
ACC0000770,deneysa@okicici,HDFC,1940,full,2021-04-09 08:00:00
ACC0000771,rania30@okhdfcbank,Kotak,542,full,2025-02-05 08:00:00
ACC0000772,kaulryan@oksbi,SBI,1358,full,2022-11-12 08:00:00
ACC0000773,yuvaansankar@oksbi,BOB,655,full,2024-10-15 08:00:00
ACC0000774,prisha14@okhdfcbank,SBI,1471,full,2022-07-22 08:00:00
ACC0000775,mannat33@oksbi,Axis,189,full,2026-01-24 08:00:00
ACC0000776,anvibose@okhdfcbank,SBI,941,full,2024-01-03 08:00:00
ACC0000777,mshenoy@okhdfcbank,BOB,1703,full,2021-12-02 08:00:00
ACC0000778,zeeshan87@okhdfcbank,Axis,1008,full,2023-10-28 08:00:00
ACC0000779,tarinidasgupta@okhdfcbank,HDFC,1526,full,2022-05-28 08:00:00
ACC0000780,lallalia@okicici,ICICI,1834,full,2021-07-24 08:00:00
ACC0000781,dhanuk91@oksbi,ICICI,1695,full,2021-12-10 08:00:00
ACC0000782,thakkarira@okhdfcbank,ICICI,1183,full,2023-05-06 08:00:00
ACC0000783,kairaloyal@oksbi,ICICI,1509,minimal,2022-06-14 08:00:00
ACC0000784,ivangade@okaxis,Axis,1291,full,2023-01-18 08:00:00
ACC0000785,rbhardwaj@oksbi,HDFC,235,full,2025-12-09 08:00:00
ACC0000786,saanvimanne@okicici,BOB,816,full,2024-05-07 08:00:00
ACC0000787,gbath@oksbi,PNB,316,full,2025-09-19 08:00:00
ACC0000788,dtailor@ybl,PNB,538,minimal,2025-02-09 08:00:00
ACC0000789,gbhatti@okhdfcbank,PNB,1444,full,2022-08-18 08:00:00
ACC0000790,kkari@ybl,Axis,1272,full,2023-02-06 08:00:00
ACC0000791,mammenanahi@okhdfcbank,Axis,635,full,2024-11-04 08:00:00
ACC0000792,samaira06@oksbi,Paytm Payments Bank,260,full,2025-11-14 08:00:00
ACC0000793,aarav39@ybl,SBI,175,none,2026-02-07 08:00:00
ACC0000794,bajajaarna@okicici,ICICI,1942,full,2021-04-07 08:00:00
ACC0000795,rati18@ybl,BOB,1748,full,2021-10-18 08:00:00
ACC0000796,warriordarshit@oksbi,Paytm Payments Bank,1428,none,2022-09-03 08:00:00
ACC0000797,sbabu@okhdfcbank,SBI,1607,full,2022-03-08 08:00:00
ACC0000798,xchana@okicici,Axis,58,full,2026-06-04 08:00:00
ACC0000799,tiyarege@okaxis,PNB,153,full,2026-03-01 08:00:00
ACC0000800,ygrover@okaxis,BOB,1056,full,2023-09-10 08:00:00
ACC0000801,yvirk@ybl,ICICI,198,full,2026-01-15 08:00:00
ACC0000802,rbaria@okhdfcbank,Axis,664,none,2024-10-06 08:00:00
ACC0000803,neysavasa@ybl,Kotak,348,full,2025-08-18 08:00:00
ACC0000804,fateh28@okhdfcbank,PNB,1329,full,2022-12-11 08:00:00
ACC0000805,ilalla@oksbi,SBI,1524,full,2022-05-30 08:00:00
ACC0000806,aaravshukla@okaxis,HDFC,1923,full,2021-04-26 08:00:00
ACC0000807,dixitanahi@okhdfcbank,PNB,1276,full,2023-02-02 08:00:00
ACC0000808,ylata@oksbi,HDFC,1377,full,2022-10-24 08:00:00
ACC0000809,nishithkarpe@okhdfcbank,ICICI,311,full,2025-09-24 08:00:00
ACC0000810,indrans43@ybl,PNB,740,full,2024-07-22 08:00:00
ACC0000811,babuzoya@okicici,HDFC,289,minimal,2025-10-16 08:00:00
ACC0000812,xrana@okicici,BOB,90,full,2026-05-03 08:00:00
ACC0000813,daralagan@okicici,HDFC,160,full,2026-02-22 08:00:00
ACC0000814,bedikimaya@okicici,SBI,1076,full,2023-08-21 08:00:00
ACC0000815,kapoorkismat@oksbi,Kotak,1190,full,2023-04-29 08:00:00
ACC0000816,dasseher@okhdfcbank,HDFC,1613,full,2022-03-02 08:00:00
ACC0000817,iyeradvika@okhdfcbank,SBI,1072,minimal,2023-08-25 08:00:00
ACC0000818,hrishitachopra@oksbi,SBI,55,full,2026-06-07 08:00:00
ACC0000819,boasedamini@oksbi,ICICI,814,minimal,2024-05-09 08:00:00
ACC0000820,mehul95@okhdfcbank,BOB,1786,full,2021-09-10 08:00:00
ACC0000821,miraan42@okaxis,Kotak,538,full,2025-02-09 08:00:00
ACC0000822,zaindoctor@ybl,Kotak,189,full,2026-01-24 08:00:00
ACC0000823,biju89@okhdfcbank,ICICI,1408,full,2022-09-23 08:00:00
ACC0000824,mishtisane@okhdfcbank,BOB,1086,full,2023-08-11 08:00:00
ACC0000825,fmall@okicici,PNB,982,full,2023-11-23 08:00:00
ACC0000826,geranayantara@okaxis,SBI,1162,full,2023-05-27 08:00:00
ACC0000827,hsrivastava@ybl,PNB,627,full,2024-11-12 08:00:00
ACC0000828,rasha66@okaxis,Kotak,526,full,2025-02-21 08:00:00
ACC0000829,rohanguha@oksbi,Axis,1040,full,2023-09-26 08:00:00
ACC0000830,tanyaluthra@okaxis,SBI,1939,full,2021-04-10 08:00:00
ACC0000831,odara@okhdfcbank,Kotak,739,full,2024-07-23 08:00:00
ACC0000832,rhea27@okaxis,PNB,1376,full,2022-10-25 08:00:00
ACC0000833,mandzain@oksbi,BOB,1115,full,2023-07-13 08:00:00
ACC0000834,hmallick@oksbi,PNB,152,full,2026-03-02 08:00:00
ACC0000835,vidurdara@oksbi,BOB,1916,full,2021-05-03 08:00:00
ACC0000836,lagan51@okaxis,HDFC,792,full,2024-05-31 08:00:00
ACC0000837,xvaidya@oksbi,BOB,1065,full,2023-09-01 08:00:00
ACC0000838,loyalsamaira@okhdfcbank,BOB,1192,full,2023-04-27 08:00:00
ACC0000839,baijudesai@oksbi,PNB,297,full,2025-10-08 08:00:00
ACC0000840,msamra@okaxis,Kotak,675,full,2024-09-25 08:00:00
ACC0000841,vohradevansh@oksbi,HDFC,586,minimal,2024-12-23 08:00:00
ACC0000842,zainasidhu@ybl,HDFC,308,full,2025-09-27 08:00:00
ACC0000843,anvichawla@okaxis,Paytm Payments Bank,366,full,2025-07-31 08:00:00
ACC0000844,romil03@ybl,Kotak,277,none,2025-10-28 08:00:00
ACC0000845,seherbhargava@okaxis,PNB,455,full,2025-05-03 08:00:00
ACC0000846,sdara@okhdfcbank,HDFC,1775,full,2021-09-21 08:00:00
ACC0000847,vivaandar@okicici,SBI,1435,full,2022-08-27 08:00:00
ACC0000848,urvi46@okicici,ICICI,1784,full,2021-09-12 08:00:00
ACC0000849,ploke@okicici,BOB,538,full,2025-02-09 08:00:00
ACC0000850,ryan45@okicici,PNB,1416,minimal,2022-09-15 08:00:00
ACC0000851,gkaul@okhdfcbank,BOB,386,minimal,2025-07-11 08:00:00
ACC0000852,usidhu@ybl,Axis,1168,full,2023-05-21 08:00:00
ACC0000853,tushardugar@oksbi,HDFC,238,full,2025-12-06 08:00:00
ACC0000854,kbajaj@oksbi,ICICI,1730,full,2021-11-05 08:00:00
ACC0000855,seherbora@okicici,HDFC,850,full,2024-04-03 08:00:00
ACC0000856,deishita@okhdfcbank,SBI,560,none,2025-01-18 08:00:00
ACC0000857,jdivan@okaxis,ICICI,434,full,2025-05-24 08:00:00
ACC0000858,shalvcontractor@okicici,HDFC,1765,full,2021-10-01 08:00:00
ACC0000859,pmane@okhdfcbank,ICICI,974,minimal,2023-12-01 08:00:00
ACC0000860,pmaharaj@okaxis,Paytm Payments Bank,917,full,2024-01-27 08:00:00
ACC0000861,onkar77@okaxis,ICICI,1429,full,2022-09-02 08:00:00
ACC0000862,uchad@oksbi,PNB,1890,full,2021-05-29 08:00:00
ACC0000863,jayan28@oksbi,SBI,1839,full,2021-07-19 08:00:00
ACC0000864,ichanda@oksbi,PNB,1293,full,2023-01-16 08:00:00
ACC0000865,lalaarhaan@ybl,Paytm Payments Bank,1837,full,2021-07-21 08:00:00
ACC0000866,tanejaoorja@okaxis,ICICI,602,full,2024-12-07 08:00:00
ACC0000867,singhalaarush@ybl,Axis,1346,full,2022-11-24 08:00:00
ACC0000868,obiswas@ybl,SBI,1672,none,2022-01-02 08:00:00
ACC0000869,darshitsathe@okicici,Paytm Payments Bank,1631,full,2022-02-12 08:00:00
ACC0000870,aayushchopra@okicici,Kotak,1022,full,2023-10-14 08:00:00
ACC0000871,dgrover@okhdfcbank,Kotak,398,full,2025-06-29 08:00:00
ACC0000872,fsahni@okicici,SBI,90,minimal,2026-05-03 08:00:00
ACC0000873,aggarwalhazel@ybl,Kotak,996,minimal,2023-11-09 08:00:00
ACC0000874,bahuja@oksbi,HDFC,506,full,2025-03-13 08:00:00
ACC0000875,heer40@okicici,SBI,523,minimal,2025-02-24 08:00:00
ACC0000876,lswaminathan@oksbi,BOB,1971,full,2021-03-09 08:00:00
ACC0000877,bavaeshani@oksbi,ICICI,1748,full,2021-10-18 08:00:00
ACC0000878,nakulchar@okicici,SBI,681,full,2024-09-19 08:00:00
ACC0000879,sumer46@ybl,ICICI,750,full,2024-07-12 08:00:00
ACC0000880,groveryuvaan@okaxis,PNB,415,full,2025-06-12 08:00:00
ACC0000881,pmandal@okhdfcbank,SBI,107,full,2026-04-16 08:00:00
ACC0000882,rohansani@okhdfcbank,Paytm Payments Bank,478,full,2025-04-10 08:00:00
ACC0000883,sachdevanehmat@ybl,Axis,1909,minimal,2021-05-10 08:00:00
ACC0000884,batrayuvaan@oksbi,Kotak,727,full,2024-08-04 08:00:00
ACC0000885,jgulati@ybl,ICICI,332,minimal,2025-09-03 08:00:00
ACC0000886,obala@ybl,Kotak,1763,none,2021-10-03 08:00:00
ACC0000887,sarnajayan@okaxis,HDFC,795,full,2024-05-28 08:00:00
ACC0000888,krishadira@oksbi,ICICI,690,full,2024-09-10 08:00:00
ACC0000889,jivika18@okaxis,Kotak,924,full,2024-01-20 08:00:00
ACC0000890,contractorlakshit@ybl,Kotak,1180,full,2023-05-09 08:00:00
ACC0000891,cdeshmukh@oksbi,BOB,1236,full,2023-03-14 08:00:00
ACC0000892,saniranbir@okicici,ICICI,1440,full,2022-08-22 08:00:00
ACC0000893,chakrabortysaksham@ybl,BOB,33,minimal,2026-06-29 08:00:00
ACC0000894,chawlakhushi@ybl,SBI,1608,full,2022-03-07 08:00:00
ACC0000895,suhanatara@ybl,Axis,681,full,2024-09-19 08:00:00
ACC0000896,tbarad@okaxis,ICICI,243,full,2025-12-01 08:00:00
ACC0000897,jivikadara@oksbi,Kotak,189,none,2026-01-24 08:00:00
ACC0000898,isandhu@okhdfcbank,Kotak,373,full,2025-07-24 08:00:00
ACC0000899,veer21@oksbi,Axis,573,full,2025-01-05 08:00:00
ACC0000900,baiju16@okicici,HDFC,747,full,2024-07-15 08:00:00
ACC0000901,dhanukgarde@okaxis,Paytm Payments Bank,128,full,2026-03-26 08:00:00
ACC0000902,usoman@okaxis,Paytm Payments Bank,370,minimal,2025-07-27 08:00:00
ACC0000903,ravelpurab@ybl,BOB,749,full,2024-07-13 08:00:00
ACC0000904,okorpal@ybl,Axis,1011,full,2023-10-25 08:00:00
ACC0000905,ishita66@okhdfcbank,PNB,180,full,2026-02-02 08:00:00
ACC0000906,pihumaster@okhdfcbank,HDFC,564,full,2025-01-14 08:00:00
ACC0000907,xbasak@okaxis,ICICI,1848,full,2021-07-10 08:00:00
ACC0000908,yasmin31@okhdfcbank,Kotak,1150,full,2023-06-08 08:00:00
ACC0000909,desaiindrans@okaxis,SBI,1286,full,2023-01-23 08:00:00
ACC0000910,ysawhney@oksbi,BOB,1368,full,2022-11-02 08:00:00
ACC0000911,seherhayer@okicici,Axis,237,none,2025-12-07 08:00:00
ACC0000912,taran11@ybl,PNB,868,full,2024-03-16 08:00:00
ACC0000913,dubeahana@oksbi,HDFC,639,full,2024-10-31 08:00:00
ACC0000914,tara41@ybl,Paytm Payments Bank,1200,full,2023-04-19 08:00:00
ACC0000915,dhruvchander@okhdfcbank,BOB,768,full,2024-06-24 08:00:00
ACC0000916,jkapur@ybl,Paytm Payments Bank,1717,full,2021-11-18 08:00:00
ACC0000917,bbehl@oksbi,ICICI,82,full,2026-05-11 08:00:00
ACC0000918,goelishita@okaxis,HDFC,197,full,2026-01-16 08:00:00
ACC0000919,rajukismat@okaxis,Paytm Payments Bank,844,minimal,2024-04-09 08:00:00
ACC0000920,veer04@okhdfcbank,BOB,572,full,2025-01-06 08:00:00
ACC0000921,xhari@okaxis,Kotak,1843,full,2021-07-15 08:00:00
ACC0000922,seshadrijhanvi@okicici,Paytm Payments Bank,121,full,2026-04-02 08:00:00
ACC0000923,kairalad@okicici,SBI,493,full,2025-03-26 08:00:00
ACC0000924,piyagupta@okhdfcbank,HDFC,1456,full,2022-08-06 08:00:00
ACC0000925,hirandesai@ybl,BOB,1685,none,2021-12-20 08:00:00
ACC0000926,priyansh72@oksbi,SBI,1237,minimal,2023-03-13 08:00:00
ACC0000927,chackoadira@ybl,BOB,1706,none,2021-11-29 08:00:00
ACC0000928,aaina47@okaxis,Axis,1437,full,2022-08-25 08:00:00
ACC0000929,goleojas@okaxis,SBI,191,full,2026-01-22 08:00:00
ACC0000930,sairarattan@ybl,ICICI,1874,full,2021-06-14 08:00:00
ACC0000931,nrajan@okaxis,ICICI,1580,minimal,2022-04-04 08:00:00
ACC0000932,amirabera@oksbi,Axis,372,full,2025-07-25 08:00:00
ACC0000933,romilaggarwal@okhdfcbank,BOB,897,full,2024-02-16 08:00:00
ACC0000934,nganesan@oksbi,PNB,1714,full,2021-11-21 08:00:00
ACC0000935,vsuri@okhdfcbank,HDFC,1519,full,2022-06-04 08:00:00
ACC0000936,bganesh@ybl,Kotak,843,minimal,2024-04-10 08:00:00
ACC0000937,rohandyal@okaxis,SBI,1094,minimal,2023-08-03 08:00:00
ACC0000938,anvidugar@ybl,BOB,1306,full,2023-01-03 08:00:00
ACC0000939,vivaandutta@oksbi,HDFC,336,minimal,2025-08-30 08:00:00
ACC0000940,sara79@okhdfcbank,PNB,1182,minimal,2023-05-07 08:00:00
ACC0000941,shaanguha@okicici,BOB,1832,full,2021-07-26 08:00:00
ACC0000942,vedika65@okaxis,Paytm Payments Bank,1371,full,2022-10-30 08:00:00
ACC0000943,mandakrish@okaxis,ICICI,594,full,2024-12-15 08:00:00
ACC0000944,pihusodhi@okaxis,SBI,1424,full,2022-09-07 08:00:00
ACC0000945,sethanahi@okicici,Axis,1830,full,2021-07-28 08:00:00
ACC0000946,advikasur@okicici,Kotak,1003,full,2023-11-02 08:00:00
ACC0000947,rania16@okicici,PNB,1704,full,2021-12-01 08:00:00
ACC0000948,oboase@okhdfcbank,Axis,1036,full,2023-09-30 08:00:00
ACC0000949,nakul42@okaxis,Kotak,1553,full,2022-05-01 08:00:00
ACC0000950,ysubramanian@ybl,HDFC,883,full,2024-03-01 08:00:00
ACC0000951,kapurkismat@okaxis,Paytm Payments Bank,462,minimal,2025-04-26 08:00:00
ACC0000952,zmanne@okicici,SBI,1806,full,2021-08-21 08:00:00
ACC0000953,cmagar@okhdfcbank,PNB,355,full,2025-08-11 08:00:00
ACC0000954,rati89@oksbi,SBI,856,full,2024-03-28 08:00:00
ACC0000955,bhagattiya@oksbi,SBI,1822,full,2021-08-05 08:00:00
ACC0000956,nirvisalvi@okhdfcbank,Kotak,964,full,2023-12-11 08:00:00
ACC0000957,ivan90@okicici,Paytm Payments Bank,591,full,2024-12-18 08:00:00
ACC0000958,vshetty@okhdfcbank,SBI,1331,full,2022-12-09 08:00:00
ACC0000959,abera@ybl,Paytm Payments Bank,1031,full,2023-10-05 08:00:00
ACC0000960,dayalmadhup@okaxis,Kotak,1812,full,2021-08-15 08:00:00
ACC0000961,aliagrover@okicici,HDFC,1745,full,2021-10-21 08:00:00
ACC0000962,xkata@okhdfcbank,ICICI,821,minimal,2024-05-02 08:00:00
ACC0000963,shrayarora@oksbi,Axis,1627,full,2022-02-16 08:00:00
ACC0000964,sben@oksbi,PNB,1417,full,2022-09-14 08:00:00
ACC0000965,hbasak@okhdfcbank,SBI,1081,full,2023-08-16 08:00:00
ACC0000966,stuvandugal@oksbi,SBI,300,full,2025-10-05 08:00:00
ACC0000967,amani38@okicici,PNB,1275,full,2023-02-03 08:00:00
ACC0000968,eghosh@okicici,Paytm Payments Bank,801,full,2024-05-22 08:00:00
ACC0000969,kandasaira@okicici,BOB,985,full,2023-11-20 08:00:00
ACC0000970,edutta@ybl,Kotak,45,full,2026-06-17 08:00:00
ACC0000971,azad10@ybl,PNB,1246,full,2023-03-04 08:00:00
ACC0000972,neelofar12@okaxis,HDFC,251,full,2025-11-23 08:00:00
ACC0000973,elachahal@okicici,PNB,596,full,2024-12-13 08:00:00
ACC0000974,shalvmammen@okicici,Axis,1486,full,2022-07-07 08:00:00
ACC0000975,okashyap@oksbi,SBI,1597,minimal,2022-03-18 08:00:00
ACC0000976,lrau@ybl,BOB,1673,full,2022-01-01 08:00:00
ACC0000977,navyasaha@oksbi,SBI,1424,full,2022-09-07 08:00:00
ACC0000978,bhora@okicici,BOB,635,full,2024-11-04 08:00:00
ACC0000979,alisharajagopalan@okhdfcbank,Axis,1538,full,2022-05-16 08:00:00
ACC0000980,ahayer@oksbi,Paytm Payments Bank,1490,minimal,2022-07-03 08:00:00
ACC0000981,lagandewan@okicici,PNB,1405,minimal,2022-09-26 08:00:00
ACC0000982,maniehsaan@ybl,ICICI,1751,full,2021-10-15 08:00:00
ACC0000983,tejasgaba@oksbi,PNB,994,full,2023-11-11 08:00:00
ACC0000984,amirabhandari@oksbi,Kotak,1174,full,2023-05-15 08:00:00
ACC0000985,oorja78@okicici,Axis,485,full,2025-04-03 08:00:00
ACC0000986,kimaya69@okaxis,Kotak,658,full,2024-10-12 08:00:00
ACC0000987,hraj@okicici,Paytm Payments Bank,1229,minimal,2023-03-21 08:00:00
ACC0000988,sumer79@okhdfcbank,HDFC,993,full,2023-11-12 08:00:00
ACC0000989,parisastry@ybl,HDFC,428,minimal,2025-05-30 08:00:00
ACC0000990,mannat91@ybl,PNB,811,full,2024-05-12 08:00:00
ACC0000991,sakshambhargava@oksbi,ICICI,1813,none,2021-08-14 08:00:00
ACC0000992,ryanbhardwaj@okaxis,Paytm Payments Bank,731,full,2024-07-31 08:00:00
ACC0000993,umangsaran@oksbi,HDFC,1796,full,2021-08-31 08:00:00
ACC0000994,diyahari@oksbi,Kotak,1322,full,2022-12-18 08:00:00
ACC0000995,iraju@okaxis,PNB,39,full,2026-06-23 08:00:00
ACC0000996,lkakar@oksbi,ICICI,1614,full,2022-03-01 08:00:00
ACC0000997,iravi@okhdfcbank,ICICI,1593,full,2022-03-22 08:00:00
ACC0000998,ivanachacko@okaxis,BOB,1327,full,2022-12-13 08:00:00
ACC0000999,idhawan@okaxis,SBI,1007,full,2023-10-29 08:00:00
ACC0001000,sakshamupadhyay@okicici,SBI,438,minimal,2025-05-20 08:00:00
ACC0001001,drao@ybl,Axis,1580,full,2022-04-04 08:00:00
ACC0001002,aayush72@oksbi,Axis,38,full,2026-06-24 08:00:00
ACC0001003,veermand@okicici,ICICI,735,full,2024-07-27 08:00:00
ACC0001004,rjayaraman@ybl,PNB,1060,full,2023-09-06 08:00:00
ACC0001005,tjohal@okhdfcbank,PNB,1717,minimal,2021-11-18 08:00:00
ACC0001006,kkonda@ybl,Kotak,963,full,2023-12-12 08:00:00
ACC0001007,mandalaniruddh@oksbi,Kotak,1436,none,2022-08-26 08:00:00
ACC0001008,riaanbabu@okicici,Axis,1033,full,2023-10-03 08:00:00
ACC0001009,mamooty84@okaxis,SBI,1887,full,2021-06-01 08:00:00
ACC0001010,vanyakarnik@oksbi,Axis,1519,full,2022-06-04 08:00:00
ACC0001011,gmaharaj@ybl,ICICI,1237,full,2023-03-13 08:00:00
ACC0001012,mangatfarhan@okhdfcbank,BOB,1486,minimal,2022-07-07 08:00:00
ACC0001013,urvi85@ybl,SBI,553,full,2025-01-25 08:00:00
ACC0001014,sidhusaira@okhdfcbank,SBI,128,full,2026-03-26 08:00:00
ACC0001015,nmahajan@okaxis,Paytm Payments Bank,267,full,2025-11-07 08:00:00
ACC0001016,vbehl@okicici,Paytm Payments Bank,1150,full,2023-06-08 08:00:00
ACC0001017,rohanvohra@okhdfcbank,PNB,450,full,2025-05-08 08:00:00
ACC0001018,karprerak@ybl,PNB,236,full,2025-12-08 08:00:00
ACC0001019,dhruv71@oksbi,BOB,1465,minimal,2022-07-28 08:00:00
ACC0001020,lakshaytak@ybl,HDFC,244,full,2025-11-30 08:00:00
ACC0001021,rhea96@okhdfcbank,Paytm Payments Bank,1637,full,2022-02-06 08:00:00
ACC0001022,mannatboase@okicici,Axis,439,full,2025-05-19 08:00:00
ACC0001023,laganswaminathan@okicici,ICICI,869,full,2024-03-15 08:00:00
ACC0001024,manestuvan@oksbi,Paytm Payments Bank,1046,full,2023-09-20 08:00:00
ACC0001025,kimaya82@okhdfcbank,HDFC,35,minimal,2026-06-27 08:00:00
ACC0001026,renee44@ybl,Paytm Payments Bank,1740,full,2021-10-26 08:00:00
ACC0001027,drishya12@ybl,HDFC,214,full,2025-12-30 08:00:00
ACC0001028,rbalan@okicici,Axis,237,full,2025-12-07 08:00:00
ACC0001029,rativerma@okicici,Paytm Payments Bank,636,full,2024-11-03 08:00:00
ACC0001030,nishithbora@oksbi,SBI,1695,minimal,2021-12-10 08:00:00
ACC0001031,nishith67@okicici,BOB,767,full,2024-06-25 08:00:00
ACC0001032,kashviraval@okhdfcbank,SBI,224,minimal,2025-12-20 08:00:00
ACC0001033,mishti66@oksbi,Kotak,1388,full,2022-10-13 08:00:00
ACC0001034,obarad@ybl,PNB,926,minimal,2024-01-18 08:00:00
ACC0001035,jaggidrishya@okicici,Kotak,220,full,2025-12-24 08:00:00
ACC0001036,rania57@okaxis,Paytm Payments Bank,850,full,2024-04-03 08:00:00
ACC0001037,lgade@okaxis,BOB,819,full,2024-05-04 08:00:00
ACC0001038,vigurvi@oksbi,HDFC,1662,full,2022-01-12 08:00:00
ACC0001039,settyamira@okhdfcbank,ICICI,1517,full,2022-06-06 08:00:00
ACC0001040,chirag86@ybl,Paytm Payments Bank,1896,minimal,2021-05-23 08:00:00
ACC0001041,aaryahitella@okaxis,ICICI,1419,full,2022-09-12 08:00:00
ACC0001042,bhaminidesai@okicici,SBI,1625,minimal,2022-02-18 08:00:00
ACC0001043,raunak58@oksbi,Paytm Payments Bank,1832,minimal,2021-07-26 08:00:00
ACC0001044,jivikavarkey@okaxis,Paytm Payments Bank,261,full,2025-11-13 08:00:00
ACC0001045,vsubramaniam@okicici,SBI,565,full,2025-01-13 08:00:00
ACC0001046,bajajdivyansh@ybl,Axis,1418,none,2022-09-13 08:00:00
ACC0001047,hanand@okicici,HDFC,1401,full,2022-09-30 08:00:00
ACC0001048,advikakari@oksbi,Paytm Payments Bank,1518,full,2022-06-05 08:00:00
ACC0001049,kalakrish@okaxis,ICICI,1415,minimal,2022-09-16 08:00:00
ACC0001050,nehmatdora@ybl,SBI,1173,full,2023-05-16 08:00:00
ACC0001051,raghavbatra@oksbi,Paytm Payments Bank,1943,minimal,2021-04-06 08:00:00
ACC0001052,ojas15@oksbi,HDFC,1810,minimal,2021-08-17 08:00:00
ACC0001053,baijuhora@oksbi,Kotak,686,none,2024-09-14 08:00:00
ACC0001054,samaira36@ybl,Axis,133,full,2026-03-21 08:00:00
ACC0001055,sarrafdivit@okaxis,Axis,805,full,2024-05-18 08:00:00
ACC0001056,chhabraanvi@ybl,Paytm Payments Bank,939,full,2024-01-05 08:00:00
ACC0001057,bhattikiara@okaxis,Kotak,1050,full,2023-09-16 08:00:00
ACC0001058,elasangha@okhdfcbank,HDFC,1048,full,2023-09-18 08:00:00
ACC0001059,aagrawal@ybl,SBI,103,minimal,2026-04-20 08:00:00
ACC0001060,fateh62@ybl,PNB,1651,minimal,2022-01-23 08:00:00
ACC0001061,obanik@oksbi,Paytm Payments Bank,1181,none,2023-05-08 08:00:00
ACC0001062,ubasu@okhdfcbank,Axis,774,minimal,2024-06-18 08:00:00
ACC0001063,behlsaksham@ybl,Paytm Payments Bank,709,full,2024-08-22 08:00:00
ACC0001064,rohan26@okaxis,HDFC,774,full,2024-06-18 08:00:00
ACC0001065,nayantarasandhu@oksbi,SBI,1379,full,2022-10-22 08:00:00
ACC0001066,darshitlanka@okicici,Kotak,1729,full,2021-11-06 08:00:00
ACC0001067,ramaswamynehmat@oksbi,Paytm Payments Bank,123,full,2026-03-31 08:00:00
ACC0001068,advikagill@okaxis,HDFC,1498,full,2022-06-25 08:00:00
ACC0001069,mishtishere@oksbi,HDFC,431,minimal,2025-05-27 08:00:00
ACC0001070,zainrandhawa@oksbi,Paytm Payments Bank,834,minimal,2024-04-19 08:00:00
ACC0001071,nvasa@okicici,HDFC,420,minimal,2025-06-07 08:00:00
ACC0001072,yadavdivyansh@ybl,HDFC,125,minimal,2026-03-29 08:00:00
ACC0001073,suhanabhatia@okaxis,ICICI,952,none,2023-12-23 08:00:00
ACC0001074,bgill@ybl,SBI,38,full,2026-06-24 08:00:00
ACC0001075,vritika23@ybl,Paytm Payments Bank,916,minimal,2024-01-28 08:00:00
ACC0001076,neelofar13@oksbi,ICICI,1629,full,2022-02-14 08:00:00
ACC0001077,vanya04@okhdfcbank,BOB,292,full,2025-10-13 08:00:00
ACC0001078,elaraman@okicici,BOB,1271,full,2023-02-07 08:00:00
ACC0001079,siyahayre@oksbi,PNB,1277,full,2023-02-01 08:00:00
ACC0001080,neelofar03@okicici,Paytm Payments Bank,732,minimal,2024-07-30 08:00:00
ACC0001081,hhans@okaxis,PNB,312,minimal,2025-09-23 08:00:00
ACC0001082,charviray@okicici,Axis,1151,full,2023-06-07 08:00:00
ACC0001083,lallaabram@okicici,Kotak,1308,minimal,2023-01-01 08:00:00
ACC0001084,samar26@oksbi,Kotak,301,full,2025-10-04 08:00:00
ACC0001085,igoswami@okicici,Paytm Payments Bank,1588,full,2022-03-27 08:00:00
ACC0001086,tarinikeer@okaxis,PNB,1960,minimal,2021-03-20 08:00:00
ACC0001087,anandkhushi@okhdfcbank,HDFC,895,full,2024-02-18 08:00:00
ACC0001088,ambleprerak@okhdfcbank,SBI,327,full,2025-09-08 08:00:00
ACC0001089,arnavbalan@oksbi,PNB,1566,full,2022-04-18 08:00:00
ACC0001090,skulkarni@okhdfcbank,PNB,329,full,2025-09-06 08:00:00
ACC0001091,skakar@okhdfcbank,Kotak,1138,minimal,2023-06-20 08:00:00
ACC0001092,obarman@ybl,Axis,239,full,2025-12-05 08:00:00
ACC0001093,ranbirbarman@okaxis,Axis,1179,full,2023-05-10 08:00:00
ACC0001094,dhanush83@okicici,SBI,1661,minimal,2022-01-13 08:00:00
ACC0001095,heergade@okaxis,Kotak,823,none,2024-04-30 08:00:00
ACC0001096,oraj@okhdfcbank,PNB,140,full,2026-03-14 08:00:00
ACC0001097,dubeyrasha@okaxis,Axis,1809,minimal,2021-08-18 08:00:00
ACC0001098,psethi@okicici,Axis,1473,minimal,2022-07-20 08:00:00
ACC0001099,dasdhruv@okicici,Paytm Payments Bank,426,full,2025-06-01 08:00:00
ACC0001100,dbhardwaj@okhdfcbank,ICICI,1428,none,2022-09-03 08:00:00
ACC0001101,dubeynitya@ybl,HDFC,1535,full,2022-05-19 08:00:00
ACC0001102,fatehahuja@okicici,PNB,907,full,2024-02-06 08:00:00
ACC0001103,ratiahluwalia@okicici,SBI,1226,full,2023-03-24 08:00:00
ACC0001104,charvighose@oksbi,SBI,1483,full,2022-07-10 08:00:00
ACC0001105,ivan52@ybl,SBI,690,minimal,2024-09-10 08:00:00
ACC0001106,sana10@ybl,PNB,1310,full,2022-12-30 08:00:00
ACC0001107,zara64@ybl,Kotak,1202,full,2023-04-17 08:00:00
ACC0001108,deepriya@okicici,Axis,1479,none,2022-07-14 08:00:00
ACC0001109,kothariamani@okhdfcbank,ICICI,1096,full,2023-08-01 08:00:00
ACC0001110,bhavin79@okaxis,HDFC,1129,full,2023-06-29 08:00:00
ACC0001111,tusharbrar@oksbi,Kotak,1839,full,2021-07-19 08:00:00
ACC0001112,trisha19@oksbi,Paytm Payments Bank,631,none,2024-11-08 08:00:00
ACC0001113,comarseher@okhdfcbank,HDFC,1716,full,2021-11-19 08:00:00
ACC0001114,bainsabram@oksbi,Axis,942,none,2024-01-02 08:00:00
ACC0001115,azadkeer@okicici,BOB,1427,minimal,2022-09-04 08:00:00
ACC0001116,veer22@okhdfcbank,BOB,1965,full,2021-03-15 08:00:00
ACC0001117,malhotrazaina@okicici,SBI,1512,minimal,2022-06-11 08:00:00
ACC0001118,uchoudhury@okicici,Paytm Payments Bank,1713,full,2021-11-22 08:00:00
ACC0001119,zeeshansem@oksbi,Kotak,637,full,2024-11-02 08:00:00
ACC0001120,purab19@okhdfcbank,ICICI,1971,none,2021-03-09 08:00:00
ACC0001121,fateh80@ybl,SBI,1613,full,2022-03-02 08:00:00
ACC0001122,mamootysuri@oksbi,BOB,461,minimal,2025-04-27 08:00:00
ACC0001123,iyerdarshit@ybl,BOB,451,full,2025-05-07 08:00:00
ACC0001124,sverma@okhdfcbank,ICICI,1954,full,2021-03-26 08:00:00
ACC0001125,shaan18@okicici,SBI,1498,full,2022-06-25 08:00:00
ACC0001126,xagrawal@oksbi,PNB,141,full,2026-03-13 08:00:00
ACC0001127,riaanmanda@oksbi,PNB,1207,full,2023-04-12 08:00:00
ACC0001128,seher93@okaxis,BOB,953,full,2023-12-22 08:00:00
ACC0001129,lgour@okhdfcbank,SBI,827,full,2024-04-26 08:00:00
ACC0001130,xsom@okhdfcbank,SBI,1296,full,2023-01-13 08:00:00
ACC0001131,sanayohannan@okicici,HDFC,178,full,2026-02-04 08:00:00
ACC0001132,indrajitaggarwal@okicici,HDFC,1434,full,2022-08-28 08:00:00
ACC0001133,oarora@okaxis,BOB,1927,full,2021-04-22 08:00:00
ACC0001134,myra05@okhdfcbank,Paytm Payments Bank,1383,full,2022-10-18 08:00:00
ACC0001135,sibalnirvi@oksbi,BOB,480,minimal,2025-04-08 08:00:00
ACC0001136,vvala@ybl,PNB,1769,none,2021-09-27 08:00:00
ACC0001137,ehsaan38@okicici,Kotak,325,none,2025-09-10 08:00:00
ACC0001138,aainakorpal@ybl,ICICI,52,full,2026-06-10 08:00:00
ACC0001139,bobalriya@ybl,BOB,40,full,2026-06-22 08:00:00
ACC0001140,divij03@okhdfcbank,PNB,1969,full,2021-03-11 08:00:00
ACC0001141,xsarma@okicici,Axis,1548,full,2022-05-06 08:00:00
ACC0001142,fshenoy@ybl,ICICI,1352,full,2022-11-18 08:00:00
ACC0001143,krishnanhimmat@ybl,PNB,482,full,2025-04-06 08:00:00
ACC0001144,lbarad@ybl,SBI,401,minimal,2025-06-26 08:00:00
ACC0001145,kallanitara@ybl,Paytm Payments Bank,1939,full,2021-04-10 08:00:00
ACC0001146,miraandhingra@okicici,HDFC,179,full,2026-02-03 08:00:00
ACC0001147,saksham65@ybl,Paytm Payments Bank,434,none,2025-05-24 08:00:00
ACC0001148,alisha43@oksbi,Axis,761,full,2024-07-01 08:00:00
ACC0001149,chaudhurihimmat@okhdfcbank,Axis,1298,full,2023-01-11 08:00:00
ACC0001150,brahmbhattemir@okicici,PNB,952,full,2023-12-23 08:00:00
ACC0001151,alishakaul@ybl,Kotak,342,minimal,2025-08-24 08:00:00
ACC0001152,yuvraj-18@okaxis,ICICI,1993,full,2021-02-15 08:00:00
ACC0001153,trisha37@oksbi,BOB,534,full,2025-02-13 08:00:00
ACC0001154,anahi41@oksbi,Kotak,766,minimal,2024-06-26 08:00:00
ACC0001155,brarzara@okaxis,Kotak,977,minimal,2023-11-28 08:00:00
ACC0001156,renee90@ybl,HDFC,1027,full,2023-10-09 08:00:00
ACC0001157,shaanborah@okhdfcbank,PNB,1272,minimal,2023-02-06 08:00:00
ACC0001158,sawhneynishith@ybl,Axis,316,full,2025-09-19 08:00:00
ACC0001159,vivaan80@okhdfcbank,HDFC,1845,minimal,2021-07-13 08:00:00
ACC0001160,pranay20@ybl,SBI,1769,minimal,2021-09-27 08:00:00
ACC0001161,cvarma@okaxis,Axis,1215,minimal,2023-04-04 08:00:00
ACC0001162,divitkashyap@okicici,Paytm Payments Bank,1159,full,2023-05-30 08:00:00
ACC0001163,suriyashvi@okicici,BOB,334,full,2025-09-01 08:00:00
ACC0001164,gatikahuja@ybl,PNB,1611,full,2022-03-04 08:00:00
ACC0001165,thakurvanya@ybl,HDFC,1056,full,2023-09-10 08:00:00
ACC0001166,hanshchaudhary@okhdfcbank,Axis,1058,minimal,2023-09-08 08:00:00
ACC0001167,rgrewal@ybl,ICICI,1681,minimal,2021-12-24 08:00:00
ACC0001168,mannekhushi@okaxis,ICICI,317,full,2025-09-18 08:00:00
ACC0001169,dhanuk01@ybl,ICICI,1972,full,2021-03-08 08:00:00
ACC0001170,neelofarkapadia@okicici,SBI,1020,full,2023-10-16 08:00:00
ACC0001171,divijzachariah@oksbi,HDFC,1028,full,2023-10-08 08:00:00
ACC0001172,gatik07@okhdfcbank,Axis,509,full,2025-03-10 08:00:00
ACC0001173,chadkaira@okicici,BOB,1650,full,2022-01-24 08:00:00
ACC0001174,utara@okhdfcbank,SBI,961,none,2023-12-14 08:00:00
ACC0001175,bkothari@okhdfcbank,PNB,693,minimal,2024-09-07 08:00:00
ACC0001176,bsanghvi@ybl,ICICI,569,full,2025-01-09 08:00:00
ACC0001177,sumerchhabra@okicici,HDFC,805,full,2024-05-18 08:00:00
ACC0001178,raghavdey@oksbi,BOB,800,full,2024-05-23 08:00:00
ACC0001179,jwagle@okicici,Paytm Payments Bank,1807,minimal,2021-08-20 08:00:00
ACC0001180,ranamiraya@ybl,SBI,1846,full,2021-07-12 08:00:00
ACC0001181,neelofardivan@okaxis,ICICI,314,full,2025-09-21 08:00:00
ACC0001182,jjha@okicici,Axis,1083,full,2023-08-14 08:00:00
ACC0001183,fbalasubramanian@okicici,HDFC,352,full,2025-08-14 08:00:00
ACC0001184,veer26@okicici,HDFC,879,full,2024-03-05 08:00:00
ACC0001185,nayantarawagle@okaxis,Axis,1010,full,2023-10-26 08:00:00
ACC0001186,mohanlalsuresh@okaxis,SBI,1355,full,2022-11-15 08:00:00
ACC0001187,haldervardaniya@ybl,ICICI,291,full,2025-10-14 08:00:00
ACC0001188,anvi87@okhdfcbank,ICICI,1079,full,2023-08-18 08:00:00
ACC0001189,jivika85@oksbi,BOB,558,full,2025-01-20 08:00:00
ACC0001190,ldeshmukh@okhdfcbank,PNB,1184,minimal,2023-05-05 08:00:00
ACC0001191,duttakimaya@okaxis,Paytm Payments Bank,473,minimal,2025-04-15 08:00:00
ACC0001192,aniruddhwason@oksbi,BOB,379,full,2025-07-18 08:00:00
ACC0001193,bhavin78@ybl,ICICI,1657,full,2022-01-17 08:00:00
ACC0001194,tiya93@okicici,ICICI,1076,full,2023-08-21 08:00:00
ACC0001195,divyanshdasgupta@okaxis,HDFC,731,full,2024-07-31 08:00:00
ACC0001196,priyanshloke@oksbi,HDFC,819,full,2024-05-04 08:00:00
ACC0001197,singhalmadhup@ybl,BOB,1100,minimal,2023-07-28 08:00:00
ACC0001198,lgoel@okhdfcbank,ICICI,1270,full,2023-02-08 08:00:00
ACC0001199,miraanrajagopalan@ybl,SBI,1289,minimal,2023-01-20 08:00:00
ACC0001200,zara59@ybl,HDFC,1118,full,2023-07-10 08:00:00
ACC0001201,sarrafrati@oksbi,SBI,1380,minimal,2022-10-21 08:00:00
ACC0001202,jiya92@okaxis,BOB,1616,full,2022-02-27 08:00:00
ACC0001203,zoyawadhwa@ybl,BOB,118,full,2026-04-05 08:00:00
ACC0001204,tmadan@okaxis,BOB,1673,full,2022-01-01 08:00:00
ACC0001205,ayeshabahl@ybl,HDFC,1677,full,2021-12-28 08:00:00
ACC0001206,balamehul@okaxis,Axis,551,minimal,2025-01-27 08:00:00
ACC0001207,akarshlall@okicici,BOB,201,full,2026-01-12 08:00:00
ACC0001208,vacharya@okhdfcbank,HDFC,41,full,2026-06-21 08:00:00
ACC0001209,zarabhattacharyya@oksbi,Kotak,798,full,2024-05-25 08:00:00
ACC0001210,saanvi25@oksbi,BOB,248,full,2025-11-26 08:00:00
ACC0001211,aptehunar@okicici,BOB,549,full,2025-01-29 08:00:00
ACC0001212,urvibhakta@okicici,BOB,1283,minimal,2023-01-26 08:00:00
ACC0001213,devansh56@ybl,Paytm Payments Bank,876,full,2024-03-08 08:00:00
ACC0001214,gangulyromil@ybl,Paytm Payments Bank,1175,full,2023-05-14 08:00:00
ACC0001215,himmat26@ybl,Kotak,658,minimal,2024-10-12 08:00:00
ACC0001216,usachar@oksbi,HDFC,845,full,2024-04-08 08:00:00
ACC0001217,rheamand@oksbi,HDFC,944,full,2023-12-31 08:00:00
ACC0001218,mamooty92@okicici,SBI,850,full,2024-04-03 08:00:00
ACC0001219,udube@okhdfcbank,HDFC,1332,minimal,2022-12-08 08:00:00
ACC0001220,gokul20@ybl,BOB,995,full,2023-11-10 08:00:00
ACC0001221,xvarghese@oksbi,Kotak,568,full,2025-01-10 08:00:00
ACC0001222,chandlavanya@okaxis,BOB,107,full,2026-04-16 08:00:00
ACC0001223,zoya93@okicici,SBI,1097,minimal,2023-07-31 08:00:00
ACC0001224,kotharihridaan@oksbi,Paytm Payments Bank,1709,full,2021-11-26 08:00:00
ACC0001225,shanaya13@ybl,PNB,443,full,2025-05-15 08:00:00
ACC0001226,samar21@ybl,Axis,1635,full,2022-02-08 08:00:00
ACC0001227,alia04@okhdfcbank,Kotak,1410,full,2022-09-21 08:00:00
ACC0001228,nishithsaraf@oksbi,HDFC,30,none,2026-07-02 08:00:00
ACC0001229,gillonkar@okaxis,Kotak,1626,full,2022-02-17 08:00:00
ACC0001230,semaarav@ybl,Axis,860,full,2024-03-24 08:00:00
ACC0001231,hansadvika@okhdfcbank,HDFC,1539,full,2022-05-15 08:00:00
ACC0001232,achacko@ybl,Kotak,1517,full,2022-06-06 08:00:00
ACC0001233,ywadhwa@okicici,Axis,1700,full,2021-12-05 08:00:00
ACC0001234,inaaya-61@okaxis,BOB,428,full,2025-05-30 08:00:00
ACC0001235,ksubramaniam@oksbi,BOB,564,full,2025-01-14 08:00:00
ACC0001236,ishaankara@okhdfcbank,PNB,1174,full,2023-05-15 08:00:00
ACC0001237,suraarhaan@ybl,PNB,269,minimal,2025-11-05 08:00:00
ACC0001238,akarsh54@ybl,PNB,1695,full,2021-12-10 08:00:00
ACC0001239,bansalshlok@ybl,Paytm Payments Bank,802,minimal,2024-05-21 08:00:00
ACC0001240,uthkarshbuch@okicici,Paytm Payments Bank,1581,full,2022-04-03 08:00:00
ACC0001241,mahaldivij@ybl,SBI,1866,full,2021-06-22 08:00:00
ACC0001242,kimaya97@okhdfcbank,BOB,558,full,2025-01-20 08:00:00
ACC0001243,kaleneysa@oksbi,Kotak,481,full,2025-04-07 08:00:00
ACC0001244,mahikawalia@ybl,SBI,753,full,2024-07-09 08:00:00
ACC0001245,dbrar@oksbi,PNB,569,full,2025-01-09 08:00:00
ACC0001246,gandhilagan@okicici,HDFC,1409,full,2022-09-22 08:00:00
ACC0001247,yuvraj-sarin@okaxis,Kotak,395,full,2025-07-02 08:00:00
ACC0001248,nitara44@ybl,PNB,1861,full,2021-06-27 08:00:00
ACC0001249,divitbakshi@oksbi,Paytm Payments Bank,1558,full,2022-04-26 08:00:00
ACC0001250,jmangal@oksbi,PNB,510,full,2025-03-09 08:00:00
ACC0001251,dbose@oksbi,Kotak,445,full,2025-05-13 08:00:00
ACC0001252,aarav61@okhdfcbank,HDFC,248,full,2025-11-26 08:00:00
ACC0001253,nitara97@okaxis,SBI,1388,minimal,2022-10-13 08:00:00
ACC0001254,divitarya@okhdfcbank,Paytm Payments Bank,1138,full,2023-06-20 08:00:00
ACC0001255,jayanray@okaxis,PNB,675,full,2024-09-25 08:00:00
ACC0001256,dhanush71@ybl,PNB,1595,full,2022-03-20 08:00:00
ACC0001257,vardaniya67@ybl,ICICI,1566,full,2022-04-18 08:00:00
ACC0001258,qwason@okaxis,Paytm Payments Bank,1666,minimal,2022-01-08 08:00:00
ACC0001259,divij86@ybl,Kotak,96,full,2026-04-27 08:00:00
ACC0001260,tusharwali@oksbi,Paytm Payments Bank,1435,none,2022-08-27 08:00:00
ACC0001261,lgoyal@ybl,Paytm Payments Bank,1460,full,2022-08-02 08:00:00
ACC0001262,qbains@okhdfcbank,Axis,47,full,2026-06-15 08:00:00
ACC0001263,qkaul@okicici,Kotak,236,full,2025-12-08 08:00:00
ACC0001264,priyanshmanda@oksbi,PNB,561,full,2025-01-17 08:00:00
ACC0001265,borrasuhana@ybl,Kotak,995,full,2023-11-10 08:00:00
ACC0001266,basakoorja@okaxis,Axis,1051,full,2023-09-15 08:00:00
ACC0001267,zara86@okicici,Kotak,1570,minimal,2022-04-14 08:00:00
ACC0001268,ishitabalasubramanian@okaxis,ICICI,602,full,2024-12-07 08:00:00
ACC0001269,htank@oksbi,HDFC,1209,full,2023-04-10 08:00:00
ACC0001270,rloyal@oksbi,BOB,1676,minimal,2021-12-29 08:00:00
ACC0001271,pmangat@oksbi,ICICI,431,full,2025-05-27 08:00:00
ACC0001272,fdoctor@oksbi,BOB,49,full,2026-06-13 08:00:00
ACC0001273,tzacharia@ybl,Kotak,1859,minimal,2021-06-29 08:00:00
ACC0001274,krishnamurthykaira@okicici,SBI,644,full,2024-10-26 08:00:00
ACC0001275,fatehshukla@oksbi,SBI,1444,full,2022-08-18 08:00:00
ACC0001276,kchadha@okaxis,HDFC,550,full,2025-01-28 08:00:00
ACC0001277,zarachar@okicici,Kotak,715,full,2024-08-16 08:00:00
ACC0001278,arnavkakar@okicici,Kotak,1171,full,2023-05-18 08:00:00
ACC0001279,sanghviadira@okicici,Axis,278,full,2025-10-27 08:00:00
ACC0001280,mishtiborah@ybl,ICICI,1360,none,2022-11-10 08:00:00
ACC0001281,samar11@okicici,Kotak,612,full,2024-11-27 08:00:00
ACC0001282,zmall@okaxis,HDFC,1028,full,2023-10-08 08:00:00
ACC0001283,raghav87@okaxis,ICICI,616,minimal,2024-11-23 08:00:00
ACC0001284,srivastavarati@okicici,BOB,1341,full,2022-11-29 08:00:00
ACC0001285,abhalla@okaxis,HDFC,1200,full,2023-04-19 08:00:00
ACC0001286,hunarmander@oksbi,Kotak,733,full,2024-07-29 08:00:00
ACC0001287,berajivika@okicici,BOB,626,full,2024-11-13 08:00:00
ACC0001288,srivastavareyansh@okicici,Paytm Payments Bank,941,full,2024-01-03 08:00:00
ACC0001289,zain46@okhdfcbank,ICICI,406,full,2025-06-21 08:00:00
ACC0001290,mmangal@okicici,HDFC,1385,full,2022-10-16 08:00:00
ACC0001291,lbahl@okhdfcbank,HDFC,843,full,2024-04-10 08:00:00
ACC0001292,yuvaan29@okaxis,SBI,1829,full,2021-07-29 08:00:00
ACC0001293,zbahl@ybl,HDFC,843,full,2024-04-10 08:00:00
ACC0001294,prisha30@oksbi,HDFC,1295,full,2023-01-14 08:00:00
ACC0001295,xdesai@okaxis,PNB,1843,full,2021-07-15 08:00:00
ACC0001296,gangulyyashvi@okicici,Paytm Payments Bank,1540,full,2022-05-14 08:00:00
ACC0001297,sahil47@ybl,ICICI,298,full,2025-10-07 08:00:00
ACC0001298,vigmanikya@okicici,Kotak,1388,minimal,2022-10-13 08:00:00
ACC0001299,rohansharaf@ybl,PNB,986,full,2023-11-19 08:00:00
ACC0001300,usoman@ybl,ICICI,306,full,2025-09-29 08:00:00
ACC0001301,samiha69@ybl,BOB,965,full,2023-12-10 08:00:00
ACC0001302,chandraahana@ybl,PNB,1339,minimal,2022-12-01 08:00:00
ACC0001303,yuvraj-shanker@ybl,Axis,1016,minimal,2023-10-20 08:00:00
ACC0001304,hsibal@okicici,Kotak,934,full,2024-01-10 08:00:00
ACC0001305,bhavin82@okicici,SBI,348,full,2025-08-18 08:00:00
ACC0001306,dugalrhea@oksbi,Kotak,1699,full,2021-12-06 08:00:00
ACC0001307,xbir@okhdfcbank,Paytm Payments Bank,1125,minimal,2023-07-03 08:00:00
ACC0001308,chadhakartik@okicici,SBI,1007,minimal,2023-10-29 08:00:00
ACC0001309,bhavindash@okicici,Axis,1664,minimal,2022-01-10 08:00:00
ACC0001310,karibadal@okicici,Axis,1152,full,2023-06-06 08:00:00
ACC0001311,renee34@okaxis,BOB,1178,full,2023-05-11 08:00:00
ACC0001312,anahi86@okaxis,BOB,1494,full,2022-06-29 08:00:00
ACC0001313,sanghaaniruddh@okaxis,Axis,192,full,2026-01-21 08:00:00
ACC0001314,umangkonda@ybl,PNB,1668,full,2022-01-06 08:00:00
ACC0001315,echakrabarti@ybl,PNB,1551,full,2022-05-03 08:00:00
ACC0001316,shray24@okhdfcbank,ICICI,1777,full,2021-09-19 08:00:00
ACC0001317,dharaniruddh@okaxis,Paytm Payments Bank,256,full,2025-11-18 08:00:00
ACC0001318,kbakshi@okaxis,Axis,1305,full,2023-01-04 08:00:00
ACC0001319,madhupsabharwal@okhdfcbank,SBI,341,full,2025-08-25 08:00:00
ACC0001320,parinaazchauhan@okicici,PNB,239,full,2025-12-05 08:00:00
ACC0001321,nehmat68@okhdfcbank,Axis,927,full,2024-01-17 08:00:00
ACC0001322,venkateshvanya@okaxis,Axis,60,full,2026-06-02 08:00:00
ACC0001323,khalsahansh@okaxis,Kotak,668,full,2024-10-02 08:00:00
ACC0001324,kismatsuresh@okhdfcbank,Kotak,1650,full,2022-01-24 08:00:00
ACC0001325,choudhuryojas@oksbi,SBI,1567,full,2022-04-17 08:00:00
ACC0001326,riya46@okhdfcbank,Paytm Payments Bank,833,full,2024-04-20 08:00:00
ACC0001327,wvarkey@okicici,BOB,1864,minimal,2021-06-24 08:00:00
ACC0001328,ndate@oksbi,BOB,279,minimal,2025-10-26 08:00:00
ACC0001329,rdora@oksbi,SBI,937,full,2024-01-07 08:00:00
ACC0001330,gmaster@okhdfcbank,Axis,1535,full,2022-05-19 08:00:00
ACC0001331,kumernitara@okicici,Kotak,1425,full,2022-09-06 08:00:00
ACC0001332,jhanvi99@okhdfcbank,HDFC,1521,full,2022-06-02 08:00:00
ACC0001333,rohan17@okicici,Axis,1337,full,2022-12-03 08:00:00
ACC0001334,gangulyraghav@oksbi,HDFC,136,full,2026-03-18 08:00:00
ACC0001335,raghav44@okicici,SBI,919,full,2024-01-25 08:00:00
ACC0001336,indrajitkuruvilla@ybl,HDFC,595,full,2024-12-14 08:00:00
ACC0001337,bhavinswaminathan@okhdfcbank,SBI,527,full,2025-02-20 08:00:00
ACC0001338,usahota@okaxis,ICICI,1444,full,2022-08-18 08:00:00
ACC0001339,sairaarya@oksbi,ICICI,213,full,2025-12-31 08:00:00
ACC0001340,qdivan@ybl,Kotak,1434,minimal,2022-08-28 08:00:00
ACC0001341,yjain@okhdfcbank,SBI,1585,full,2022-03-30 08:00:00
ACC0001342,mannerhea@ybl,HDFC,345,full,2025-08-21 08:00:00
ACC0001343,shlokseshadri@okicici,Kotak,506,minimal,2025-03-13 08:00:00
ACC0001344,piyaloke@oksbi,SBI,928,full,2024-01-16 08:00:00
ACC0001345,wsampath@oksbi,PNB,763,minimal,2024-06-29 08:00:00
ACC0001346,jayan82@okaxis,PNB,1023,full,2023-10-13 08:00:00
ACC0001347,divit72@oksbi,ICICI,1033,full,2023-10-03 08:00:00
ACC0001348,samaira82@okaxis,PNB,692,minimal,2024-09-08 08:00:00
ACC0001349,neysa13@ybl,ICICI,1256,full,2023-02-22 08:00:00
ACC0001350,mamooty46@okaxis,PNB,347,minimal,2025-08-19 08:00:00
ACC0001351,umang49@okicici,Paytm Payments Bank,1139,full,2023-06-19 08:00:00
ACC0001352,anahi17@ybl,BOB,1336,full,2022-12-04 08:00:00
ACC0001353,vermamyra@okhdfcbank,Kotak,1838,minimal,2021-07-20 08:00:00
ACC0001354,keerkartik@okicici,HDFC,519,full,2025-02-28 08:00:00
ACC0001355,vigpihu@okaxis,Axis,1133,full,2023-06-25 08:00:00
ACC0001356,tlanka@ybl,ICICI,1048,full,2023-09-18 08:00:00
ACC0001357,jbala@okaxis,Kotak,690,full,2024-09-10 08:00:00
ACC0001358,krishgarg@okhdfcbank,SBI,1101,minimal,2023-07-27 08:00:00
ACC0001359,dmane@oksbi,SBI,295,full,2025-10-10 08:00:00
ACC0001360,sakshamvenkataraman@oksbi,HDFC,1024,full,2023-10-12 08:00:00
ACC0001361,vanyabaria@okaxis,Paytm Payments Bank,1344,full,2022-11-26 08:00:00
ACC0001362,oganesan@ybl,PNB,1466,full,2022-07-27 08:00:00
ACC0001363,sakshamravel@ybl,HDFC,482,full,2025-04-06 08:00:00
ACC0001364,agatealisha@oksbi,Paytm Payments Bank,1916,minimal,2021-05-03 08:00:00
ACC0001365,lakshay29@okhdfcbank,Paytm Payments Bank,1734,minimal,2021-11-01 08:00:00
ACC0001366,ayeshasrivastava@okicici,BOB,154,minimal,2026-02-28 08:00:00
ACC0001367,bhattacharyyamannat@okhdfcbank,PNB,1656,full,2022-01-18 08:00:00
ACC0001368,bravel@okhdfcbank,PNB,1533,full,2022-05-21 08:00:00
ACC0001369,ekala@ybl,HDFC,472,full,2025-04-16 08:00:00
ACC0001370,cagate@ybl,BOB,503,full,2025-03-16 08:00:00
ACC0001371,sanagrover@oksbi,ICICI,1107,full,2023-07-21 08:00:00
ACC0001372,wallasamarth@okaxis,HDFC,1173,minimal,2023-05-16 08:00:00
ACC0001373,adviksandhu@okicici,Paytm Payments Bank,1210,full,2023-04-09 08:00:00
ACC0001374,rattansana@okhdfcbank,ICICI,904,minimal,2024-02-09 08:00:00
ACC0001375,mamootysaran@okaxis,Kotak,1156,full,2023-06-02 08:00:00
ACC0001376,sahil21@ybl,Paytm Payments Bank,1123,minimal,2023-07-05 08:00:00
ACC0001377,lkrishnamurthy@okicici,Kotak,1878,minimal,2021-06-10 08:00:00
ACC0001378,ivan10@okaxis,Kotak,874,full,2024-03-10 08:00:00
ACC0001379,riaan78@ybl,Axis,1183,full,2023-05-06 08:00:00
ACC0001380,adira25@okicici,Kotak,1156,none,2023-06-02 08:00:00
ACC0001381,wgola@okaxis,SBI,946,full,2023-12-29 08:00:00
ACC0001382,ivantak@ybl,SBI,612,full,2024-11-27 08:00:00
ACC0001383,oandra@okicici,SBI,1853,full,2021-07-05 08:00:00
ACC0001384,samihabhatti@oksbi,Kotak,484,full,2025-04-04 08:00:00
ACC0001385,sanaapte@okicici,ICICI,1713,full,2021-11-22 08:00:00
ACC0001386,gatikgoswami@okicici,ICICI,972,full,2023-12-03 08:00:00
ACC0001387,guhanavya@ybl,Axis,781,full,2024-06-11 08:00:00
ACC0001388,trisha89@okicici,HDFC,1691,full,2021-12-14 08:00:00
ACC0001389,rajanbadal@oksbi,HDFC,1195,full,2023-04-24 08:00:00
ACC0001390,sachdevaakarsh@okaxis,ICICI,1653,full,2022-01-21 08:00:00
ACC0001391,santfarhan@ybl,HDFC,1871,full,2021-06-17 08:00:00
ACC0001392,ykapadia@okhdfcbank,BOB,645,full,2024-10-25 08:00:00
ACC0001393,mahalojas@okicici,Kotak,144,minimal,2026-03-10 08:00:00
ACC0001394,jsarna@okaxis,HDFC,919,minimal,2024-01-25 08:00:00
ACC0001395,raniasankar@ybl,SBI,494,full,2025-03-25 08:00:00
ACC0001396,doraaaina@okaxis,SBI,1324,full,2022-12-16 08:00:00
ACC0001397,sainielakshi@okicici,ICICI,114,full,2026-04-09 08:00:00
ACC0001398,misha92@oksbi,ICICI,1459,full,2022-08-03 08:00:00
ACC0001399,gthakur@okaxis,Paytm Payments Bank,1528,minimal,2022-05-26 08:00:00
ACC0001400,dhaliwalfarhan@ybl,HDFC,1208,full,2023-04-11 08:00:00
ACC0001401,kotharikiaan@okaxis,ICICI,623,full,2024-11-16 08:00:00
ACC0001402,vanyadeep@okaxis,SBI,199,full,2026-01-14 08:00:00
ACC0001403,taimursarraf@okhdfcbank,BOB,567,full,2025-01-11 08:00:00
ACC0001404,kdivan@oksbi,ICICI,1614,full,2022-03-01 08:00:00
ACC0001405,mahalcharvi@okaxis,BOB,435,full,2025-05-23 08:00:00
ACC0001406,prishakhosla@ybl,Axis,431,full,2025-05-27 08:00:00
ACC0001407,miraan00@okaxis,Kotak,575,full,2025-01-03 08:00:00
ACC0001408,bhaktakaira@okhdfcbank,HDFC,1209,full,2023-04-10 08:00:00
ACC0001409,fborde@okicici,Kotak,897,full,2024-02-16 08:00:00
ACC0001410,senguptasamaira@ybl,SBI,735,minimal,2024-07-27 08:00:00
ACC0001411,zachariahonkar@okicici,Paytm Payments Bank,376,full,2025-07-21 08:00:00
ACC0001412,amanidivan@okhdfcbank,Axis,932,full,2024-01-12 08:00:00
ACC0001413,anahi01@oksbi,HDFC,795,full,2024-05-28 08:00:00
ACC0001414,arnavvarkey@oksbi,ICICI,141,minimal,2026-03-13 08:00:00
ACC0001415,taran56@okicici,SBI,1709,full,2021-11-26 08:00:00
ACC0001416,battatara@okhdfcbank,PNB,1677,full,2021-12-28 08:00:00
ACC0001417,agrawalhiran@okicici,Axis,76,full,2026-05-17 08:00:00
ACC0001418,shalvgola@oksbi,PNB,463,full,2025-04-25 08:00:00
ACC0001419,rrastogi@oksbi,SBI,1305,full,2023-01-04 08:00:00
ACC0001420,grewalshlok@ybl,SBI,1885,full,2021-06-03 08:00:00
ACC0001421,farhaniyer@okicici,Axis,153,minimal,2026-03-01 08:00:00
ACC0001422,rkari@okicici,SBI,1295,full,2023-01-14 08:00:00
ACC0001423,esant@okhdfcbank,HDFC,1965,full,2021-03-15 08:00:00
ACC0001424,zsachar@okicici,HDFC,585,full,2024-12-24 08:00:00
ACC0001425,faiyazbhatti@okaxis,Axis,1806,none,2021-08-21 08:00:00
ACC0001426,uppalindranil@okhdfcbank,Kotak,1071,full,2023-08-26 08:00:00
ACC0001427,joshikiara@ybl,HDFC,1252,full,2023-02-26 08:00:00
ACC0001428,ksuresh@okaxis,SBI,1055,full,2023-09-11 08:00:00
ACC0001429,nchana@ybl,PNB,1918,full,2021-05-01 08:00:00
ACC0001430,wsood@oksbi,SBI,835,full,2024-04-18 08:00:00
ACC0001431,venkataramanpiya@okicici,PNB,750,full,2024-07-12 08:00:00
ACC0001432,anyakohli@okicici,SBI,1056,full,2023-09-10 08:00:00
ACC0001433,walizain@okaxis,SBI,1829,minimal,2021-07-29 08:00:00
ACC0001434,ebajaj@okicici,Axis,1973,full,2021-03-07 08:00:00
ACC0001435,neysa50@okaxis,ICICI,1867,full,2021-06-21 08:00:00
ACC0001436,oorjavohra@ybl,Axis,812,full,2024-05-11 08:00:00
ACC0001437,ela89@oksbi,BOB,1203,none,2023-04-16 08:00:00
ACC0001438,kalitanitara@ybl,Kotak,1893,full,2021-05-26 08:00:00
ACC0001439,anyaghose@oksbi,ICICI,299,full,2025-10-06 08:00:00
ACC0001440,jborde@oksbi,ICICI,1430,full,2022-09-01 08:00:00
ACC0001441,ahluwalianayantara@ybl,ICICI,1474,full,2022-07-19 08:00:00
ACC0001442,dishanivala@oksbi,ICICI,1891,full,2021-05-28 08:00:00
ACC0001443,fvarkey@ybl,HDFC,1171,full,2023-05-18 08:00:00
ACC0001444,dhanuksheth@oksbi,SBI,1749,minimal,2021-10-17 08:00:00
ACC0001445,pdyal@okaxis,BOB,1832,full,2021-07-26 08:00:00
ACC0001446,ranbir08@okicici,ICICI,1557,minimal,2022-04-27 08:00:00
ACC0001447,irarout@oksbi,ICICI,248,full,2025-11-26 08:00:00
ACC0001448,pjaggi@ybl,PNB,1283,full,2023-01-26 08:00:00
ACC0001449,karpeahana@oksbi,Axis,1284,full,2023-01-25 08:00:00
ACC0001450,fbasu@okicici,HDFC,83,full,2026-05-10 08:00:00
ACC0001451,hdugar@oksbi,Paytm Payments Bank,1006,full,2023-10-30 08:00:00
ACC0001452,psharma@oksbi,BOB,795,full,2024-05-28 08:00:00
ACC0001453,behlyuvaan@oksbi,Axis,311,full,2025-09-24 08:00:00
ACC0001454,jbadami@okhdfcbank,PNB,866,none,2024-03-18 08:00:00
ACC0001455,telladivij@oksbi,Axis,485,full,2025-04-03 08:00:00
ACC0001456,diya83@okaxis,Paytm Payments Bank,1928,full,2021-04-21 08:00:00
ACC0001457,xgarde@okaxis,Axis,1805,full,2021-08-22 08:00:00
ACC0001458,tanejamamooty@okhdfcbank,BOB,1619,full,2022-02-24 08:00:00
ACC0001459,jgandhi@ybl,SBI,837,full,2024-04-16 08:00:00
ACC0001460,qsehgal@okaxis,SBI,954,minimal,2023-12-21 08:00:00
ACC0001461,saanvi71@ybl,BOB,533,none,2025-02-14 08:00:00
ACC0001462,sibalnirvi@ybl,BOB,110,full,2026-04-13 08:00:00
ACC0001463,aaravgarde@okhdfcbank,Axis,1321,full,2022-12-19 08:00:00
ACC0001464,myra48@okicici,PNB,845,full,2024-04-08 08:00:00
ACC0001465,rati10@okicici,SBI,895,full,2024-02-18 08:00:00
ACC0001466,bhaminiboase@oksbi,Paytm Payments Bank,1880,minimal,2021-06-08 08:00:00
ACC0001467,qbera@okhdfcbank,HDFC,955,full,2023-12-20 08:00:00
ACC0001468,kanavbhasin@ybl,ICICI,1228,full,2023-03-22 08:00:00
ACC0001469,dchokshi@okaxis,SBI,692,full,2024-09-08 08:00:00
ACC0001470,saanvigara@oksbi,Paytm Payments Bank,1238,full,2023-03-12 08:00:00
ACC0001471,shuklazeeshan@oksbi,HDFC,693,full,2024-09-07 08:00:00
ACC0001472,ravelpari@okaxis,Kotak,1476,full,2022-07-17 08:00:00
ACC0001473,somalisha@okaxis,ICICI,1478,full,2022-07-15 08:00:00
ACC0001474,lsahni@okhdfcbank,ICICI,809,minimal,2024-05-14 08:00:00
ACC0001475,charviagate@oksbi,ICICI,1188,minimal,2023-05-01 08:00:00
ACC0001476,malhotraadah@okhdfcbank,BOB,396,full,2025-07-01 08:00:00
ACC0001477,xkumar@okaxis,PNB,1525,full,2022-05-29 08:00:00
ACC0001478,raniamann@oksbi,Axis,270,full,2025-11-04 08:00:00
ACC0001479,sanatandon@okicici,SBI,1597,full,2022-03-18 08:00:00
ACC0001480,ehsaanhari@okaxis,SBI,1781,full,2021-09-15 08:00:00
ACC0001481,dishani66@oksbi,Axis,1040,full,2023-09-26 08:00:00
ACC0001482,raghavissac@okaxis,BOB,1004,full,2023-11-01 08:00:00
ACC0001483,ritvik72@ybl,SBI,1261,full,2023-02-17 08:00:00
ACC0001484,zainramachandran@okicici,Axis,1150,full,2023-06-08 08:00:00
ACC0001485,rati85@okhdfcbank,Kotak,333,full,2025-09-02 08:00:00
ACC0001486,krishcheema@okhdfcbank,PNB,1778,full,2021-09-18 08:00:00
ACC0001487,piya52@okhdfcbank,HDFC,209,full,2026-01-04 08:00:00
ACC0001488,daminimadan@oksbi,PNB,395,full,2025-07-02 08:00:00
ACC0001489,rhea15@ybl,ICICI,1446,none,2022-08-16 08:00:00
ACC0001490,kmanne@ybl,Kotak,1564,minimal,2022-04-20 08:00:00
ACC0001491,vsandal@okicici,Kotak,220,full,2025-12-24 08:00:00
ACC0001492,aarna08@okhdfcbank,BOB,806,minimal,2024-05-17 08:00:00
ACC0001493,aroravaibhav@okicici,Paytm Payments Bank,162,full,2026-02-20 08:00:00
ACC0001494,baijusampath@okicici,Kotak,1452,full,2022-08-10 08:00:00
ACC0001495,chaudhrypriyansh@oksbi,Axis,1104,full,2023-07-24 08:00:00
ACC0001496,reyanshsanghvi@ybl,HDFC,253,full,2025-11-21 08:00:00
ACC0001497,hunar04@ybl,PNB,1440,full,2022-08-22 08:00:00
ACC0001498,suhanamadan@okicici,PNB,1766,full,2021-09-30 08:00:00
ACC0001499,golaalisha@okicici,ICICI,1306,full,2023-01-03 08:00:00
ACC0001500,randhawapari@ybl,Paytm Payments Bank,1046,full,2023-09-20 08:00:00
ACC0001501,shanayasabharwal@ybl,Axis,398,full,2025-06-29 08:00:00
ACC0001502,gdani@okhdfcbank,HDFC,426,full,2025-06-01 08:00:00
ACC0001503,rania06@okhdfcbank,Axis,1310,minimal,2022-12-30 08:00:00
ACC0001504,yjoshi@okaxis,SBI,879,full,2024-03-05 08:00:00
ACC0001505,ishita00@oksbi,SBI,1177,full,2023-05-12 08:00:00
ACC0001506,krish97@okicici,PNB,1443,minimal,2022-08-19 08:00:00
ACC0001507,myrasarraf@okicici,Kotak,660,minimal,2024-10-10 08:00:00
ACC0001508,tanya98@okicici,Kotak,263,full,2025-11-11 08:00:00
ACC0001509,urviseshadri@ybl,SBI,1195,minimal,2023-04-24 08:00:00
ACC0001510,ritvikkapur@okicici,Kotak,427,minimal,2025-05-31 08:00:00
ACC0001511,pihubarad@okaxis,SBI,1011,full,2023-10-25 08:00:00
ACC0001512,jayantshah@oksbi,Paytm Payments Bank,1016,minimal,2023-10-20 08:00:00
ACC0001513,gulatiarnav@okicici,Paytm Payments Bank,1129,minimal,2023-06-29 08:00:00
ACC0001514,jdewan@okhdfcbank,PNB,877,full,2024-03-07 08:00:00
ACC0001515,hansh29@okicici,SBI,1418,full,2022-09-13 08:00:00
ACC0001516,aarush57@okicici,Kotak,1433,full,2022-08-29 08:00:00
ACC0001517,arnavbose@okicici,SBI,335,full,2025-08-31 08:00:00
ACC0001518,kimaya09@ybl,ICICI,798,full,2024-05-25 08:00:00
ACC0001519,ayesha98@oksbi,HDFC,827,minimal,2024-04-26 08:00:00
ACC0001520,devansh58@okicici,Kotak,1569,full,2022-04-15 08:00:00
ACC0001521,kabirlad@okaxis,HDFC,586,full,2024-12-23 08:00:00
ACC0001522,srivastavadishani@okicici,Paytm Payments Bank,516,minimal,2025-03-03 08:00:00
ACC0001523,zeeshanmagar@oksbi,PNB,649,full,2024-10-21 08:00:00
ACC0001524,wbatra@okhdfcbank,Axis,796,minimal,2024-05-27 08:00:00
ACC0001525,lakshitsaini@ybl,SBI,938,minimal,2024-01-06 08:00:00
ACC0001526,shalv54@ybl,ICICI,1883,full,2021-06-05 08:00:00
ACC0001527,suhanaranganathan@okaxis,PNB,1921,minimal,2021-04-28 08:00:00
ACC0001528,wmand@okhdfcbank,ICICI,323,full,2025-09-12 08:00:00
ACC0001529,bhandarioorja@okaxis,BOB,104,full,2026-04-19 08:00:00
ACC0001530,alia39@okhdfcbank,SBI,1099,full,2023-07-29 08:00:00
ACC0001531,arnavsanghvi@ybl,HDFC,120,full,2026-04-03 08:00:00
ACC0001532,vaibhav16@okhdfcbank,HDFC,1851,full,2021-07-07 08:00:00
ACC0001533,hrishita40@okicici,SBI,1379,full,2022-10-22 08:00:00
ACC0001534,drishya87@oksbi,Kotak,669,full,2024-10-01 08:00:00
ACC0001535,sbains@okicici,Kotak,616,minimal,2024-11-23 08:00:00
ACC0001536,samarthkurian@okhdfcbank,PNB,1404,full,2022-09-27 08:00:00
ACC0001537,bavaivan@okhdfcbank,SBI,590,none,2024-12-19 08:00:00
ACC0001538,rattanchirag@ybl,HDFC,1176,full,2023-05-13 08:00:00
ACC0001539,oorjarau@ybl,Kotak,747,full,2024-07-15 08:00:00
ACC0001540,piyakala@okicici,Axis,1961,full,2021-03-19 08:00:00
ACC0001541,chauhanheer@ybl,Kotak,667,full,2024-10-03 08:00:00
ACC0001542,esabharwal@oksbi,SBI,133,full,2026-03-21 08:00:00
ACC0001543,anaykarpe@okhdfcbank,HDFC,1413,full,2022-09-18 08:00:00
ACC0001544,armaan11@okaxis,BOB,206,full,2026-01-07 08:00:00
ACC0001545,chakrabortyyashvi@ybl,Paytm Payments Bank,1250,full,2023-02-28 08:00:00
ACC0001546,ivana19@okicici,Axis,669,full,2024-10-01 08:00:00
ACC0001547,pranayjani@ybl,HDFC,1403,none,2022-09-28 08:00:00
ACC0001548,okar@okaxis,ICICI,1577,full,2022-04-07 08:00:00
ACC0001549,ukalita@okaxis,HDFC,1673,full,2022-01-01 08:00:00
ACC0001550,hayerpari@okaxis,Paytm Payments Bank,1431,full,2022-08-31 08:00:00
ACC0001551,lokeaarush@oksbi,PNB,488,minimal,2025-03-31 08:00:00
ACC0001552,shuklashanaya@oksbi,Kotak,832,minimal,2024-04-21 08:00:00
ACC0001553,sarmadevansh@okicici,Paytm Payments Bank,1837,full,2021-07-21 08:00:00
ACC0001554,damini14@okaxis,HDFC,163,full,2026-02-19 08:00:00
ACC0001555,mahika14@oksbi,PNB,974,minimal,2023-12-01 08:00:00
ACC0001556,zhalder@ybl,ICICI,1267,full,2023-02-11 08:00:00
ACC0001557,khalsaindranil@okhdfcbank,Kotak,860,full,2024-03-24 08:00:00
ACC0001558,himmatshenoy@okicici,Paytm Payments Bank,175,full,2026-02-07 08:00:00
ACC0001559,zsunder@oksbi,Axis,876,full,2024-03-08 08:00:00
ACC0001560,myra24@okaxis,HDFC,1017,full,2023-10-19 08:00:00
ACC0001561,aayush88@ybl,BOB,1696,minimal,2021-12-09 08:00:00
ACC0001562,gatikbail@ybl,Kotak,921,full,2024-01-23 08:00:00
ACC0001563,mangatkimaya@oksbi,HDFC,513,full,2025-03-06 08:00:00
ACC0001564,jluthra@ybl,Paytm Payments Bank,1487,full,2022-07-06 08:00:00
ACC0001565,dualakshay@okaxis,Kotak,1250,full,2023-02-28 08:00:00
ACC0001566,lakshit68@okaxis,ICICI,1713,full,2021-11-22 08:00:00
ACC0001567,ishaanchanda@okhdfcbank,HDFC,861,full,2024-03-23 08:00:00
ACC0001568,mannattiwari@okaxis,Kotak,1251,full,2023-02-27 08:00:00
ACC0001569,kartik12@okhdfcbank,HDFC,1382,full,2022-10-19 08:00:00
ACC0001570,varghesesuhana@ybl,SBI,314,minimal,2025-09-21 08:00:00
ACC0001571,jroy@oksbi,Paytm Payments Bank,1383,full,2022-10-18 08:00:00
ACC0001572,dhillonoorja@ybl,Paytm Payments Bank,828,full,2024-04-25 08:00:00
ACC0001573,dassdivyansh@okicici,PNB,1425,full,2022-09-06 08:00:00
ACC0001574,samairamannan@okicici,BOB,1900,full,2021-05-19 08:00:00
ACC0001575,wgandhi@okicici,HDFC,1904,full,2021-05-15 08:00:00
ACC0001576,oorjasagar@ybl,BOB,1282,minimal,2023-01-27 08:00:00
ACC0001577,divyanshdhar@okicici,SBI,1775,full,2021-09-21 08:00:00
ACC0001578,yogikartik@okhdfcbank,SBI,1154,full,2023-06-04 08:00:00
ACC0001579,aradhya75@okicici,HDFC,1710,minimal,2021-11-25 08:00:00
ACC0001580,rania92@okhdfcbank,Axis,1802,full,2021-08-25 08:00:00
ACC0001581,zara56@okaxis,Kotak,1238,full,2023-03-12 08:00:00
ACC0001582,aarushdugar@okaxis,BOB,861,full,2024-03-23 08:00:00
ACC0001583,vedikachoudhry@oksbi,Paytm Payments Bank,1386,full,2022-10-15 08:00:00
ACC0001584,xdevi@okaxis,Kotak,1167,minimal,2023-05-22 08:00:00
ACC0001585,parinaazsha@okicici,ICICI,345,full,2025-08-21 08:00:00
ACC0001586,anvi77@okhdfcbank,ICICI,176,full,2026-02-06 08:00:00
ACC0001587,urvi47@okaxis,ICICI,1026,full,2023-10-10 08:00:00
ACC0001588,chahalneelofar@okaxis,Paytm Payments Bank,1345,minimal,2022-11-25 08:00:00
ACC0001589,trivediranbir@ybl,BOB,1454,full,2022-08-08 08:00:00
ACC0001590,heerchaudhari@ybl,BOB,960,full,2023-12-15 08:00:00
ACC0001591,sana11@okaxis,Kotak,951,full,2023-12-24 08:00:00
ACC0001592,valadishani@ybl,SBI,899,full,2024-02-14 08:00:00
ACC0001593,talwarkavya@oksbi,PNB,1764,full,2021-10-02 08:00:00
ACC0001594,lsodhi@ybl,Kotak,1148,full,2023-06-10 08:00:00
ACC0001595,armaanmajumdar@ybl,Paytm Payments Bank,107,full,2026-04-16 08:00:00
ACC0001596,inaaya-87@ybl,Paytm Payments Bank,261,none,2025-11-13 08:00:00
ACC0001597,tejashayre@oksbi,PNB,193,full,2026-01-20 08:00:00
ACC0001598,trisharaja@ybl,HDFC,190,full,2026-01-23 08:00:00
ACC0001599,himmat78@okhdfcbank,PNB,1321,full,2022-12-19 08:00:00
ACC0001600,issactejas@okicici,SBI,1880,full,2021-06-08 08:00:00
ACC0001601,saininakul@okaxis,Kotak,1079,full,2023-08-18 08:00:00
ACC0001602,tanyakurian@okicici,PNB,1997,full,2021-02-11 08:00:00
ACC0001603,aliabuch@ybl,PNB,1453,full,2022-08-09 08:00:00
ACC0001604,jivikamandal@okicici,SBI,1184,full,2023-05-05 08:00:00
ACC0001605,sarasetty@oksbi,SBI,1214,full,2023-04-05 08:00:00
ACC0001606,cgola@ybl,SBI,627,full,2024-11-12 08:00:00
ACC0001607,tarakohli@oksbi,HDFC,198,minimal,2026-01-15 08:00:00
ACC0001608,chiragdeo@okicici,ICICI,599,full,2024-12-10 08:00:00
ACC0001609,mehul03@okicici,SBI,593,full,2024-12-16 08:00:00
ACC0001610,vidur77@oksbi,ICICI,1266,full,2023-02-12 08:00:00
ACC0001611,bahrinehmat@oksbi,PNB,787,minimal,2024-06-05 08:00:00
ACC0001612,ehsaan84@okaxis,ICICI,513,minimal,2025-03-06 08:00:00
ACC0001613,kavya89@okhdfcbank,Kotak,1795,none,2021-09-01 08:00:00
ACC0001614,uthkarshsachdeva@ybl,ICICI,327,minimal,2025-09-08 08:00:00
ACC0001615,lgoswami@okaxis,BOB,1571,full,2022-04-13 08:00:00
ACC0001616,kuruvillaojas@oksbi,Axis,931,full,2024-01-13 08:00:00
ACC0001617,hchoudhury@okicici,SBI,1754,full,2021-10-12 08:00:00
ACC0001618,wgoda@okhdfcbank,SBI,1577,full,2022-04-07 08:00:00
ACC0001619,esule@okaxis,PNB,846,full,2024-04-07 08:00:00
ACC0001620,krishnahiran@ybl,Axis,1972,full,2021-03-08 08:00:00
ACC0001621,obutala@okaxis,Paytm Payments Bank,1475,full,2022-07-18 08:00:00
ACC0001622,kuriannayantara@okaxis,SBI,1116,full,2023-07-12 08:00:00
ACC0001623,lakshit22@okaxis,BOB,1662,full,2022-01-12 08:00:00
ACC0001624,taranramachandran@ybl,SBI,1999,full,2021-02-09 08:00:00
ACC0001625,sahotamanikya@okicici,BOB,1118,full,2023-07-10 08:00:00
ACC0001626,vtak@okicici,Kotak,1365,full,2022-11-05 08:00:00
ACC0001627,khoslapari@okhdfcbank,PNB,1673,full,2022-01-01 08:00:00
ACC0001628,nkhatri@okaxis,Axis,831,full,2024-04-22 08:00:00
ACC0001629,neelofarthaman@oksbi,Kotak,1235,full,2023-03-15 08:00:00
ACC0001630,papte@okicici,SBI,398,full,2025-06-29 08:00:00
ACC0001631,bhattkaira@okhdfcbank,SBI,1733,full,2021-11-02 08:00:00
ACC0001632,himmatrau@okhdfcbank,Paytm Payments Bank,1105,full,2023-07-23 08:00:00
ACC0001633,wallakaira@okicici,PNB,1515,full,2022-06-08 08:00:00
ACC0001634,bhavinchacko@ybl,HDFC,78,full,2026-05-15 08:00:00
ACC0001635,jivin86@oksbi,HDFC,1246,full,2023-03-04 08:00:00
ACC0001636,vyassaira@okhdfcbank,ICICI,275,full,2025-10-30 08:00:00
ACC0001637,dharmajan37@ybl,ICICI,1594,minimal,2022-03-21 08:00:00
ACC0001638,evig@oksbi,PNB,1454,full,2022-08-08 08:00:00
ACC0001639,madhupthakur@okhdfcbank,Paytm Payments Bank,1382,minimal,2022-10-19 08:00:00
ACC0001640,jrama@okaxis,Kotak,596,full,2024-12-13 08:00:00
ACC0001641,mishasahni@okhdfcbank,PNB,1628,minimal,2022-02-15 08:00:00
ACC0001642,ivan57@okaxis,Kotak,813,none,2024-05-10 08:00:00
ACC0001643,contractoruthkarsh@okicici,ICICI,558,full,2025-01-20 08:00:00
ACC0001644,gbhatti@oksbi,BOB,1037,full,2023-09-29 08:00:00
ACC0001645,chaudhurielakshi@okhdfcbank,ICICI,1037,full,2023-09-29 08:00:00
ACC0001646,jthaker@oksbi,HDFC,913,minimal,2024-01-31 08:00:00
ACC0001647,chakrabartianika@okicici,HDFC,1495,full,2022-06-28 08:00:00
ACC0001648,vyasvardaniya@ybl,PNB,174,minimal,2026-02-08 08:00:00
ACC0001649,batraanya@okaxis,ICICI,68,full,2026-05-25 08:00:00
ACC0001650,lavanyamadan@okhdfcbank,BOB,31,full,2026-07-01 08:00:00
ACC0001651,yadavurvi@okicici,BOB,1463,full,2022-07-30 08:00:00
ACC0001652,alal@okaxis,Paytm Payments Bank,1085,full,2023-08-12 08:00:00
ACC0001653,azad86@okhdfcbank,Axis,1758,full,2021-10-08 08:00:00
ACC0001654,zainakhosla@okaxis,HDFC,1984,full,2021-02-24 08:00:00
ACC0001655,lgill@okicici,Kotak,1944,full,2021-04-05 08:00:00
ACC0001656,kalahimmat@okhdfcbank,HDFC,850,full,2024-04-03 08:00:00
ACC0001657,anvi31@okicici,HDFC,1777,minimal,2021-09-19 08:00:00
ACC0001658,kismat86@okicici,Axis,1587,full,2022-03-28 08:00:00
ACC0001659,kanav00@okaxis,Axis,110,full,2026-04-13 08:00:00
ACC0001660,ladaarush@okhdfcbank,Kotak,828,full,2024-04-25 08:00:00
ACC0001661,nsagar@okaxis,Axis,1842,full,2021-07-16 08:00:00
ACC0001662,yuvraj-51@okhdfcbank,Axis,425,full,2025-06-02 08:00:00
ACC0001663,aaryahisachdev@ybl,PNB,159,full,2026-02-23 08:00:00
ACC0001664,pranay86@okaxis,SBI,1738,full,2021-10-28 08:00:00
ACC0001665,manjari46@okicici,SBI,144,full,2026-03-10 08:00:00
ACC0001666,zainmajumdar@ybl,Paytm Payments Bank,463,minimal,2025-04-25 08:00:00
ACC0001667,xchakraborty@ybl,ICICI,1812,full,2021-08-15 08:00:00
ACC0001668,tdate@okhdfcbank,SBI,507,full,2025-03-12 08:00:00
ACC0001669,urvi62@okhdfcbank,Paytm Payments Bank,1031,minimal,2023-10-05 08:00:00
ACC0001670,shenoymanikya@okhdfcbank,Axis,1296,full,2023-01-13 08:00:00
ACC0001671,ssrinivas@okhdfcbank,ICICI,297,full,2025-10-08 08:00:00
ACC0001672,divyanshchhabra@okicici,HDFC,1882,full,2021-06-06 08:00:00
ACC0001673,vsrivastava@ybl,HDFC,379,minimal,2025-07-18 08:00:00
ACC0001674,buchvidur@okhdfcbank,Paytm Payments Bank,247,full,2025-11-27 08:00:00
ACC0001675,suridivij@oksbi,HDFC,1290,minimal,2023-01-19 08:00:00
ACC0001676,anayarama@okicici,BOB,902,full,2024-02-11 08:00:00
ACC0001677,ebasu@ybl,ICICI,1431,full,2022-08-31 08:00:00
ACC0001678,madhup51@oksbi,SBI,1654,full,2022-01-20 08:00:00
ACC0001679,senguptaveer@okhdfcbank,HDFC,717,full,2024-08-14 08:00:00
ACC0001680,prana@okaxis,ICICI,1581,full,2022-04-03 08:00:00
ACC0001681,riya90@oksbi,Paytm Payments Bank,1163,full,2023-05-26 08:00:00
ACC0001682,navyakota@okhdfcbank,ICICI,1221,full,2023-03-29 08:00:00
ACC0001683,mahluwalia@ybl,BOB,1765,minimal,2021-10-01 08:00:00
ACC0001684,kartik09@okaxis,HDFC,62,full,2026-05-31 08:00:00
ACC0001685,mannatchad@okhdfcbank,PNB,397,full,2025-06-30 08:00:00
ACC0001686,golenakul@okaxis,ICICI,1683,full,2021-12-22 08:00:00
ACC0001687,brardhruv@okicici,Paytm Payments Bank,1340,full,2022-11-30 08:00:00
ACC0001688,vanya65@oksbi,SBI,1951,full,2021-03-29 08:00:00
ACC0001689,ljain@okaxis,HDFC,1498,full,2022-06-25 08:00:00
ACC0001690,elaamble@okicici,Kotak,1632,full,2022-02-11 08:00:00
ACC0001691,bathira@oksbi,Axis,1172,full,2023-05-17 08:00:00
ACC0001692,samaira89@okhdfcbank,Kotak,1115,minimal,2023-07-13 08:00:00
ACC0001693,shray43@ybl,Axis,1135,full,2023-06-23 08:00:00
ACC0001694,amanijaggi@oksbi,PNB,1312,full,2022-12-28 08:00:00
ACC0001695,dejayant@oksbi,Paytm Payments Bank,260,full,2025-11-14 08:00:00
ACC0001696,gkulkarni@okhdfcbank,SBI,357,full,2025-08-09 08:00:00
ACC0001697,krishnamurthyritvik@oksbi,BOB,613,full,2024-11-26 08:00:00
ACC0001698,farhan84@okaxis,SBI,1293,full,2023-01-16 08:00:00
ACC0001699,rania76@ybl,ICICI,137,full,2026-03-17 08:00:00
ACC0001700,psolanki@okaxis,HDFC,89,full,2026-05-04 08:00:00
ACC0001701,urvi77@okaxis,Kotak,511,full,2025-03-08 08:00:00
ACC0001702,khoslafarhan@okicici,Axis,1560,minimal,2022-04-24 08:00:00
ACC0001703,darshit63@oksbi,HDFC,697,full,2024-09-03 08:00:00
ACC0001704,yasmindugar@oksbi,BOB,874,minimal,2024-03-10 08:00:00
ACC0001705,hgoda@okaxis,Paytm Payments Bank,180,full,2026-02-02 08:00:00
ACC0001706,sarmaprerak@oksbi,Axis,922,minimal,2024-01-22 08:00:00
ACC0001707,reyanshbatra@oksbi,BOB,961,full,2023-12-14 08:00:00
ACC0001708,vsamra@oksbi,Kotak,967,none,2023-12-08 08:00:00
ACC0001709,dhanuk82@okicici,ICICI,444,full,2025-05-14 08:00:00
ACC0001710,wdugar@okhdfcbank,PNB,1194,full,2023-04-25 08:00:00
ACC0001711,kairadesai@okaxis,Paytm Payments Bank,1774,full,2021-09-22 08:00:00
ACC0001712,siyasanghvi@okicici,Axis,1587,minimal,2022-03-28 08:00:00
ACC0001713,charvishan@oksbi,ICICI,1266,full,2023-02-12 08:00:00
ACC0001714,miraanshah@oksbi,HDFC,1162,full,2023-05-27 08:00:00
ACC0001715,prerakchauhan@okaxis,Axis,1098,full,2023-07-30 08:00:00
ACC0001716,krishtiwari@okaxis,PNB,1744,full,2021-10-22 08:00:00
ACC0001717,mirayagokhale@oksbi,Axis,906,full,2024-02-07 08:00:00
ACC0001718,vanyabera@oksbi,ICICI,1216,minimal,2023-04-03 08:00:00
ACC0001719,baralparinaaz@okhdfcbank,BOB,1869,none,2021-06-19 08:00:00
ACC0001720,arana@okaxis,SBI,112,full,2026-04-11 08:00:00
ACC0001721,valaanya@okaxis,HDFC,837,full,2024-04-16 08:00:00
ACC0001722,miraya57@okhdfcbank,SBI,522,full,2025-02-25 08:00:00
ACC0001723,ayesha28@oksbi,ICICI,862,full,2024-03-22 08:00:00
ACC0001724,vivaan39@okhdfcbank,SBI,519,full,2025-02-28 08:00:00
ACC0001725,baijulall@oksbi,Paytm Payments Bank,654,minimal,2024-10-16 08:00:00
ACC0001726,ikhare@ybl,SBI,1560,none,2022-04-24 08:00:00
ACC0001727,krishnamurthyshray@oksbi,BOB,979,full,2023-11-26 08:00:00
ACC0001728,rvasa@okicici,Paytm Payments Bank,1814,full,2021-08-13 08:00:00
ACC0001729,amirabhasin@okhdfcbank,BOB,32,minimal,2026-06-30 08:00:00
ACC0001730,sdugar@ybl,SBI,711,full,2024-08-20 08:00:00
ACC0001731,ahujapari@okicici,Axis,1571,minimal,2022-04-13 08:00:00
ACC0001732,vaibhavmannan@ybl,Kotak,195,full,2026-01-18 08:00:00
ACC0001733,gabataran@ybl,Kotak,142,minimal,2026-03-12 08:00:00
ACC0001734,kabir84@okaxis,Kotak,257,full,2025-11-17 08:00:00
ACC0001735,priyanshkeer@okicici,Kotak,113,full,2026-04-10 08:00:00
ACC0001736,tejas27@okhdfcbank,Axis,1174,full,2023-05-15 08:00:00
ACC0001737,acheema@oksbi,HDFC,715,full,2024-08-16 08:00:00
ACC0001738,tejas64@ybl,Axis,1540,minimal,2022-05-14 08:00:00
ACC0001739,kchana@oksbi,Kotak,1588,full,2022-03-27 08:00:00
ACC0001740,kashvisankar@ybl,BOB,577,full,2025-01-01 08:00:00
ACC0001741,divyanshsen@okicici,Kotak,159,full,2026-02-23 08:00:00
ACC0001742,zaina38@ybl,HDFC,1056,full,2023-09-10 08:00:00
ACC0001743,yvarty@ybl,PNB,1119,full,2023-07-09 08:00:00
ACC0001744,hunarsura@okhdfcbank,Axis,783,minimal,2024-06-09 08:00:00
ACC0001745,anikaswaminathan@okhdfcbank,HDFC,967,full,2023-12-08 08:00:00
ACC0001746,chakrabartiaaina@okicici,HDFC,396,full,2025-07-01 08:00:00
ACC0001747,obhavsar@okhdfcbank,ICICI,595,full,2024-12-14 08:00:00
ACC0001748,vedika74@oksbi,SBI,1821,full,2021-08-06 08:00:00
ACC0001749,jhanvi90@ybl,ICICI,1427,full,2022-09-04 08:00:00
ACC0001750,sbawa@okaxis,SBI,890,full,2024-02-23 08:00:00
ACC0001751,bijuchokshi@okhdfcbank,Axis,158,minimal,2026-02-24 08:00:00
ACC0001752,anika17@okicici,BOB,1094,full,2023-08-03 08:00:00
ACC0001753,pranay55@okicici,Paytm Payments Bank,1372,full,2022-10-29 08:00:00
ACC0001754,shray06@ybl,Paytm Payments Bank,1457,full,2022-08-05 08:00:00
ACC0001755,gillparinaaz@oksbi,PNB,1191,full,2023-04-28 08:00:00
ACC0001756,kashvimani@oksbi,Paytm Payments Bank,562,full,2025-01-16 08:00:00
ACC0001757,vanyadhar@okhdfcbank,ICICI,620,full,2024-11-19 08:00:00
ACC0001758,shaan87@oksbi,ICICI,963,full,2023-12-12 08:00:00
ACC0001759,fwalia@oksbi,ICICI,614,minimal,2024-11-25 08:00:00
ACC0001760,srana@oksbi,ICICI,1448,full,2022-08-14 08:00:00
ACC0001761,jraval@okicici,ICICI,114,full,2026-04-09 08:00:00
ACC0001762,navyaswamy@oksbi,Axis,787,full,2024-06-05 08:00:00
ACC0001763,aaina99@okicici,Kotak,101,full,2026-04-22 08:00:00
ACC0001764,evala@ybl,ICICI,948,full,2023-12-27 08:00:00
ACC0001765,buchshlok@okhdfcbank,BOB,278,minimal,2025-10-27 08:00:00
ACC0001766,sakshamdutt@oksbi,Paytm Payments Bank,1603,minimal,2022-03-12 08:00:00
ACC0001767,rhea49@okhdfcbank,Kotak,349,full,2025-08-17 08:00:00
ACC0001768,cdeshmukh@okaxis,PNB,635,none,2024-11-04 08:00:00
ACC0001769,siya98@ybl,ICICI,1574,minimal,2022-04-10 08:00:00
ACC0001770,kjhaveri@okaxis,Kotak,1522,full,2022-06-01 08:00:00
ACC0001771,akarshbhatnagar@okaxis,SBI,1528,full,2022-05-26 08:00:00
ACC0001772,nitaradass@okhdfcbank,PNB,1158,full,2023-05-31 08:00:00
ACC0001773,cheemaivan@oksbi,Paytm Payments Bank,1294,full,2023-01-15 08:00:00
ACC0001774,gbehl@okhdfcbank,Axis,698,full,2024-09-02 08:00:00
ACC0001775,vyasanika@okicici,Axis,484,full,2025-04-04 08:00:00
ACC0001776,aryatrisha@okaxis,HDFC,1132,none,2023-06-26 08:00:00
ACC0001777,wlala@oksbi,Paytm Payments Bank,837,full,2024-04-16 08:00:00
ACC0001778,benprerak@ybl,SBI,1269,minimal,2023-02-09 08:00:00
ACC0001779,dharmajansagar@okaxis,ICICI,769,full,2024-06-23 08:00:00
ACC0001780,odubey@okicici,BOB,905,full,2024-02-08 08:00:00
ACC0001781,saradhar@okicici,Kotak,612,full,2024-11-27 08:00:00
ACC0001782,irattan@ybl,HDFC,942,full,2024-01-02 08:00:00
ACC0001783,eshanitripathi@okaxis,BOB,1848,minimal,2021-07-10 08:00:00
ACC0001784,aniruddhbadal@oksbi,BOB,621,full,2024-11-18 08:00:00
ACC0001785,shaan77@oksbi,HDFC,878,full,2024-03-06 08:00:00
ACC0001786,ira72@okaxis,Kotak,651,full,2024-10-19 08:00:00
ACC0001787,kiararaju@ybl,BOB,1996,full,2021-02-12 08:00:00
ACC0001788,vraval@okicici,BOB,868,full,2024-03-16 08:00:00
ACC0001789,olala@ybl,ICICI,976,full,2023-11-29 08:00:00
ACC0001790,shray78@okaxis,PNB,1734,full,2021-11-01 08:00:00
ACC0001791,zarabasu@okicici,PNB,116,full,2026-04-07 08:00:00
ACC0001792,xdube@okaxis,Axis,1545,full,2022-05-09 08:00:00
ACC0001793,jde@oksbi,PNB,35,full,2026-06-27 08:00:00
ACC0001794,aayush08@okaxis,HDFC,1341,full,2022-11-29 08:00:00
ACC0001795,shraydhar@okicici,BOB,1858,full,2021-06-30 08:00:00
ACC0001796,aloke@oksbi,SBI,1887,full,2021-06-01 08:00:00
ACC0001797,eshroff@okaxis,HDFC,597,full,2024-12-12 08:00:00
ACC0001798,aayush64@ybl,Paytm Payments Bank,770,full,2024-06-22 08:00:00
ACC0001799,yashviaggarwal@okicici,Paytm Payments Bank,1808,none,2021-08-19 08:00:00
ACC0001800,kanav68@okhdfcbank,Kotak,1705,full,2021-11-30 08:00:00
ACC0001801,phora@okhdfcbank,PNB,1208,full,2023-04-11 08:00:00
ACC0001802,saanvishan@oksbi,Kotak,149,full,2026-03-05 08:00:00
ACC0001803,ythakkar@oksbi,Kotak,1449,full,2022-08-13 08:00:00
ACC0001804,prerakbaral@okicici,BOB,588,full,2024-12-21 08:00:00
ACC0001805,prattan@okicici,SBI,1986,full,2021-02-22 08:00:00
ACC0001806,raunak84@okhdfcbank,Axis,1114,minimal,2023-07-14 08:00:00
ACC0001807,echandra@okhdfcbank,ICICI,405,full,2025-06-22 08:00:00
ACC0001808,himmatdhillon@okicici,PNB,1816,full,2021-08-11 08:00:00
ACC0001809,rayamani@okicici,HDFC,1459,full,2022-08-03 08:00:00
ACC0001810,sdeshpande@oksbi,SBI,750,full,2024-07-12 08:00:00
ACC0001811,uchandra@okicici,Paytm Payments Bank,606,full,2024-12-03 08:00:00
ACC0001812,borrabadal@oksbi,HDFC,1916,full,2021-05-03 08:00:00
ACC0001813,chanderehsaan@oksbi,Axis,1060,minimal,2023-09-06 08:00:00
ACC0001814,priyansh27@ybl,HDFC,1174,full,2023-05-15 08:00:00
ACC0001815,dadadivij@okhdfcbank,HDFC,1906,minimal,2021-05-13 08:00:00
ACC0001816,abramkoshy@okhdfcbank,Paytm Payments Bank,1921,full,2021-04-28 08:00:00
ACC0001817,shlokkade@okicici,ICICI,1445,minimal,2022-08-17 08:00:00
ACC0001818,vedika75@ybl,Kotak,1852,full,2021-07-06 08:00:00
ACC0001819,ysarin@okhdfcbank,HDFC,653,full,2024-10-17 08:00:00
ACC0001820,gandhidhanush@oksbi,Axis,1784,full,2021-09-12 08:00:00
ACC0001821,bhavindeol@oksbi,HDFC,459,full,2025-04-29 08:00:00
ACC0001822,ibanik@okhdfcbank,HDFC,1592,full,2022-03-23 08:00:00
ACC0001823,mchana@okaxis,SBI,1021,full,2023-10-15 08:00:00
ACC0001824,vaibhav01@ybl,SBI,97,full,2026-04-26 08:00:00
ACC0001825,veersolanki@okicici,SBI,1890,full,2021-05-29 08:00:00
ACC0001826,vdasgupta@okhdfcbank,HDFC,1397,minimal,2022-10-04 08:00:00
ACC0001827,chaudharyamira@ybl,Axis,1914,full,2021-05-05 08:00:00
ACC0001828,ladnitya@oksbi,Kotak,439,full,2025-05-19 08:00:00
ACC0001829,anikahayer@okicici,Kotak,328,full,2025-09-07 08:00:00
ACC0001830,samarth20@ybl,Axis,1781,full,2021-09-15 08:00:00
ACC0001831,dateanya@okhdfcbank,SBI,169,full,2026-02-13 08:00:00
ACC0001832,kiaan50@oksbi,PNB,1495,full,2022-06-28 08:00:00
ACC0001833,faiyazdalal@ybl,SBI,1574,none,2022-04-10 08:00:00
ACC0001834,agaba@oksbi,Paytm Payments Bank,232,full,2025-12-12 08:00:00
ACC0001835,yashvidevi@oksbi,Paytm Payments Bank,1237,full,2023-03-13 08:00:00
ACC0001836,horavritika@oksbi,Kotak,249,none,2025-11-25 08:00:00
ACC0001837,aayushbail@oksbi,Axis,898,full,2024-02-15 08:00:00
ACC0001838,msankaran@okicici,HDFC,1589,full,2022-03-26 08:00:00
ACC0001839,umangsolanki@oksbi,Paytm Payments Bank,1094,minimal,2023-08-03 08:00:00
ACC0001840,dashindranil@okicici,SBI,1473,full,2022-07-20 08:00:00
ACC0001841,rbath@okhdfcbank,BOB,1041,full,2023-09-25 08:00:00
ACC0001842,tara00@okicici,Paytm Payments Bank,1259,full,2023-02-19 08:00:00
ACC0001843,neelofar28@okicici,BOB,864,full,2024-03-20 08:00:00
ACC0001844,bhatnagararadhya@okaxis,Kotak,172,full,2026-02-10 08:00:00
ACC0001845,samarmallick@okaxis,HDFC,1410,full,2022-09-21 08:00:00
ACC0001846,zara73@okhdfcbank,HDFC,1100,full,2023-07-28 08:00:00
ACC0001847,sankaranuthkarsh@ybl,HDFC,850,full,2024-04-03 08:00:00
ACC0001848,samaira24@oksbi,HDFC,1857,full,2021-07-01 08:00:00
ACC0001849,kiberenee@okicici,Axis,437,full,2025-05-21 08:00:00
ACC0001850,smammen@okhdfcbank,Axis,857,minimal,2024-03-27 08:00:00
ACC0001851,kchandran@okaxis,PNB,1515,minimal,2022-06-08 08:00:00
ACC0001852,inaaya-ghosh@ybl,PNB,1598,minimal,2022-03-17 08:00:00
ACC0001853,sana74@okaxis,Kotak,1670,full,2022-01-04 08:00:00
ACC0001854,darshitlanka@okaxis,Paytm Payments Bank,1265,full,2023-02-13 08:00:00
ACC0001855,alishadivan@okaxis,HDFC,331,full,2025-09-04 08:00:00
ACC0001856,hrishita57@okaxis,Axis,1032,full,2023-10-04 08:00:00
ACC0001857,soninavya@okhdfcbank,HDFC,305,full,2025-09-30 08:00:00
ACC0001858,lsha@okhdfcbank,Paytm Payments Bank,1730,full,2021-11-05 08:00:00
ACC0001859,raotejas@okaxis,Kotak,396,full,2025-07-01 08:00:00
ACC0001860,samarthsen@ybl,HDFC,1303,minimal,2023-01-06 08:00:00
ACC0001861,sahniheer@ybl,Paytm Payments Bank,1383,minimal,2022-10-18 08:00:00
ACC0001862,hchandran@okicici,Paytm Payments Bank,443,full,2025-05-15 08:00:00
ACC0001863,jsinha@ybl,Kotak,565,minimal,2025-01-13 08:00:00
ACC0001864,manjaridhaliwal@ybl,SBI,1137,none,2023-06-21 08:00:00
ACC0001865,yuvraj-51@okaxis,HDFC,94,full,2026-04-29 08:00:00
ACC0001866,lalnirvi@okaxis,Paytm Payments Bank,674,full,2024-09-26 08:00:00
ACC0001867,bainshansh@oksbi,PNB,97,minimal,2026-04-26 08:00:00
ACC0001868,arhaanchaudhuri@okaxis,BOB,366,full,2025-07-31 08:00:00
ACC0001869,kibekartik@okaxis,Paytm Payments Bank,1495,minimal,2022-06-28 08:00:00
ACC0001870,babukaira@okaxis,Paytm Payments Bank,1195,full,2023-04-24 08:00:00
ACC0001871,fsaha@oksbi,SBI,1779,full,2021-09-17 08:00:00
ACC0001872,badal53@ybl,BOB,1043,full,2023-09-23 08:00:00
ACC0001873,ahujalakshay@okicici,Kotak,752,full,2024-07-10 08:00:00
ACC0001874,fwalia@okhdfcbank,ICICI,1239,minimal,2023-03-11 08:00:00
ACC0001875,osuresh@ybl,SBI,744,minimal,2024-07-18 08:00:00
ACC0001876,goleivana@okicici,BOB,1310,full,2022-12-30 08:00:00
ACC0001877,xtara@okicici,BOB,736,full,2024-07-26 08:00:00
ACC0001878,tatamannat@oksbi,Axis,1384,full,2022-10-17 08:00:00
ACC0001879,eva01@ybl,HDFC,669,minimal,2024-10-01 08:00:00
ACC0001880,dhanuk38@okicici,HDFC,164,full,2026-02-18 08:00:00
ACC0001881,bedisamaira@ybl,Kotak,70,full,2026-05-23 08:00:00
ACC0001882,hazelhans@okaxis,BOB,1377,full,2022-10-24 08:00:00
ACC0001883,kartiklall@okaxis,SBI,1455,none,2022-08-07 08:00:00
ACC0001884,jiyarattan@ybl,BOB,803,full,2024-05-20 08:00:00
ACC0001885,ivanashere@okaxis,HDFC,230,full,2025-12-14 08:00:00
ACC0001886,gshenoy@okicici,Paytm Payments Bank,451,full,2025-05-07 08:00:00
ACC0001887,pari76@okicici,ICICI,1596,full,2022-03-19 08:00:00
ACC0001888,chackovritika@okaxis,Axis,774,full,2024-06-18 08:00:00
ACC0001889,iraiyer@okhdfcbank,Axis,1765,full,2021-10-01 08:00:00
ACC0001890,nirvi28@okicici,BOB,127,minimal,2026-03-27 08:00:00
ACC0001891,ugoda@okhdfcbank,HDFC,1309,full,2022-12-31 08:00:00
ACC0001892,umang66@okhdfcbank,Paytm Payments Bank,589,full,2024-12-20 08:00:00
ACC0001893,mahika39@okhdfcbank,PNB,741,full,2024-07-21 08:00:00
ACC0001894,uthkarshsinha@okaxis,Kotak,644,full,2024-10-26 08:00:00
ACC0001895,taran77@okicici,Paytm Payments Bank,853,full,2024-03-31 08:00:00
ACC0001896,uacharya@oksbi,SBI,1151,full,2023-06-07 08:00:00
ACC0001897,dharkimaya@oksbi,Paytm Payments Bank,1087,full,2023-08-10 08:00:00
ACC0001898,ladhimmat@okaxis,PNB,2000,minimal,2021-02-08 08:00:00
ACC0001899,aarush43@ybl,BOB,1121,minimal,2023-07-07 08:00:00
ACC0001900,sakshamapte@okhdfcbank,Axis,1518,full,2022-06-05 08:00:00
ACC0001901,ishita88@oksbi,ICICI,332,full,2025-09-03 08:00:00
ACC0001902,divitbahl@okicici,BOB,1597,full,2022-03-18 08:00:00
ACC0001903,jgokhale@okhdfcbank,Axis,1791,minimal,2021-09-05 08:00:00
ACC0001904,prerakgoswami@okicici,ICICI,576,full,2025-01-02 08:00:00
ACC0001905,mehuldave@oksbi,BOB,1261,full,2023-02-17 08:00:00
ACC0001906,divij96@oksbi,SBI,337,full,2025-08-29 08:00:00
ACC0001907,sanabarad@okicici,Paytm Payments Bank,1724,full,2021-11-11 08:00:00
ACC0001908,vritika72@okaxis,SBI,923,full,2024-01-21 08:00:00
ACC0001909,stella@oksbi,SBI,588,full,2024-12-21 08:00:00
ACC0001910,rajannayantara@okicici,ICICI,1675,full,2021-12-30 08:00:00
ACC0001911,armaan96@okaxis,SBI,116,full,2026-04-07 08:00:00
ACC0001912,sridharbhavin@okhdfcbank,Kotak,1866,full,2021-06-22 08:00:00
ACC0001913,stuvan66@okhdfcbank,BOB,1805,minimal,2021-08-22 08:00:00
ACC0001914,virktrisha@okhdfcbank,BOB,1405,minimal,2022-09-26 08:00:00
ACC0001915,siyasachdeva@oksbi,Axis,1513,full,2022-06-10 08:00:00
ACC0001916,ravelvanya@ybl,HDFC,1534,full,2022-05-20 08:00:00
ACC0001917,tbala@ybl,PNB,1727,full,2021-11-08 08:00:00
ACC0001918,duttahrishita@oksbi,HDFC,214,minimal,2025-12-30 08:00:00
ACC0001919,shaankrishnamurthy@okicici,BOB,671,minimal,2024-09-29 08:00:00
ACC0001920,indransbakshi@oksbi,BOB,1553,full,2022-05-01 08:00:00
ACC0001921,wkapoor@oksbi,Axis,248,none,2025-11-26 08:00:00
ACC0001922,choudhryadah@okaxis,PNB,930,minimal,2024-01-14 08:00:00
ACC0001923,vedika62@okaxis,Kotak,144,full,2026-03-10 08:00:00
ACC0001924,shayakbarman@okicici,BOB,261,full,2025-11-13 08:00:00
ACC0001925,vmangal@okicici,ICICI,534,full,2025-02-13 08:00:00
ACC0001926,mahalyakshit@okicici,PNB,1495,full,2022-06-28 08:00:00
ACC0001927,dharmajan68@ybl,SBI,1883,minimal,2021-06-05 08:00:00
ACC0001928,ssoman@okhdfcbank,Axis,1386,full,2022-10-15 08:00:00
ACC0001929,tarinibir@okicici,Kotak,817,minimal,2024-05-06 08:00:00
ACC0001930,mmammen@okhdfcbank,Axis,1433,minimal,2022-08-29 08:00:00
ACC0001931,phora@okhdfcbank,BOB,825,minimal,2024-04-28 08:00:00
ACC0001932,jhanvirandhawa@okicici,PNB,1909,full,2021-05-10 08:00:00
ACC0001933,nirvaanbanik@oksbi,PNB,1714,full,2021-11-21 08:00:00
ACC0001934,urvi65@oksbi,Paytm Payments Bank,1853,full,2021-07-05 08:00:00
ACC0001935,bhallaoorja@okaxis,SBI,1831,full,2021-07-27 08:00:00
ACC0001936,xkakar@okaxis,Paytm Payments Bank,194,full,2026-01-19 08:00:00
ACC0001937,kanav55@okicici,BOB,1927,minimal,2021-04-22 08:00:00
ACC0001938,solankiryan@okhdfcbank,ICICI,1709,full,2021-11-26 08:00:00
ACC0001939,stuvanrandhawa@okhdfcbank,Kotak,1066,full,2023-08-31 08:00:00
ACC0001940,jratta@ybl,Kotak,1523,full,2022-05-31 08:00:00
ACC0001941,obains@okhdfcbank,ICICI,86,full,2026-05-07 08:00:00
ACC0001942,piyagrover@oksbi,SBI,1650,full,2022-01-24 08:00:00
ACC0001943,tanyaseth@okicici,Kotak,1316,full,2022-12-24 08:00:00
ACC0001944,bhallaseher@oksbi,Axis,256,full,2025-11-18 08:00:00
ACC0001945,daramiraya@oksbi,BOB,1602,minimal,2022-03-13 08:00:00
ACC0001946,reyanshamble@okaxis,Paytm Payments Bank,684,minimal,2024-09-16 08:00:00
ACC0001947,rania14@okicici,ICICI,303,full,2025-10-02 08:00:00
ACC0001948,bkeer@okicici,PNB,1723,full,2021-11-12 08:00:00
ACC0001949,lakshay83@okicici,ICICI,878,full,2024-03-06 08:00:00
ACC0001950,inaaya-lal@ybl,Axis,802,full,2024-05-21 08:00:00
ACC0001951,ira79@ybl,Axis,77,minimal,2026-05-16 08:00:00
ACC0001952,raniasarkar@oksbi,PNB,977,full,2023-11-28 08:00:00
ACC0001953,guhakeya@okhdfcbank,BOB,375,full,2025-07-22 08:00:00
ACC0001954,dattajayan@okicici,ICICI,1259,full,2023-02-19 08:00:00
ACC0001955,dharkrish@oksbi,HDFC,783,full,2024-06-09 08:00:00
ACC0001956,baiju70@okaxis,Paytm Payments Bank,1106,minimal,2023-07-22 08:00:00
ACC0001957,harinitara@okhdfcbank,Axis,1042,full,2023-09-24 08:00:00
ACC0001958,nitara51@okicici,PNB,420,full,2025-06-07 08:00:00
ACC0001959,dhingranehmat@oksbi,BOB,812,minimal,2024-05-11 08:00:00
ACC0001960,ydalia@oksbi,PNB,1258,full,2023-02-20 08:00:00
ACC0001961,zachariasaksham@okaxis,ICICI,417,full,2025-06-10 08:00:00
ACC0001962,mverma@okhdfcbank,PNB,328,none,2025-09-07 08:00:00
ACC0001963,chanderkiaan@ybl,Paytm Payments Bank,512,minimal,2025-03-07 08:00:00
ACC0001964,tmand@ybl,Paytm Payments Bank,787,full,2024-06-05 08:00:00
ACC0001965,bahrinishith@oksbi,Kotak,990,none,2023-11-15 08:00:00
ACC0001966,shamik76@oksbi,BOB,844,full,2024-04-09 08:00:00
ACC0001967,advikghose@ybl,PNB,1537,full,2022-05-17 08:00:00
ACC0001968,sumer43@okhdfcbank,SBI,1170,full,2023-05-19 08:00:00
ACC0001969,zoya04@okaxis,Kotak,510,none,2025-03-09 08:00:00
ACC0001970,bwalia@ybl,SBI,1953,full,2021-03-27 08:00:00
ACC0001971,mamooty25@ybl,BOB,1063,full,2023-09-03 08:00:00
ACC0001972,isaha@okicici,ICICI,838,none,2024-04-15 08:00:00
ACC0001973,sethivaibhav@okhdfcbank,ICICI,1175,full,2023-05-14 08:00:00
ACC0001974,zeeshandara@okaxis,Kotak,1061,minimal,2023-09-05 08:00:00
ACC0001975,aaryahidugal@okhdfcbank,Kotak,300,full,2025-10-05 08:00:00
ACC0001976,alia82@oksbi,PNB,916,full,2024-01-28 08:00:00
ACC0001977,neysabiswas@oksbi,Paytm Payments Bank,120,minimal,2026-04-03 08:00:00
ACC0001978,hirandubey@okicici,Kotak,1739,minimal,2021-10-27 08:00:00
ACC0001979,adahsolanki@okicici,PNB,609,full,2024-11-30 08:00:00
ACC0001980,neysamandal@oksbi,Kotak,922,full,2024-01-22 08:00:00
ACC0001981,samarbandi@oksbi,Paytm Payments Bank,1036,full,2023-09-30 08:00:00
ACC0001982,chandasamar@okhdfcbank,Axis,334,full,2025-09-01 08:00:00
ACC0001983,samihaaurora@okicici,ICICI,993,full,2023-11-12 08:00:00
ACC0001984,zain64@okhdfcbank,Paytm Payments Bank,923,full,2024-01-21 08:00:00
ACC0001985,osharma@ybl,Paytm Payments Bank,760,full,2024-07-02 08:00:00
ACC0001986,indrajit31@oksbi,HDFC,260,full,2025-11-14 08:00:00
ACC0001987,kabirarya@okicici,ICICI,447,minimal,2025-05-11 08:00:00
ACC0001988,mahika99@ybl,PNB,1565,full,2022-04-19 08:00:00
ACC0001989,kimayadalia@ybl,Axis,1388,full,2022-10-13 08:00:00
ACC0001990,piyaarya@ybl,ICICI,38,full,2026-06-24 08:00:00
ACC0001991,dhanush72@oksbi,Paytm Payments Bank,187,full,2026-01-26 08:00:00
ACC0001992,psawhney@okicici,SBI,1847,full,2021-07-11 08:00:00
ACC0001993,kabir67@okhdfcbank,BOB,1423,full,2022-09-08 08:00:00
ACC0001994,kbiswas@okhdfcbank,Kotak,1932,full,2021-04-17 08:00:00
ACC0001995,mamootybabu@okaxis,Paytm Payments Bank,196,full,2026-01-17 08:00:00
ACC0001996,asinghal@okicici,SBI,1986,full,2021-02-22 08:00:00
ACC0001997,zain33@ybl,Paytm Payments Bank,119,full,2026-04-04 08:00:00
ACC0001998,chiragchakrabarti@ybl,ICICI,1528,full,2022-05-26 08:00:00
ACC0001999,nverma@okicici,Kotak,129,minimal,2026-03-25 08:00:00
ACC0002000,usankaran@okhdfcbank,BOB,1553,full,2022-05-01 08:00:00
ACC0002001,pwali@oksbi,Axis,552,none,2025-01-26 08:00:00
ACC0002002,xjain@okaxis,HDFC,1802,full,2021-08-25 08:00:00
ACC0002003,ramanathansara@oksbi,BOB,456,minimal,2025-05-02 08:00:00
ACC0002004,usem@oksbi,HDFC,613,full,2024-11-26 08:00:00
ACC0002005,vramesh@okaxis,PNB,1670,minimal,2022-01-04 08:00:00
ACC0002006,lademir@oksbi,Kotak,1265,full,2023-02-13 08:00:00
ACC0002007,ckari@okicici,Axis,1734,full,2021-11-01 08:00:00
ACC0002008,elaluthra@okaxis,Paytm Payments Bank,1843,full,2021-07-15 08:00:00
ACC0002009,cshah@okaxis,HDFC,1259,minimal,2023-02-19 08:00:00
ACC0002010,wkuruvilla@okicici,ICICI,1690,full,2021-12-15 08:00:00
ACC0002011,chandranriaan@okhdfcbank,SBI,902,full,2024-02-11 08:00:00
ACC0002012,tissac@oksbi,ICICI,979,minimal,2023-11-26 08:00:00
ACC0002013,anahi26@ybl,HDFC,1109,full,2023-07-19 08:00:00
ACC0002014,manjari08@okhdfcbank,Paytm Payments Bank,925,full,2024-01-19 08:00:00
ACC0002015,anahithakkar@okicici,Axis,291,full,2025-10-14 08:00:00
ACC0002016,ubath@ybl,SBI,635,full,2024-11-04 08:00:00
ACC0002017,chanavanya@okhdfcbank,HDFC,1908,full,2021-05-11 08:00:00
ACC0002018,vihaanjhaveri@okhdfcbank,Paytm Payments Bank,875,full,2024-03-09 08:00:00
ACC0002019,alisha02@okicici,Kotak,1194,full,2023-04-25 08:00:00
ACC0002020,trajagopal@ybl,SBI,197,full,2026-01-16 08:00:00
ACC0002021,amanibath@okaxis,ICICI,1384,minimal,2022-10-17 08:00:00
ACC0002022,samarth21@okaxis,SBI,1756,full,2021-10-10 08:00:00
ACC0002023,bhandarirenee@okicici,Kotak,1825,full,2021-08-02 08:00:00
ACC0002024,xravel@okaxis,PNB,961,full,2023-12-14 08:00:00
ACC0002025,lalarhea@oksbi,Axis,1910,full,2021-05-09 08:00:00
ACC0002026,yseth@ybl,PNB,1559,minimal,2022-04-25 08:00:00
ACC0002027,uthkarshmaharaj@okaxis,SBI,247,full,2025-11-27 08:00:00
ACC0002028,xbains@okhdfcbank,ICICI,268,full,2025-11-06 08:00:00
ACC0002029,shamikmandal@okaxis,Paytm Payments Bank,972,full,2023-12-03 08:00:00
ACC0002030,ishaanvig@ybl,Kotak,1695,full,2021-12-10 08:00:00
ACC0002031,jayeshsodhi@okaxis,PNB,1443,full,2022-08-19 08:00:00
ACC0002032,kadakiaryan@okhdfcbank,Axis,306,full,2025-09-29 08:00:00
ACC0002033,samiha74@oksbi,SBI,62,full,2026-05-31 08:00:00
ACC0002034,fatehyogi@oksbi,Axis,1358,full,2022-11-12 08:00:00
ACC0002035,krishagarwal@ybl,Axis,1312,full,2022-12-28 08:00:00
ACC0002036,abram77@okaxis,ICICI,1606,full,2022-03-09 08:00:00
ACC0002037,zmagar@okhdfcbank,ICICI,74,minimal,2026-05-19 08:00:00
ACC0002038,ramanathanbhamini@okaxis,Paytm Payments Bank,1543,full,2022-05-11 08:00:00
ACC0002039,madhavraja@okaxis,Axis,1790,full,2021-09-06 08:00:00
ACC0002040,akaran@okaxis,SBI,1196,full,2023-04-23 08:00:00
ACC0002041,mbaral@okaxis,BOB,240,minimal,2025-12-04 08:00:00
ACC0002042,dasira@ybl,PNB,1539,full,2022-05-15 08:00:00
ACC0002043,miraya83@okaxis,Paytm Payments Bank,848,full,2024-04-05 08:00:00
ACC0002044,chandahunar@ybl,SBI,154,full,2026-02-28 08:00:00
ACC0002045,sachdevastuvan@ybl,HDFC,676,full,2024-09-24 08:00:00
ACC0002046,boraarhaan@okaxis,Paytm Payments Bank,1357,full,2022-11-13 08:00:00
ACC0002047,shalv10@okicici,Paytm Payments Bank,1305,full,2023-01-04 08:00:00
ACC0002048,joshijayesh@oksbi,PNB,72,full,2026-05-21 08:00:00
ACC0002049,paridhar@okicici,Paytm Payments Bank,991,full,2023-11-14 08:00:00
ACC0002050,amanishere@ybl,Kotak,479,minimal,2025-04-09 08:00:00
ACC0002051,armaan14@okaxis,ICICI,1777,minimal,2021-09-19 08:00:00
ACC0002052,tushar61@okaxis,BOB,1510,minimal,2022-06-13 08:00:00
ACC0002053,jupadhyay@okicici,Paytm Payments Bank,1408,minimal,2022-09-23 08:00:00
ACC0002054,dhingraanaya@oksbi,Axis,1759,full,2021-10-07 08:00:00
ACC0002055,gatiksaran@okhdfcbank,Paytm Payments Bank,1564,full,2022-04-20 08:00:00
ACC0002056,shalv86@oksbi,Paytm Payments Bank,438,full,2025-05-20 08:00:00
ACC0002057,rashacheema@okaxis,PNB,881,full,2024-03-03 08:00:00
ACC0002058,bhagatkaira@okhdfcbank,SBI,1170,full,2023-05-19 08:00:00
ACC0002059,khuranasamaira@okicici,ICICI,564,full,2025-01-14 08:00:00
ACC0002060,aaryahi95@ybl,SBI,1790,minimal,2021-09-06 08:00:00
ACC0002061,eshani99@okaxis,HDFC,721,full,2024-08-10 08:00:00
ACC0002062,hansh99@ybl,Axis,277,full,2025-10-28 08:00:00
ACC0002063,ulad@okicici,SBI,726,minimal,2024-08-05 08:00:00
ACC0002064,zkoshy@okicici,ICICI,1170,minimal,2023-05-19 08:00:00
ACC0002065,manjaridada@ybl,HDFC,1819,full,2021-08-08 08:00:00
ACC0002066,kartik01@okaxis,Paytm Payments Bank,1927,none,2021-04-22 08:00:00
ACC0002067,kaulmishti@okhdfcbank,HDFC,1577,minimal,2022-04-07 08:00:00
ACC0002068,shanlakshay@okhdfcbank,SBI,1278,full,2023-01-31 08:00:00
ACC0002069,cjhaveri@okhdfcbank,Axis,372,minimal,2025-07-25 08:00:00
ACC0002070,stuvan83@okicici,Paytm Payments Bank,351,minimal,2025-08-15 08:00:00
ACC0002071,reddykrish@okhdfcbank,ICICI,1050,full,2023-09-16 08:00:00
ACC0002072,onkar14@oksbi,HDFC,715,minimal,2024-08-16 08:00:00
ACC0002073,dishani85@okaxis,SBI,929,full,2024-01-15 08:00:00
ACC0002074,bhandaripiya@okaxis,Kotak,1687,full,2021-12-18 08:00:00
ACC0002075,shlok69@okhdfcbank,PNB,380,full,2025-07-17 08:00:00
ACC0002076,thamanjayant@okaxis,Kotak,1575,full,2022-04-09 08:00:00
ACC0002077,shalvthaman@oksbi,BOB,532,minimal,2025-02-15 08:00:00
ACC0002078,pari77@okaxis,BOB,312,minimal,2025-09-23 08:00:00
ACC0002079,royhimmat@okaxis,Kotak,1869,minimal,2021-06-19 08:00:00
ACC0002080,obrahmbhatt@oksbi,SBI,936,full,2024-01-08 08:00:00
ACC0002081,iwalla@okhdfcbank,HDFC,1089,full,2023-08-08 08:00:00
ACC0002082,anahi60@oksbi,BOB,852,full,2024-04-01 08:00:00
ACC0002083,jivika58@okhdfcbank,ICICI,1584,minimal,2022-03-31 08:00:00
ACC0002084,chawlakashvi@ybl,PNB,148,full,2026-03-06 08:00:00
ACC0002085,yasmin51@ybl,PNB,1844,full,2021-07-14 08:00:00
ACC0002086,ranbirtrivedi@okicici,SBI,672,minimal,2024-09-28 08:00:00
ACC0002087,garauthkarsh@ybl,ICICI,1873,full,2021-06-15 08:00:00
ACC0002088,kairaraman@oksbi,Paytm Payments Bank,943,full,2024-01-01 08:00:00
ACC0002089,mchander@okaxis,Axis,1847,minimal,2021-07-11 08:00:00
ACC0002090,venkateshvardaniya@okhdfcbank,Kotak,202,full,2026-01-11 08:00:00
ACC0002091,renee50@oksbi,PNB,1502,full,2022-06-21 08:00:00
ACC0002092,zain17@ybl,PNB,1077,full,2023-08-20 08:00:00
ACC0002093,umangkara@oksbi,SBI,1580,full,2022-04-04 08:00:00
ACC0002094,madhav84@ybl,PNB,1661,full,2022-01-13 08:00:00
ACC0002095,faiyazgrover@okicici,BOB,1615,none,2022-02-28 08:00:00
ACC0002096,soodkrish@okhdfcbank,Kotak,256,full,2025-11-18 08:00:00
ACC0002097,kapadiadishani@okicici,HDFC,1069,full,2023-08-28 08:00:00
ACC0002098,suraanya@okhdfcbank,Paytm Payments Bank,1363,full,2022-11-07 08:00:00
ACC0002099,kanavgarde@okhdfcbank,Paytm Payments Bank,1539,full,2022-05-15 08:00:00
ACC0002100,hsha@ybl,Axis,513,full,2025-03-06 08:00:00
ACC0002101,urvi52@ybl,ICICI,612,full,2024-11-27 08:00:00
ACC0002102,taraela@oksbi,HDFC,1094,full,2023-08-03 08:00:00
ACC0002103,lagansengupta@oksbi,Kotak,1222,full,2023-03-28 08:00:00
ACC0002104,karpevidur@okaxis,BOB,330,full,2025-09-05 08:00:00
ACC0002105,agatesahil@okaxis,ICICI,157,full,2026-02-25 08:00:00
ACC0002106,sankarkimaya@okhdfcbank,Kotak,943,full,2024-01-01 08:00:00
ACC0002107,ganesananahita@ybl,BOB,854,minimal,2024-03-30 08:00:00
ACC0002108,behlelakshi@okaxis,BOB,1226,none,2023-03-24 08:00:00
ACC0002109,akarsh94@okaxis,BOB,1441,minimal,2022-08-21 08:00:00
ACC0002110,samarthchaudhry@ybl,ICICI,325,full,2025-09-10 08:00:00
ACC0002111,reyanshdevi@oksbi,HDFC,967,full,2023-12-08 08:00:00
ACC0002112,trisha71@okaxis,SBI,962,full,2023-12-13 08:00:00
ACC0002113,indrajit24@ybl,Kotak,1963,minimal,2021-03-17 08:00:00
ACC0002114,amblemisha@ybl,BOB,273,full,2025-11-01 08:00:00
ACC0002115,chauhanhrishita@ybl,PNB,786,full,2024-06-06 08:00:00
ACC0002116,ira54@okhdfcbank,Kotak,343,full,2025-08-23 08:00:00
ACC0002117,reneesuri@okicici,PNB,796,full,2024-05-27 08:00:00
ACC0002118,kaira32@oksbi,ICICI,1650,minimal,2022-01-24 08:00:00
ACC0002119,dugalmanjari@okhdfcbank,PNB,893,minimal,2024-02-20 08:00:00
ACC0002120,hrishita70@oksbi,Paytm Payments Bank,471,full,2025-04-17 08:00:00
ACC0002121,aniruddhkeer@okicici,HDFC,1151,minimal,2023-06-07 08:00:00
ACC0002122,beraveer@okaxis,PNB,885,full,2024-02-28 08:00:00
ACC0002123,bassiaaryahi@okicici,BOB,1873,full,2021-06-15 08:00:00
ACC0002124,tchakraborty@ybl,ICICI,1504,minimal,2022-06-19 08:00:00
ACC0002125,wrandhawa@okaxis,Paytm Payments Bank,1063,full,2023-09-03 08:00:00
ACC0002126,shamik38@okicici,HDFC,335,minimal,2025-08-31 08:00:00
ACC0002127,shrofftarini@ybl,BOB,1390,full,2022-10-11 08:00:00
ACC0002128,imander@okaxis,Kotak,1873,full,2021-06-15 08:00:00
ACC0002129,talwarzaina@okaxis,PNB,1992,full,2021-02-16 08:00:00
ACC0002130,dbava@oksbi,SBI,1803,full,2021-08-24 08:00:00
ACC0002131,piya77@okicici,HDFC,1660,full,2022-01-14 08:00:00
ACC0002132,mamootybora@oksbi,SBI,204,none,2026-01-09 08:00:00
ACC0002133,tejas62@oksbi,Paytm Payments Bank,1098,full,2023-07-30 08:00:00
ACC0002134,vedika57@okhdfcbank,ICICI,68,none,2026-05-25 08:00:00
ACC0002135,eaurora@oksbi,Axis,593,minimal,2024-12-16 08:00:00
ACC0002136,wbhalla@ybl,Paytm Payments Bank,1748,full,2021-10-18 08:00:00
ACC0002137,kkashyap@ybl,Kotak,1122,full,2023-07-06 08:00:00
ACC0002138,tiya59@okaxis,SBI,122,full,2026-04-01 08:00:00
ACC0002139,diyabehl@okaxis,SBI,399,minimal,2025-06-28 08:00:00
ACC0002140,ttaneja@okaxis,PNB,679,full,2024-09-21 08:00:00
ACC0002141,gabaivana@ybl,ICICI,233,full,2025-12-11 08:00:00
ACC0002142,suleromil@okicici,HDFC,404,full,2025-06-23 08:00:00
ACC0002143,liyer@okaxis,ICICI,1980,full,2021-02-28 08:00:00
ACC0002144,ndar@okicici,ICICI,1998,full,2021-02-10 08:00:00
ACC0002145,irabuch@okicici,BOB,149,full,2026-03-05 08:00:00
ACC0002146,ehanda@okaxis,Kotak,321,full,2025-09-14 08:00:00
ACC0002147,lakshay96@okhdfcbank,SBI,1958,full,2021-03-22 08:00:00
ACC0002148,ymander@ybl,Axis,1570,full,2022-04-14 08:00:00
ACC0002149,inaaya-32@ybl,BOB,1570,minimal,2022-04-14 08:00:00
ACC0002150,shankarriya@okhdfcbank,Kotak,581,full,2024-12-28 08:00:00
ACC0002151,lbhandari@okhdfcbank,Paytm Payments Bank,863,full,2024-03-21 08:00:00
ACC0002152,jgaba@oksbi,SBI,1327,full,2022-12-13 08:00:00
ACC0002153,taraahana@okhdfcbank,Axis,1230,minimal,2023-03-20 08:00:00
ACC0002154,ryanjain@oksbi,PNB,1364,full,2022-11-06 08:00:00
ACC0002155,ramemir@okhdfcbank,Axis,943,minimal,2024-01-01 08:00:00
ACC0002156,fgade@okicici,ICICI,321,minimal,2025-09-14 08:00:00
ACC0002157,bathmadhav@okaxis,Paytm Payments Bank,1130,full,2023-06-28 08:00:00
ACC0002158,kavyazacharia@okaxis,PNB,1694,full,2021-12-11 08:00:00
ACC0002159,shuklahunar@okhdfcbank,SBI,372,minimal,2025-07-25 08:00:00
ACC0002160,alishalata@okicici,PNB,1017,minimal,2023-10-19 08:00:00
ACC0002161,vidur99@okicici,Axis,808,full,2024-05-15 08:00:00
ACC0002162,nchaudhari@okicici,SBI,1075,full,2023-08-22 08:00:00
ACC0002163,rohan94@ybl,HDFC,1123,full,2023-07-05 08:00:00
ACC0002164,wsekhon@okhdfcbank,ICICI,839,full,2024-04-14 08:00:00
ACC0002165,manneaayush@okaxis,Axis,602,full,2024-12-07 08:00:00
ACC0002166,ivaidya@okicici,Kotak,1990,full,2021-02-18 08:00:00
ACC0002167,biju58@okaxis,PNB,1571,full,2022-04-13 08:00:00
ACC0002168,acharyarenee@okicici,Axis,688,full,2024-09-12 08:00:00
ACC0002169,faiyaz40@okicici,SBI,1257,minimal,2023-02-21 08:00:00
ACC0002170,adahsarna@okhdfcbank,Paytm Payments Bank,303,full,2025-10-02 08:00:00
ACC0002171,urattan@oksbi,BOB,49,full,2026-06-13 08:00:00
ACC0002172,yjain@okaxis,BOB,1456,full,2022-08-06 08:00:00
ACC0002173,nmahajan@okhdfcbank,SBI,1642,minimal,2022-02-01 08:00:00
ACC0002174,anikaboase@okaxis,HDFC,1701,full,2021-12-04 08:00:00
ACC0002175,ivanahanda@okaxis,Kotak,1694,full,2021-12-11 08:00:00
ACC0002176,zeeshan24@okhdfcbank,HDFC,1748,full,2021-10-18 08:00:00
ACC0002177,himmatahluwalia@oksbi,Paytm Payments Bank,1947,full,2021-04-02 08:00:00
ACC0002178,sabharwaladvik@okhdfcbank,PNB,1551,full,2022-05-03 08:00:00
ACC0002179,sairawali@okicici,Axis,1482,full,2022-07-11 08:00:00
ACC0002180,bsaha@okicici,Axis,1286,full,2023-01-23 08:00:00
ACC0002181,dharmajanbiswas@okicici,SBI,1041,full,2023-09-25 08:00:00
ACC0002182,dvasa@ybl,Axis,1882,full,2021-06-06 08:00:00
ACC0002183,lratta@okaxis,HDFC,1711,minimal,2021-11-24 08:00:00
ACC0002184,bkumar@ybl,Paytm Payments Bank,1195,full,2023-04-24 08:00:00
ACC0002185,whanda@ybl,ICICI,426,full,2025-06-01 08:00:00
ACC0002186,kabirkala@okhdfcbank,ICICI,292,full,2025-10-13 08:00:00
ACC0002187,manicharvi@oksbi,PNB,1197,full,2023-04-22 08:00:00
ACC0002188,riyakrishna@okhdfcbank,PNB,1418,full,2022-09-13 08:00:00
ACC0002189,zain89@okaxis,SBI,1838,minimal,2021-07-20 08:00:00
ACC0002190,arhaan09@okhdfcbank,Kotak,1342,full,2022-11-28 08:00:00
ACC0002191,xsarraf@okicici,HDFC,863,full,2024-03-21 08:00:00
ACC0002192,mannananya@okaxis,Kotak,985,full,2023-11-20 08:00:00
ACC0002193,bobalsamiha@oksbi,SBI,119,full,2026-04-04 08:00:00
ACC0002194,anahita81@ybl,Paytm Payments Bank,890,full,2024-02-23 08:00:00
ACC0002195,dasanaya@oksbi,Kotak,832,full,2024-04-21 08:00:00
ACC0002196,sanimyra@okhdfcbank,Axis,1201,none,2023-04-18 08:00:00
ACC0002197,manjari05@okhdfcbank,Axis,897,full,2024-02-16 08:00:00
ACC0002198,keeramani@okicici,HDFC,704,full,2024-08-27 08:00:00
ACC0002199,umangat@okhdfcbank,Paytm Payments Bank,228,full,2025-12-16 08:00:00
ACC0002200,aaina54@ybl,Kotak,79,minimal,2026-05-14 08:00:00
ACC0002201,ivan09@okhdfcbank,Paytm Payments Bank,536,full,2025-02-11 08:00:00
ACC0002202,samiha94@okhdfcbank,Kotak,727,full,2024-08-04 08:00:00
ACC0002203,rauanika@okhdfcbank,Paytm Payments Bank,514,minimal,2025-03-05 08:00:00
ACC0002204,kairabal@okaxis,HDFC,1310,full,2022-12-30 08:00:00
ACC0002205,zoya90@okhdfcbank,BOB,154,full,2026-02-28 08:00:00
ACC0002206,aradhya12@okhdfcbank,ICICI,1766,full,2021-09-30 08:00:00
ACC0002207,varghesevardaniya@okaxis,SBI,1673,full,2022-01-01 08:00:00
ACC0002208,ojas29@okaxis,HDFC,1312,full,2022-12-28 08:00:00
ACC0002209,raghav40@ybl,SBI,144,full,2026-03-10 08:00:00
ACC0002210,ramakrishnanjayant@okaxis,HDFC,811,full,2024-05-12 08:00:00
ACC0002211,nirvikapoor@oksbi,SBI,871,full,2024-03-13 08:00:00
ACC0002212,zara24@okaxis,HDFC,980,full,2023-11-25 08:00:00
ACC0002213,aradhyachana@okhdfcbank,Paytm Payments Bank,1950,full,2021-03-30 08:00:00
ACC0002214,gargdharmajan@oksbi,HDFC,1233,full,2023-03-17 08:00:00
ACC0002215,kimayatara@okhdfcbank,Axis,1248,minimal,2023-03-02 08:00:00
ACC0002216,bhaminishetty@ybl,PNB,288,full,2025-10-17 08:00:00
ACC0002217,ysolanki@ybl,Paytm Payments Bank,1015,full,2023-10-21 08:00:00
ACC0002218,nitarakannan@okhdfcbank,SBI,311,full,2025-09-24 08:00:00
ACC0002219,lakshaymani@okaxis,Kotak,1227,full,2023-03-23 08:00:00
ACC0002220,baiju41@ybl,ICICI,1842,full,2021-07-16 08:00:00
ACC0002221,chackoanahi@ybl,Kotak,662,full,2024-10-08 08:00:00
ACC0002222,tkhanna@ybl,ICICI,46,full,2026-06-16 08:00:00
ACC0002223,wshenoy@ybl,SBI,1068,full,2023-08-29 08:00:00
ACC0002224,vaibhavsanghvi@oksbi,Axis,430,minimal,2025-05-28 08:00:00
ACC0002225,qkhalsa@oksbi,Paytm Payments Bank,729,full,2024-08-02 08:00:00
ACC0002226,evavirk@ybl,Kotak,987,minimal,2023-11-18 08:00:00
ACC0002227,sahuja@okicici,PNB,1189,full,2023-04-30 08:00:00
ACC0002228,rhalder@okhdfcbank,Paytm Payments Bank,362,minimal,2025-08-04 08:00:00
ACC0002229,eva01@okhdfcbank,Paytm Payments Bank,1894,full,2021-05-25 08:00:00
ACC0002230,adah94@oksbi,Axis,37,full,2026-06-25 08:00:00
ACC0002231,purab41@oksbi,Paytm Payments Bank,466,full,2025-04-22 08:00:00
ACC0002232,neysa96@okicici,BOB,1980,full,2021-02-28 08:00:00
ACC0002233,rsom@okhdfcbank,Kotak,407,full,2025-06-20 08:00:00
ACC0002234,sanasamra@okhdfcbank,HDFC,762,full,2024-06-30 08:00:00
ACC0002235,elakshiganguly@oksbi,Kotak,931,full,2024-01-13 08:00:00
ACC0002236,sakshammahal@oksbi,Axis,90,full,2026-05-03 08:00:00
ACC0002237,samraaayush@okicici,ICICI,478,full,2025-04-10 08:00:00
ACC0002238,ahujazain@oksbi,ICICI,1165,full,2023-05-24 08:00:00
ACC0002239,lalaehsaan@okicici,HDFC,390,full,2025-07-07 08:00:00
ACC0002240,ogill@oksbi,BOB,1417,full,2022-09-14 08:00:00
ACC0002241,ojas30@okhdfcbank,Kotak,1842,minimal,2021-07-16 08:00:00
ACC0002242,raodivij@okaxis,Axis,654,full,2024-10-16 08:00:00
ACC0002243,rajannirvi@oksbi,BOB,792,minimal,2024-05-31 08:00:00
ACC0002244,kismatray@okhdfcbank,ICICI,163,minimal,2026-02-19 08:00:00
ACC0002245,sathefateh@oksbi,Axis,297,full,2025-10-08 08:00:00
ACC0002246,vartylavanya@okicici,Kotak,1452,full,2022-08-10 08:00:00
ACC0002247,uthkarshsaha@oksbi,SBI,1332,minimal,2022-12-08 08:00:00
ACC0002248,faiyazsarin@oksbi,PNB,1232,minimal,2023-03-18 08:00:00
ACC0002249,ojasdin@oksbi,SBI,701,full,2024-08-30 08:00:00
ACC0002250,esahota@oksbi,Paytm Payments Bank,603,full,2024-12-06 08:00:00
ACC0002251,xdevi@okaxis,HDFC,196,full,2026-01-17 08:00:00
ACC0002252,qsaraf@ybl,Kotak,824,full,2024-04-29 08:00:00
ACC0002253,onkar21@oksbi,Kotak,980,full,2023-11-25 08:00:00
ACC0002254,urvi06@okaxis,Paytm Payments Bank,1106,full,2023-07-22 08:00:00
ACC0002255,dganesan@okaxis,SBI,1220,full,2023-03-30 08:00:00
ACC0002256,prerak27@oksbi,Paytm Payments Bank,1862,minimal,2021-06-26 08:00:00
ACC0002257,korpalkrish@oksbi,PNB,840,full,2024-04-13 08:00:00
ACC0002258,pchakraborty@ybl,ICICI,802,minimal,2024-05-21 08:00:00
ACC0002259,jbhagat@okicici,HDFC,796,full,2024-05-27 08:00:00
ACC0002260,nchopra@okicici,Paytm Payments Bank,202,full,2026-01-11 08:00:00
ACC0002261,kantsaanvi@ybl,SBI,501,full,2025-03-18 08:00:00
ACC0002262,ehsaan01@okicici,BOB,1302,full,2023-01-07 08:00:00
ACC0002263,mangalsamiha@okaxis,Kotak,915,minimal,2024-01-29 08:00:00
ACC0002264,urvi70@okicici,BOB,679,full,2024-09-21 08:00:00
ACC0002265,pborde@oksbi,PNB,934,full,2024-01-10 08:00:00
ACC0002266,bahlnitya@okhdfcbank,PNB,765,minimal,2024-06-27 08:00:00
ACC0002267,jdeol@ybl,HDFC,1080,minimal,2023-08-17 08:00:00
ACC0002268,vihaan90@oksbi,HDFC,1927,full,2021-04-22 08:00:00
ACC0002269,bkhare@okhdfcbank,Axis,767,full,2024-06-25 08:00:00
ACC0002270,uuppal@okicici,PNB,1412,full,2022-09-19 08:00:00
ACC0002271,madanmamooty@okicici,Axis,1700,full,2021-12-05 08:00:00
ACC0002272,handaprisha@ybl,PNB,312,full,2025-09-23 08:00:00
ACC0002273,kbhat@okicici,Kotak,643,minimal,2024-10-27 08:00:00
ACC0002274,shamik46@okaxis,SBI,857,full,2024-03-27 08:00:00
ACC0002275,ravalneelofar@oksbi,BOB,1079,full,2023-08-18 08:00:00
ACC0002276,goswamihazel@oksbi,Paytm Payments Bank,1511,full,2022-06-12 08:00:00
ACC0002277,dhanush74@ybl,Paytm Payments Bank,1232,full,2023-03-18 08:00:00
ACC0002278,jayeshmalhotra@okicici,HDFC,974,full,2023-12-01 08:00:00
ACC0002279,handanitara@okaxis,BOB,414,full,2025-06-13 08:00:00
ACC0002280,rohansarin@ybl,SBI,951,full,2023-12-24 08:00:00
ACC0002281,gwason@oksbi,PNB,1212,minimal,2023-04-07 08:00:00
ACC0002282,aradhya17@okaxis,Kotak,49,full,2026-06-13 08:00:00
ACC0002283,hiranbadami@okaxis,BOB,888,minimal,2024-02-25 08:00:00
ACC0002284,anaysem@ybl,PNB,1444,full,2022-08-18 08:00:00
ACC0002285,ayeshahayer@ybl,SBI,77,minimal,2026-05-16 08:00:00
ACC0002286,sulehrishita@okicici,BOB,344,none,2025-08-22 08:00:00
ACC0002287,charvi87@okaxis,HDFC,448,full,2025-05-10 08:00:00
ACC0002288,badamishayak@okaxis,HDFC,415,full,2025-06-12 08:00:00
ACC0002289,gangulyvedika@okaxis,PNB,2000,full,2021-02-08 08:00:00
ACC0002290,jainfateh@ybl,ICICI,243,full,2025-12-01 08:00:00
ACC0002291,zarasachdeva@ybl,Paytm Payments Bank,1441,full,2022-08-21 08:00:00
ACC0002292,isane@okhdfcbank,BOB,437,full,2025-05-21 08:00:00
ACC0002293,sehermann@okicici,HDFC,507,full,2025-03-12 08:00:00
ACC0002294,devanshbadami@ybl,SBI,784,full,2024-06-08 08:00:00
ACC0002295,ayeshasachdeva@okaxis,BOB,1790,full,2021-09-06 08:00:00
ACC0002296,keermiraya@oksbi,BOB,256,full,2025-11-18 08:00:00
ACC0002297,dararati@okaxis,Axis,170,full,2026-02-12 08:00:00
ACC0002298,abramchadha@okicici,BOB,451,minimal,2025-05-07 08:00:00
ACC0002299,zachariahryan@okaxis,ICICI,1391,full,2022-10-10 08:00:00
ACC0002300,karimanjari@okicici,Axis,1953,full,2021-03-27 08:00:00
ACC0002301,kiarabalay@okaxis,PNB,1432,full,2022-08-30 08:00:00
ACC0002302,bhandaricharvi@okaxis,HDFC,322,minimal,2025-09-13 08:00:00
ACC0002303,chiragsuri@oksbi,Kotak,1268,minimal,2023-02-10 08:00:00
ACC0002304,aaryahiganguly@okaxis,Paytm Payments Bank,1830,full,2021-07-28 08:00:00
ACC0002305,hgaba@okhdfcbank,PNB,110,full,2026-04-13 08:00:00
ACC0002306,samarthtoor@okaxis,Kotak,1911,full,2021-05-08 08:00:00
ACC0002307,tarinibajaj@okicici,BOB,1487,full,2022-07-06 08:00:00
ACC0002308,shamikbalay@oksbi,BOB,1688,full,2021-12-17 08:00:00
ACC0002309,devanhridaan@ybl,BOB,1873,full,2021-06-15 08:00:00
ACC0002310,schad@oksbi,HDFC,1895,full,2021-05-24 08:00:00
ACC0002311,ishita27@okhdfcbank,Axis,1966,minimal,2021-03-14 08:00:00
ACC0002312,kavyabahri@okicici,PNB,353,full,2025-08-13 08:00:00
ACC0002313,divyanshsule@oksbi,Paytm Payments Bank,166,full,2026-02-16 08:00:00
ACC0002314,ksood@ybl,HDFC,1590,none,2022-03-25 08:00:00
ACC0002315,wablearadhya@okhdfcbank,Kotak,186,full,2026-01-27 08:00:00
ACC0002316,aggarwalaarush@okicici,Axis,367,full,2025-07-30 08:00:00
ACC0002317,dhruvsastry@okhdfcbank,HDFC,976,full,2023-11-29 08:00:00
ACC0002318,zeeshan72@okaxis,BOB,1413,full,2022-09-18 08:00:00
ACC0002319,hridaanreddy@oksbi,BOB,847,full,2024-04-06 08:00:00
ACC0002320,elakshi76@okhdfcbank,ICICI,543,full,2025-02-04 08:00:00
ACC0002321,jayantramaswamy@okaxis,Paytm Payments Bank,1563,full,2022-04-21 08:00:00
ACC0002322,rajujivin@ybl,Axis,199,full,2026-01-14 08:00:00
ACC0002323,framesh@oksbi,Paytm Payments Bank,926,minimal,2024-01-18 08:00:00
ACC0002324,stuvan60@oksbi,ICICI,1753,minimal,2021-10-13 08:00:00
ACC0002325,kartikbhargava@okhdfcbank,ICICI,1273,full,2023-02-05 08:00:00
ACC0002326,ranganathantaran@okaxis,ICICI,1124,full,2023-07-04 08:00:00
ACC0002327,anahisolanki@okhdfcbank,PNB,1593,full,2022-03-22 08:00:00
ACC0002328,raghavbala@oksbi,Axis,763,full,2024-06-29 08:00:00
ACC0002329,faiyazsunder@ybl,Axis,1858,full,2021-06-30 08:00:00
ACC0002330,piyauppal@ybl,HDFC,127,full,2026-03-27 08:00:00
ACC0002331,lkothari@okaxis,SBI,661,full,2024-10-09 08:00:00
ACC0002332,oorjabains@okaxis,Axis,129,minimal,2026-03-25 08:00:00
ACC0002333,roytejas@oksbi,Axis,797,full,2024-05-26 08:00:00
ACC0002334,lakshay64@okhdfcbank,SBI,893,full,2024-02-20 08:00:00
ACC0002335,mannat70@okhdfcbank,Axis,423,none,2025-06-04 08:00:00
ACC0002336,shankerbaiju@oksbi,ICICI,227,full,2025-12-17 08:00:00
ACC0002337,indranilsrivastava@okhdfcbank,Kotak,1079,full,2023-08-18 08:00:00
ACC0002338,kibedrishya@oksbi,Axis,1313,minimal,2022-12-27 08:00:00
ACC0002339,banikmiraan@okaxis,HDFC,839,full,2024-04-14 08:00:00
ACC0002340,lrajagopalan@okicici,Kotak,246,full,2025-11-28 08:00:00
ACC0002341,aaina35@okicici,SBI,853,full,2024-03-31 08:00:00
ACC0002342,vanyabhakta@oksbi,HDFC,969,full,2023-12-06 08:00:00
ACC0002343,manikya13@ybl,Kotak,600,full,2024-12-09 08:00:00
ACC0002344,mvirk@oksbi,BOB,1843,full,2021-07-15 08:00:00
ACC0002345,owalla@okaxis,HDFC,1256,full,2023-02-22 08:00:00
ACC0002346,keerkeya@ybl,ICICI,1650,full,2022-01-24 08:00:00
ACC0002347,bbala@ybl,Kotak,224,none,2025-12-20 08:00:00
ACC0002348,madhavramaswamy@okaxis,ICICI,1456,full,2022-08-06 08:00:00
ACC0002349,ychakraborty@okicici,Paytm Payments Bank,1331,full,2022-12-09 08:00:00
ACC0002350,himmat73@ybl,Paytm Payments Bank,66,full,2026-05-27 08:00:00
ACC0002351,purab35@oksbi,SBI,1341,full,2022-11-29 08:00:00
ACC0002352,arhaansaraf@okhdfcbank,PNB,1292,full,2023-01-17 08:00:00
ACC0002353,deyhimmat@oksbi,HDFC,907,full,2024-02-06 08:00:00
ACC0002354,varkeyanahita@okaxis,PNB,797,full,2024-05-26 08:00:00
ACC0002355,kkadakia@oksbi,SBI,799,full,2024-05-24 08:00:00
ACC0002356,madhup49@ybl,Paytm Payments Bank,1515,full,2022-06-08 08:00:00
ACC0002357,vritikasundaram@oksbi,PNB,703,full,2024-08-28 08:00:00
ACC0002358,kashvimalhotra@okhdfcbank,BOB,1641,full,2022-02-02 08:00:00
ACC0002359,dhruvjha@okhdfcbank,Axis,620,minimal,2024-11-19 08:00:00
ACC0002360,nvenkataraman@okicici,Axis,708,full,2024-08-23 08:00:00
ACC0002361,dtoor@oksbi,Axis,140,full,2026-03-14 08:00:00
ACC0002362,abram63@ybl,Kotak,811,full,2024-05-12 08:00:00
ACC0002363,shaankalla@okhdfcbank,HDFC,1319,minimal,2022-12-21 08:00:00
ACC0002364,kiaraborde@oksbi,SBI,173,full,2026-02-09 08:00:00
ACC0002365,joshiazad@oksbi,ICICI,319,full,2025-09-16 08:00:00
ACC0002366,keersana@ybl,Axis,1243,full,2023-03-07 08:00:00
ACC0002367,kalaeva@okaxis,Paytm Payments Bank,190,full,2026-01-23 08:00:00
ACC0002368,zkhatri@oksbi,Axis,1507,full,2022-06-16 08:00:00
ACC0002369,karabhamini@oksbi,PNB,1270,full,2023-02-08 08:00:00
ACC0002370,dharmajanmallick@oksbi,PNB,948,minimal,2023-12-27 08:00:00
ACC0002371,sarafsana@okhdfcbank,Kotak,1015,full,2023-10-21 08:00:00
ACC0002372,ichopra@okaxis,Paytm Payments Bank,373,full,2025-07-24 08:00:00
ACC0002373,ritvik31@okaxis,ICICI,1278,minimal,2023-01-31 08:00:00
ACC0002374,khatrioorja@okaxis,SBI,1655,minimal,2022-01-19 08:00:00
ACC0002375,ishaan79@okhdfcbank,PNB,905,full,2024-02-08 08:00:00
ACC0002376,karananahi@ybl,ICICI,342,full,2025-08-24 08:00:00
ACC0002377,reneejain@okicici,Paytm Payments Bank,979,full,2023-11-26 08:00:00
ACC0002378,vritikaviswanathan@ybl,Paytm Payments Bank,1181,full,2023-05-08 08:00:00
ACC0002379,mishti70@okaxis,Axis,309,full,2025-09-26 08:00:00
ACC0002380,hansprisha@okhdfcbank,SBI,418,minimal,2025-06-09 08:00:00
ACC0002381,eva04@okicici,Paytm Payments Bank,1525,full,2022-05-29 08:00:00
ACC0002382,rshetty@okaxis,Kotak,881,full,2024-03-03 08:00:00
ACC0002383,vedikasani@ybl,HDFC,660,full,2024-10-10 08:00:00
ACC0002384,raoshamik@okhdfcbank,BOB,109,minimal,2026-04-14 08:00:00
ACC0002385,kurianpari@oksbi,BOB,362,none,2025-08-04 08:00:00
ACC0002386,baiju16@okicici,Paytm Payments Bank,1609,full,2022-03-06 08:00:00
ACC0002387,anahita90@okhdfcbank,BOB,784,minimal,2024-06-08 08:00:00
ACC0002388,tejas28@oksbi,Axis,1536,full,2022-05-18 08:00:00
ACC0002389,mandrhea@okicici,SBI,1917,full,2021-05-02 08:00:00
ACC0002390,hiranganesh@oksbi,PNB,1351,full,2022-11-19 08:00:00
ACC0002391,hrishitabhandari@oksbi,PNB,1963,full,2021-03-17 08:00:00
ACC0002392,wshan@oksbi,SBI,1214,full,2023-04-05 08:00:00
ACC0002393,suhanasharma@okaxis,BOB,219,full,2025-12-25 08:00:00
ACC0002394,samarthgoda@okhdfcbank,Axis,1875,minimal,2021-06-13 08:00:00
ACC0002395,damini64@okaxis,PNB,369,full,2025-07-28 08:00:00
ACC0002396,balayumang@ybl,BOB,1055,full,2023-09-11 08:00:00
ACC0002397,alisha78@okaxis,HDFC,1533,full,2022-05-21 08:00:00
ACC0002398,keerrhea@okicici,ICICI,1202,full,2023-04-17 08:00:00
ACC0002399,alisha95@okaxis,PNB,459,full,2025-04-29 08:00:00
ACC0002400,chandraamira@okaxis,SBI,374,full,2025-07-23 08:00:00
ACC0002401,bariavihaan@okaxis,BOB,1614,full,2022-03-01 08:00:00
ACC0002402,reyanshbarad@okaxis,ICICI,1531,full,2022-05-23 08:00:00
ACC0002403,butalaraghav@oksbi,Axis,411,full,2025-06-16 08:00:00
ACC0002404,sarinhunar@okhdfcbank,Paytm Payments Bank,1059,full,2023-09-07 08:00:00
ACC0002405,nborra@oksbi,Axis,465,full,2025-04-23 08:00:00
ACC0002406,dinzeeshan@oksbi,PNB,404,none,2025-06-23 08:00:00
ACC0002407,anikaghose@okaxis,Paytm Payments Bank,1815,full,2021-08-12 08:00:00
ACC0002408,vkapadia@okhdfcbank,ICICI,1308,full,2023-01-01 08:00:00
ACC0002409,dhingrakanav@okaxis,HDFC,205,full,2026-01-08 08:00:00
ACC0002410,aptezaina@okhdfcbank,Axis,730,full,2024-08-01 08:00:00
ACC0002411,elakshiroy@okhdfcbank,SBI,1407,full,2022-09-24 08:00:00
ACC0002412,zain95@okhdfcbank,SBI,1569,full,2022-04-15 08:00:00
ACC0002413,aradhya98@okhdfcbank,BOB,1099,full,2023-07-29 08:00:00
ACC0002414,tkarnik@okicici,Paytm Payments Bank,2000,full,2021-02-08 08:00:00
ACC0002415,vritikadua@ybl,BOB,720,full,2024-08-11 08:00:00
ACC0002416,vritikade@okicici,Kotak,1426,minimal,2022-09-05 08:00:00
ACC0002417,anyagrewal@okicici,BOB,1957,full,2021-03-23 08:00:00
ACC0002418,trisha02@okicici,Kotak,147,minimal,2026-03-07 08:00:00
ACC0002419,raunak72@okaxis,BOB,36,full,2026-06-26 08:00:00
ACC0002420,riyaloyal@oksbi,SBI,1848,full,2021-07-10 08:00:00
ACC0002421,jivin22@ybl,PNB,1809,none,2021-08-18 08:00:00
ACC0002422,miraanbhardwaj@oksbi,Kotak,1568,full,2022-04-16 08:00:00
ACC0002423,duttkashvi@okaxis,BOB,1435,full,2022-08-27 08:00:00
ACC0002424,advikade@okicici,SBI,36,full,2026-06-26 08:00:00
ACC0002425,kabir38@okhdfcbank,Kotak,1818,full,2021-08-09 08:00:00
ACC0002426,salvisamar@ybl,Paytm Payments Bank,508,full,2025-03-11 08:00:00
ACC0002427,hunar57@okhdfcbank,Kotak,1284,full,2023-01-25 08:00:00
ACC0002428,hazeldora@okaxis,HDFC,1937,full,2021-04-12 08:00:00
ACC0002429,arorayuvaan@ybl,Axis,631,full,2024-11-08 08:00:00
ACC0002430,jsodhi@ybl,SBI,1811,full,2021-08-16 08:00:00
ACC0002431,jdutta@okhdfcbank,PNB,1661,minimal,2022-01-13 08:00:00
ACC0002432,shankarinaaya@okaxis,ICICI,1153,minimal,2023-06-05 08:00:00
ACC0002433,neelofar47@okhdfcbank,Paytm Payments Bank,1985,full,2021-02-23 08:00:00
ACC0002434,tanya92@oksbi,Axis,523,full,2025-02-24 08:00:00
ACC0002435,sgara@okhdfcbank,HDFC,1963,full,2021-03-17 08:00:00
ACC0002436,settyanvi@okhdfcbank,ICICI,1495,minimal,2022-06-28 08:00:00
ACC0002437,boaseparinaaz@okaxis,PNB,698,full,2024-09-02 08:00:00
ACC0002438,dubeanay@okaxis,HDFC,557,full,2025-01-21 08:00:00
ACC0002439,oranganathan@ybl,Paytm Payments Bank,1919,full,2021-04-30 08:00:00
ACC0002440,fgokhale@okicici,Axis,1446,minimal,2022-08-16 08:00:00
ACC0002441,bhavin93@ybl,HDFC,1599,full,2022-03-16 08:00:00
ACC0002442,vardaniyasinha@okaxis,BOB,802,minimal,2024-05-21 08:00:00
ACC0002443,kiaan01@okicici,HDFC,487,full,2025-04-01 08:00:00
ACC0002444,qsandhu@okhdfcbank,Kotak,258,full,2025-11-16 08:00:00
ACC0002445,kundavihaan@oksbi,HDFC,1949,full,2021-03-31 08:00:00
ACC0002446,ayeshadutt@okicici,BOB,290,full,2025-10-15 08:00:00
ACC0002447,samataran@okicici,SBI,33,full,2026-06-29 08:00:00
ACC0002448,tborah@okaxis,BOB,418,full,2025-06-09 08:00:00
ACC0002449,ygoyal@oksbi,Axis,777,full,2024-06-15 08:00:00
ACC0002450,abram45@ybl,Paytm Payments Bank,48,full,2026-06-14 08:00:00
ACC0002451,ryan78@okicici,Axis,1701,full,2021-12-04 08:00:00
ACC0002452,chokshisamiha@oksbi,PNB,963,full,2023-12-12 08:00:00
ACC0002453,ashanker@okhdfcbank,Kotak,1392,full,2022-10-09 08:00:00
ACC0002454,kdhawan@okhdfcbank,PNB,1440,none,2022-08-22 08:00:00
ACC0002455,asethi@ybl,Paytm Payments Bank,1476,full,2022-07-17 08:00:00
ACC0002456,khushiram@okaxis,PNB,471,full,2025-04-17 08:00:00
ACC0002457,boralakshay@okhdfcbank,Kotak,801,full,2024-05-22 08:00:00
ACC0002458,anika85@oksbi,Axis,1497,full,2022-06-26 08:00:00
ACC0002459,rajagopaltanya@oksbi,Paytm Payments Bank,137,full,2026-03-17 08:00:00
ACC0002460,abasu@oksbi,SBI,642,full,2024-10-28 08:00:00
ACC0002461,rreddy@okaxis,Paytm Payments Bank,721,none,2024-08-10 08:00:00
ACC0002462,jchahal@okaxis,BOB,1581,full,2022-04-03 08:00:00
ACC0002463,ksavant@okicici,PNB,1518,full,2022-06-05 08:00:00
ACC0002464,krishchander@ybl,BOB,429,full,2025-05-29 08:00:00
ACC0002465,jdhillon@ybl,SBI,692,minimal,2024-09-08 08:00:00
ACC0002466,tbail@okicici,Paytm Payments Bank,1483,full,2022-07-10 08:00:00
ACC0002467,bhamini87@oksbi,Paytm Payments Bank,1212,full,2023-04-07 08:00:00
ACC0002468,anaysule@oksbi,Axis,626,full,2024-11-13 08:00:00
ACC0002469,boseprerak@oksbi,SBI,1562,full,2022-04-22 08:00:00
ACC0002470,navya71@ybl,HDFC,1783,full,2021-09-13 08:00:00
ACC0002471,zeeshan27@oksbi,BOB,1788,none,2021-09-08 08:00:00
ACC0002472,aniruddhbhasin@oksbi,SBI,904,full,2024-02-09 08:00:00
ACC0002473,bhamini19@oksbi,SBI,1000,full,2023-11-05 08:00:00
ACC0002474,kavya79@okicici,BOB,1085,none,2023-08-12 08:00:00
ACC0002475,qvig@okaxis,Axis,1314,full,2022-12-26 08:00:00
ACC0002476,hsaran@okaxis,Paytm Payments Bank,523,full,2025-02-24 08:00:00
ACC0002477,drishya90@oksbi,BOB,1250,minimal,2023-02-28 08:00:00
ACC0002478,ishaan90@okhdfcbank,Paytm Payments Bank,1658,minimal,2022-01-16 08:00:00
ACC0002479,samarkashyap@okaxis,PNB,1361,full,2022-11-09 08:00:00
ACC0002480,taimurbumb@okicici,SBI,941,full,2024-01-03 08:00:00
ACC0002481,deshpandetaran@okhdfcbank,Paytm Payments Bank,199,full,2026-01-14 08:00:00
ACC0002482,wravi@ybl,Axis,1890,full,2021-05-29 08:00:00
ACC0002483,dhillonriaan@ybl,Paytm Payments Bank,1203,full,2023-04-16 08:00:00
ACC0002484,kuriankartik@okhdfcbank,ICICI,1556,full,2022-04-28 08:00:00
ACC0002485,tarinibatta@okaxis,PNB,1350,full,2022-11-20 08:00:00
ACC0002486,inaaya-edwin@okicici,HDFC,233,full,2025-12-11 08:00:00
ACC0002487,piya44@ybl,ICICI,1795,full,2021-09-01 08:00:00
ACC0002488,divit89@okhdfcbank,BOB,1465,full,2022-07-28 08:00:00
ACC0002489,hridaan02@ybl,Paytm Payments Bank,1128,full,2023-06-30 08:00:00
ACC0002490,umang76@ybl,HDFC,1744,minimal,2021-10-22 08:00:00
ACC0002491,ishaan13@okhdfcbank,ICICI,454,minimal,2025-05-04 08:00:00
ACC0002492,daminichoudhry@oksbi,SBI,1453,full,2022-08-09 08:00:00
ACC0002493,yashviyadav@okicici,HDFC,1669,full,2022-01-05 08:00:00
ACC0002494,joshiamira@oksbi,ICICI,1207,full,2023-04-12 08:00:00
ACC0002495,bhardwajhansh@okhdfcbank,HDFC,555,none,2025-01-23 08:00:00
ACC0002496,khatristuvan@okicici,Kotak,1066,none,2023-08-31 08:00:00
ACC0002497,prisha52@okaxis,SBI,381,full,2025-07-16 08:00:00
ACC0002498,mwalia@ybl,PNB,124,full,2026-03-30 08:00:00
ACC0002499,jayant40@oksbi,Paytm Payments Bank,941,full,2024-01-03 08:00:00
ACC0002500,choudhrygokul@okicici,Axis,1100,full,2023-07-28 08:00:00
ACC0002501,prishacomar@okhdfcbank,Axis,1387,full,2022-10-14 08:00:00
ACC0002502,gokul32@okicici,Axis,320,none,2025-09-15 08:00:00
ACC0002503,kalaprisha@ybl,Axis,1263,full,2023-02-15 08:00:00
ACC0002504,baradadvik@oksbi,BOB,598,full,2024-12-11 08:00:00
ACC0002505,bshukla@okicici,BOB,552,full,2025-01-26 08:00:00
ACC0002506,chaudhariemir@okaxis,Paytm Payments Bank,364,full,2025-08-02 08:00:00
ACC0002507,sundaramnirvi@okaxis,ICICI,550,full,2025-01-28 08:00:00
ACC0002508,keerfateh@okicici,Axis,174,full,2026-02-08 08:00:00
ACC0002509,azad14@ybl,ICICI,1184,full,2023-05-05 08:00:00
ACC0002510,shroffdivit@okicici,BOB,344,full,2025-08-22 08:00:00
ACC0002511,ramachandranlagan@oksbi,HDFC,1266,full,2023-02-12 08:00:00
ACC0002512,kabirsampath@okhdfcbank,BOB,1118,full,2023-07-10 08:00:00
ACC0002513,aniruddh12@okhdfcbank,Kotak,1341,minimal,2022-11-29 08:00:00
ACC0002514,kavya55@okicici,ICICI,1623,minimal,2022-02-20 08:00:00
ACC0002515,daminisridhar@okicici,SBI,492,full,2025-03-27 08:00:00
ACC0002516,dishanimane@okaxis,HDFC,485,minimal,2025-04-03 08:00:00
ACC0002517,bawakavya@oksbi,PNB,282,full,2025-10-23 08:00:00
ACC0002518,lallamadhav@okaxis,HDFC,1682,full,2021-12-23 08:00:00
ACC0002519,raunakchada@ybl,PNB,1464,full,2022-07-29 08:00:00
ACC0002520,seshadridivyansh@okhdfcbank,SBI,1274,full,2023-02-04 08:00:00
ACC0002521,dishanivarghese@okaxis,ICICI,1968,full,2021-03-12 08:00:00
ACC0002522,sgoswami@ybl,BOB,1548,full,2022-05-06 08:00:00
ACC0002523,advikasamra@okicici,SBI,291,full,2025-10-14 08:00:00
ACC0002524,chanasumer@oksbi,ICICI,1490,full,2022-07-03 08:00:00
ACC0002525,nkala@okicici,SBI,1192,minimal,2023-04-27 08:00:00
ACC0002526,yuvraj-bhalla@okicici,Axis,1339,full,2022-12-01 08:00:00
ACC0002527,gatik71@okaxis,ICICI,886,full,2024-02-27 08:00:00
ACC0002528,bhaminisingh@okaxis,PNB,754,full,2024-07-08 08:00:00
ACC0002529,renee48@ybl,Axis,906,full,2024-02-07 08:00:00
ACC0002530,barmanshaan@okhdfcbank,PNB,1787,full,2021-09-09 08:00:00
ACC0002531,ybhardwaj@okhdfcbank,HDFC,670,full,2024-09-30 08:00:00
ACC0002532,amani94@okhdfcbank,ICICI,521,full,2025-02-26 08:00:00
ACC0002533,jchowdhury@okicici,Paytm Payments Bank,203,minimal,2026-01-10 08:00:00
ACC0002534,bdhillon@okaxis,ICICI,51,full,2026-06-11 08:00:00
ACC0002535,darshitwason@ybl,HDFC,1084,full,2023-08-13 08:00:00
ACC0002536,xsane@oksbi,SBI,1292,full,2023-01-17 08:00:00
ACC0002537,abramsandal@ybl,Kotak,1468,full,2022-07-25 08:00:00
ACC0002538,gsamra@ybl,SBI,1543,full,2022-05-11 08:00:00
ACC0002539,hkanda@ybl,Axis,375,full,2025-07-22 08:00:00
ACC0002540,bhasinhridaan@oksbi,Kotak,781,none,2024-06-11 08:00:00
ACC0002541,siyer@okaxis,BOB,895,full,2024-02-18 08:00:00
ACC0002542,shankerjayan@okicici,Axis,261,minimal,2025-11-13 08:00:00
ACC0002543,gopalkiaan@okhdfcbank,PNB,1772,full,2021-09-24 08:00:00
ACC0002544,krish96@okicici,Axis,631,full,2024-11-08 08:00:00
ACC0002545,dadaaarna@ybl,BOB,1322,full,2022-12-18 08:00:00
ACC0002546,wdewan@ybl,SBI,654,minimal,2024-10-16 08:00:00
ACC0002547,tanya65@ybl,Paytm Payments Bank,1857,full,2021-07-01 08:00:00
ACC0002548,msama@ybl,Paytm Payments Bank,42,full,2026-06-20 08:00:00
ACC0002549,gkibe@okhdfcbank,SBI,754,full,2024-07-08 08:00:00
ACC0002550,hunar71@oksbi,BOB,1509,full,2022-06-14 08:00:00
ACC0002551,dassayesha@okaxis,Paytm Payments Bank,237,full,2025-12-07 08:00:00
ACC0002552,odalia@ybl,ICICI,1113,full,2023-07-15 08:00:00
ACC0002553,aniruddhbawa@okaxis,SBI,1900,full,2021-05-19 08:00:00
ACC0002554,thakurdarshit@okicici,Axis,1374,full,2022-10-27 08:00:00
ACC0002555,bsane@okicici,Kotak,796,full,2024-05-27 08:00:00
ACC0002556,vaibhavramakrishnan@ybl,PNB,403,full,2025-06-24 08:00:00
ACC0002557,indrans49@okaxis,ICICI,928,full,2024-01-16 08:00:00
ACC0002558,sidhudhanuk@okaxis,SBI,1560,full,2022-04-24 08:00:00
ACC0002559,dsule@oksbi,HDFC,1812,full,2021-08-15 08:00:00
ACC0002560,ritviksahota@oksbi,BOB,112,full,2026-04-11 08:00:00
ACC0002561,gkorpal@okhdfcbank,ICICI,708,full,2024-08-23 08:00:00
ACC0002562,hrishita58@okaxis,PNB,1972,full,2021-03-08 08:00:00
ACC0002563,singhalarhaan@ybl,Paytm Payments Bank,1031,minimal,2023-10-05 08:00:00
ACC0002564,hwable@oksbi,Kotak,1492,minimal,2022-07-01 08:00:00
ACC0002565,ukar@okaxis,BOB,1628,full,2022-02-15 08:00:00
ACC0002566,dkant@okhdfcbank,SBI,1991,full,2021-02-17 08:00:00
ACC0002567,babujayesh@ybl,SBI,734,minimal,2024-07-28 08:00:00
ACC0002568,renee27@okhdfcbank,Kotak,514,full,2025-03-05 08:00:00
ACC0002569,tbhavsar@okhdfcbank,BOB,1252,full,2023-02-26 08:00:00
ACC0002570,wkohli@okaxis,HDFC,607,minimal,2024-12-02 08:00:00
ACC0002571,manepari@ybl,ICICI,537,full,2025-02-10 08:00:00
ACC0002572,jsahni@oksbi,PNB,412,minimal,2025-06-15 08:00:00
ACC0002573,jkhanna@okicici,Axis,1799,full,2021-08-28 08:00:00
ACC0002574,dishanibala@oksbi,Paytm Payments Bank,908,full,2024-02-05 08:00:00
ACC0002575,fdeep@okhdfcbank,ICICI,1688,full,2021-12-17 08:00:00
ACC0002576,rrandhawa@ybl,ICICI,1780,full,2021-09-16 08:00:00
ACC0002577,tiya45@okaxis,SBI,300,full,2025-10-05 08:00:00
ACC0002578,atwalkiara@oksbi,BOB,423,full,2025-06-04 08:00:00
ACC0002579,bhatttejas@okhdfcbank,SBI,438,full,2025-05-20 08:00:00
ACC0002580,zoya90@okicici,Axis,1105,full,2023-07-23 08:00:00
ACC0002581,vaibhav16@okaxis,SBI,902,full,2024-02-11 08:00:00
ACC0002582,taimur65@okhdfcbank,PNB,1348,full,2022-11-22 08:00:00
ACC0002583,sahotanirvaan@okicici,Kotak,774,full,2024-06-18 08:00:00
ACC0002584,miraansabharwal@okicici,SBI,535,full,2025-02-12 08:00:00
ACC0002585,kiara11@okhdfcbank,Kotak,31,full,2026-07-01 08:00:00
ACC0002586,farhan52@okicici,HDFC,996,full,2023-11-09 08:00:00
ACC0002587,luthrashaan@okaxis,Kotak,546,full,2025-02-01 08:00:00
ACC0002588,karpenirvi@okhdfcbank,SBI,258,full,2025-11-16 08:00:00
ACC0002589,gmander@oksbi,Kotak,1607,full,2022-03-08 08:00:00
ACC0002590,bdeol@okicici,Kotak,1688,full,2021-12-17 08:00:00
ACC0002591,braja@oksbi,BOB,595,full,2024-12-14 08:00:00
ACC0002592,uthkarsh96@oksbi,HDFC,247,full,2025-11-27 08:00:00
ACC0002593,kaira17@oksbi,Axis,1898,full,2021-05-21 08:00:00
ACC0002594,santpari@okhdfcbank,HDFC,1925,minimal,2021-04-24 08:00:00
ACC0002595,shayakkothari@okicici,PNB,1297,full,2023-01-12 08:00:00
ACC0002596,ivan94@oksbi,ICICI,1588,full,2022-03-27 08:00:00
ACC0002597,adira37@okaxis,PNB,422,minimal,2025-06-05 08:00:00
ACC0002598,trivediheer@ybl,Kotak,1585,minimal,2022-03-30 08:00:00
ACC0002599,reyanshdeo@okhdfcbank,BOB,948,full,2023-12-27 08:00:00
ACC0002600,dixitkaira@ybl,SBI,888,full,2024-02-25 08:00:00
ACC0002601,osuri@oksbi,PNB,591,full,2024-12-18 08:00:00
ACC0002602,sekhonkavya@okhdfcbank,Axis,1189,full,2023-04-30 08:00:00
ACC0002603,rajagopalanshayak@okaxis,HDFC,844,full,2024-04-09 08:00:00
ACC0002604,darshit98@ybl,BOB,1567,full,2022-04-17 08:00:00
ACC0002605,nkala@okaxis,PNB,829,full,2024-04-24 08:00:00
ACC0002606,yashvi14@oksbi,Axis,37,full,2026-06-25 08:00:00
ACC0002607,adah85@ybl,Paytm Payments Bank,48,full,2026-06-14 08:00:00
ACC0002608,zeeshaniyer@ybl,PNB,1505,full,2022-06-18 08:00:00
ACC0002609,misha87@okicici,PNB,481,full,2025-04-07 08:00:00
ACC0002610,advikratti@oksbi,SBI,380,full,2025-07-17 08:00:00
ACC0002611,kashvikrish@okhdfcbank,ICICI,627,minimal,2024-11-12 08:00:00
ACC0002612,nitaratata@oksbi,PNB,598,minimal,2024-12-11 08:00:00
ACC0002613,odesai@oksbi,Axis,135,full,2026-03-19 08:00:00
ACC0002614,umandal@okicici,Kotak,32,full,2026-06-30 08:00:00
ACC0002615,lalkrish@ybl,PNB,1968,full,2021-03-12 08:00:00
ACC0002616,anahi23@ybl,PNB,866,full,2024-03-18 08:00:00
ACC0002617,siyasani@okhdfcbank,Kotak,147,full,2026-03-07 08:00:00
ACC0002618,adira65@oksbi,PNB,602,none,2024-12-07 08:00:00
ACC0002619,ravellagan@ybl,HDFC,1130,full,2023-06-28 08:00:00
ACC0002620,sdeol@okaxis,PNB,1439,minimal,2022-08-23 08:00:00
ACC0002621,onkarsankar@ybl,Axis,1329,minimal,2022-12-11 08:00:00
ACC0002622,yuvaandar@okicici,PNB,481,full,2025-04-07 08:00:00
ACC0002623,bordekartik@okaxis,ICICI,1319,full,2022-12-21 08:00:00
ACC0002624,dasyasmin@okaxis,Kotak,1524,full,2022-05-30 08:00:00
ACC0002625,anahi78@okhdfcbank,Paytm Payments Bank,1011,full,2023-10-25 08:00:00
ACC0002626,pkakar@oksbi,Axis,408,full,2025-06-19 08:00:00
ACC0002627,chaudhuriindranil@oksbi,PNB,1961,full,2021-03-19 08:00:00
ACC0002628,himmat04@oksbi,BOB,363,full,2025-08-03 08:00:00
ACC0002629,nirvi82@okhdfcbank,ICICI,414,full,2025-06-13 08:00:00
ACC0002630,senaradhya@okaxis,BOB,532,full,2025-02-15 08:00:00
ACC0002631,baladharmajan@oksbi,SBI,1108,full,2023-07-20 08:00:00
ACC0002632,lavanya41@okaxis,SBI,803,full,2024-05-20 08:00:00
ACC0002633,xyadav@okhdfcbank,ICICI,57,full,2026-06-05 08:00:00
ACC0002634,issacsamaira@okicici,ICICI,201,minimal,2026-01-12 08:00:00
ACC0002635,miraanbhalla@okhdfcbank,SBI,1258,none,2023-02-20 08:00:00
ACC0002636,lalnitya@ybl,Kotak,247,minimal,2025-11-27 08:00:00
ACC0002637,charvi13@oksbi,ICICI,204,full,2026-01-09 08:00:00
ACC0002638,somzara@okaxis,ICICI,1182,full,2023-05-07 08:00:00
ACC0002639,shalv96@oksbi,Axis,1010,full,2023-10-26 08:00:00
ACC0002640,aarnachopra@okicici,HDFC,1447,full,2022-08-15 08:00:00
ACC0002641,emirchahal@okhdfcbank,PNB,121,full,2026-04-02 08:00:00
ACC0002642,raghavkannan@okaxis,ICICI,1845,full,2021-07-13 08:00:00
ACC0002643,ldatta@okhdfcbank,Axis,489,full,2025-03-30 08:00:00
ACC0002644,korpalhazel@okicici,PNB,331,full,2025-09-04 08:00:00
ACC0002645,rati15@okaxis,HDFC,1830,full,2021-07-28 08:00:00
ACC0002646,rkhanna@oksbi,HDFC,255,none,2025-11-19 08:00:00
ACC0002647,ranbirwable@okicici,HDFC,607,full,2024-12-02 08:00:00
ACC0002648,tarankhanna@okicici,HDFC,272,minimal,2025-11-02 08:00:00
ACC0002649,ryan09@oksbi,ICICI,1268,full,2023-02-10 08:00:00
ACC0002650,trivediseher@ybl,ICICI,715,full,2024-08-16 08:00:00
ACC0002651,santvedika@okicici,PNB,337,full,2025-08-29 08:00:00
ACC0002652,ojasmajumdar@okicici,Paytm Payments Bank,242,full,2025-12-02 08:00:00
ACC0002653,odubey@okicici,HDFC,1940,minimal,2021-04-09 08:00:00
ACC0002654,zoya18@oksbi,ICICI,1794,full,2021-09-02 08:00:00
ACC0002655,ahana-hari@okaxis,Paytm Payments Bank,829,minimal,2024-04-24 08:00:00
ACC0002656,hegdeonkar@ybl,BOB,261,none,2025-11-13 08:00:00
ACC0002657,divij34@oksbi,HDFC,600,full,2024-12-09 08:00:00
ACC0002658,ishaankanda@oksbi,BOB,291,full,2025-10-14 08:00:00
ACC0002659,zoya60@okaxis,Paytm Payments Bank,1042,full,2023-09-24 08:00:00
ACC0002660,dhanush77@ybl,Kotak,877,full,2024-03-07 08:00:00
ACC0002661,vtrivedi@oksbi,BOB,1963,full,2021-03-17 08:00:00
ACC0002662,gvora@ybl,Paytm Payments Bank,1048,full,2023-09-18 08:00:00
ACC0002663,rashade@oksbi,BOB,1712,full,2021-11-23 08:00:00
ACC0002664,godaaaina@okaxis,Axis,1494,full,2022-06-29 08:00:00
ACC0002665,amani00@okicici,SBI,511,full,2025-03-08 08:00:00
ACC0002666,mohanlalkapadia@okhdfcbank,Kotak,1772,full,2021-09-24 08:00:00
ACC0002667,aaraviyer@oksbi,HDFC,1991,full,2021-02-17 08:00:00
ACC0002668,mishtidua@okicici,ICICI,745,full,2024-07-17 08:00:00
ACC0002669,kashvi11@ybl,BOB,325,full,2025-09-10 08:00:00
ACC0002670,nishithkuruvilla@oksbi,SBI,1725,full,2021-11-10 08:00:00
ACC0002671,kimayasankar@oksbi,BOB,270,full,2025-11-04 08:00:00
ACC0002672,usule@okaxis,Kotak,1455,full,2022-08-07 08:00:00
ACC0002673,vkhare@ybl,HDFC,247,full,2025-11-27 08:00:00
ACC0002674,pranaychadha@oksbi,SBI,1246,full,2023-03-04 08:00:00
ACC0002675,yasmin43@okhdfcbank,Axis,319,full,2025-09-16 08:00:00
ACC0002676,johaltushar@okaxis,ICICI,1195,minimal,2023-04-24 08:00:00
ACC0002677,vihaanvora@oksbi,PNB,992,full,2023-11-13 08:00:00
ACC0002678,ktiwari@okicici,Paytm Payments Bank,1509,minimal,2022-06-14 08:00:00
ACC0002679,akarshapte@okhdfcbank,PNB,1453,full,2022-08-09 08:00:00
ACC0002680,dhruvkashyap@okhdfcbank,ICICI,152,full,2026-03-02 08:00:00
ACC0002681,preraksarna@okaxis,BOB,52,full,2026-06-10 08:00:00
ACC0002682,badaliyer@okaxis,PNB,1823,minimal,2021-08-04 08:00:00
ACC0002683,qrama@okicici,Axis,1057,full,2023-09-09 08:00:00
ACC0002684,dhruvgour@okicici,HDFC,351,full,2025-08-15 08:00:00
ACC0002685,jiyabhargava@oksbi,Axis,1977,full,2021-03-03 08:00:00
ACC0002686,sekhoneshani@oksbi,BOB,144,full,2026-03-10 08:00:00
ACC0002687,dsom@ybl,HDFC,1557,minimal,2022-04-27 08:00:00
ACC0002688,obhargava@okaxis,Kotak,989,full,2023-11-16 08:00:00
ACC0002689,kanavvenkataraman@okaxis,ICICI,859,full,2024-03-25 08:00:00
ACC0002690,reyansh76@okaxis,Axis,790,full,2024-06-02 08:00:00
ACC0002691,adahvarty@okhdfcbank,Kotak,243,full,2025-12-01 08:00:00
ACC0002692,kismatchokshi@okicici,SBI,1763,full,2021-10-03 08:00:00
ACC0002693,samiha36@ybl,HDFC,363,full,2025-08-03 08:00:00
ACC0002694,yuvraj-sule@okhdfcbank,PNB,1252,full,2023-02-26 08:00:00
ACC0002695,aniruddhdhillon@okhdfcbank,Axis,443,full,2025-05-15 08:00:00
ACC0002696,miraan97@ybl,SBI,1197,full,2023-04-22 08:00:00
ACC0002697,tusharmanne@okaxis,SBI,1648,full,2022-01-26 08:00:00
ACC0002698,abasak@okicici,SBI,220,none,2025-12-24 08:00:00
ACC0002699,ubhavsar@okicici,BOB,1569,full,2022-04-15 08:00:00
ACC0002700,nsankar@okaxis,Kotak,674,none,2024-09-26 08:00:00
ACC0002701,bsathe@okhdfcbank,Kotak,1469,full,2022-07-24 08:00:00
ACC0002702,devansh18@ybl,HDFC,1548,full,2022-05-06 08:00:00
ACC0002703,balshamik@oksbi,SBI,1617,full,2022-02-26 08:00:00
ACC0002704,anayagoel@okaxis,SBI,812,full,2024-05-11 08:00:00
ACC0002705,agateojas@okaxis,HDFC,340,minimal,2025-08-26 08:00:00
ACC0002706,zdora@oksbi,Axis,221,minimal,2025-12-23 08:00:00
ACC0002707,hansh80@oksbi,ICICI,1369,none,2022-11-01 08:00:00
ACC0002708,pranaychad@ybl,Kotak,1057,full,2023-09-09 08:00:00
ACC0002709,dgara@okicici,PNB,298,full,2025-10-07 08:00:00
ACC0002710,dhruvdutt@okaxis,SBI,1782,minimal,2021-09-14 08:00:00
ACC0002711,qbobal@okaxis,Axis,1615,full,2022-02-28 08:00:00
ACC0002712,dugarazad@ybl,HDFC,1280,none,2023-01-29 08:00:00
ACC0002713,charviviswanathan@okaxis,HDFC,1191,minimal,2023-04-28 08:00:00
ACC0002714,siya56@okicici,HDFC,322,full,2025-09-13 08:00:00
ACC0002715,prerak94@okicici,ICICI,961,minimal,2023-12-14 08:00:00
ACC0002716,adira25@okhdfcbank,PNB,360,full,2025-08-06 08:00:00
ACC0002717,jsinghal@okhdfcbank,HDFC,753,full,2024-07-09 08:00:00
ACC0002718,mbala@okaxis,PNB,1610,none,2022-03-05 08:00:00
ACC0002719,baijucontractor@okaxis,ICICI,554,minimal,2025-01-24 08:00:00
ACC0002720,armaankeer@okaxis,SBI,1194,full,2023-04-25 08:00:00
ACC0002721,ishaan76@okaxis,BOB,617,minimal,2024-11-22 08:00:00
ACC0002722,wasonbhamini@oksbi,Paytm Payments Bank,1908,full,2021-05-11 08:00:00
ACC0002723,kanttaimur@ybl,Kotak,1760,full,2021-10-06 08:00:00
ACC0002724,fkarnik@okaxis,Paytm Payments Bank,1427,full,2022-09-04 08:00:00
ACC0002725,vaidyasaira@okhdfcbank,SBI,1823,full,2021-08-04 08:00:00
ACC0002726,gatikghosh@ybl,SBI,531,full,2025-02-16 08:00:00
ACC0002727,chaudryraunak@okicici,BOB,245,full,2025-11-29 08:00:00
ACC0002728,jayanshere@okhdfcbank,Axis,847,full,2024-04-06 08:00:00
ACC0002729,jivika93@okhdfcbank,Kotak,976,full,2023-11-29 08:00:00
ACC0002730,lalltiya@ybl,Paytm Payments Bank,1345,full,2022-11-25 08:00:00
ACC0002731,zeeshanbarad@okhdfcbank,BOB,399,minimal,2025-06-28 08:00:00
ACC0002732,tiyakrish@okaxis,Kotak,438,full,2025-05-20 08:00:00
ACC0002733,walishalv@ybl,Paytm Payments Bank,731,full,2024-07-31 08:00:00
ACC0002734,dharpihu@okaxis,HDFC,1548,full,2022-05-06 08:00:00
ACC0002735,hegdeumang@ybl,ICICI,108,minimal,2026-04-15 08:00:00
ACC0002736,toorsamarth@oksbi,Kotak,328,full,2025-09-07 08:00:00
ACC0002737,aniruddhbaria@okaxis,SBI,1261,minimal,2023-02-17 08:00:00
ACC0002738,tthakur@okaxis,Paytm Payments Bank,770,full,2024-06-22 08:00:00
ACC0002739,okaran@okhdfcbank,BOB,463,full,2025-04-25 08:00:00
ACC0002740,kimaya05@oksbi,HDFC,1331,full,2022-12-09 08:00:00
ACC0002741,sagarmisha@okaxis,HDFC,590,full,2024-12-19 08:00:00
ACC0002742,ugaba@okaxis,BOB,1488,full,2022-07-05 08:00:00
ACC0002743,lakshitvenkataraman@okicici,ICICI,1401,minimal,2022-09-30 08:00:00
ACC0002744,sureshnayantara@okaxis,Kotak,219,none,2025-12-25 08:00:00
ACC0002745,samarth01@oksbi,Axis,638,full,2024-11-01 08:00:00
ACC0002746,zbatra@okaxis,Paytm Payments Bank,888,full,2024-02-25 08:00:00
ACC0002747,jayesh36@oksbi,BOB,1635,full,2022-02-08 08:00:00
ACC0002748,annelakshay@ybl,BOB,1449,minimal,2022-08-13 08:00:00
ACC0002749,vidursridhar@ybl,Axis,1178,full,2023-05-11 08:00:00
ACC0002750,pdhar@ybl,ICICI,1397,full,2022-10-04 08:00:00
ACC0002751,fatehdixit@okicici,SBI,1716,full,2021-11-19 08:00:00
ACC0002752,bsuresh@oksbi,Paytm Payments Bank,969,minimal,2023-12-06 08:00:00
ACC0002753,piya92@okaxis,PNB,262,full,2025-11-12 08:00:00
ACC0002754,nitya15@okaxis,ICICI,37,full,2026-06-25 08:00:00
ACC0002755,ayeshakapoor@ybl,HDFC,1338,full,2022-12-02 08:00:00
ACC0002756,rkhanna@oksbi,BOB,1557,full,2022-04-27 08:00:00
ACC0002757,wbath@oksbi,BOB,1615,full,2022-02-28 08:00:00
ACC0002758,xtak@oksbi,SBI,459,full,2025-04-29 08:00:00
ACC0002759,adirarau@okhdfcbank,PNB,775,minimal,2024-06-17 08:00:00
ACC0002760,cbatra@okhdfcbank,Paytm Payments Bank,1058,full,2023-09-08 08:00:00
ACC0002761,anahi32@okaxis,BOB,963,full,2023-12-12 08:00:00
ACC0002762,olall@ybl,BOB,1726,full,2021-11-09 08:00:00
ACC0002763,dhillonanahita@okicici,HDFC,1596,minimal,2022-03-19 08:00:00
ACC0002764,zbaral@okaxis,Kotak,969,full,2023-12-06 08:00:00
ACC0002765,jdoctor@oksbi,BOB,1248,full,2023-03-02 08:00:00
ACC0002766,piyazacharia@okaxis,PNB,1760,full,2021-10-06 08:00:00
ACC0002767,nishith86@okhdfcbank,HDFC,1950,minimal,2021-03-30 08:00:00
ACC0002768,jiya08@okhdfcbank,SBI,242,full,2025-12-02 08:00:00
ACC0002769,bajajdrishya@okhdfcbank,Paytm Payments Bank,872,full,2024-03-12 08:00:00
ACC0002770,kumeraarna@ybl,HDFC,1307,full,2023-01-02 08:00:00
ACC0002771,dbatta@ybl,SBI,1060,full,2023-09-06 08:00:00
ACC0002772,sumer49@okaxis,Axis,1774,full,2021-09-22 08:00:00
ACC0002773,sodhidamini@ybl,BOB,961,full,2023-12-14 08:00:00
ACC0002774,bhandariseher@okaxis,HDFC,1783,full,2021-09-13 08:00:00
ACC0002775,ychakraborty@okaxis,BOB,1655,minimal,2022-01-19 08:00:00
ACC0002776,vihaanbajaj@okaxis,SBI,1350,minimal,2022-11-20 08:00:00
ACC0002777,joshirenee@oksbi,PNB,1631,full,2022-02-12 08:00:00
ACC0002778,saksham97@okicici,PNB,1378,minimal,2022-10-23 08:00:00
ACC0002779,zratta@okaxis,Axis,1658,full,2022-01-16 08:00:00
ACC0002780,shlok23@okaxis,SBI,1891,full,2021-05-28 08:00:00
ACC0002781,dhanushshenoy@okicici,Kotak,344,full,2025-08-22 08:00:00
ACC0002782,pari16@ybl,BOB,1994,full,2021-02-14 08:00:00
ACC0002783,agatevivaan@oksbi,BOB,831,minimal,2024-04-22 08:00:00
ACC0002784,ahujajayan@ybl,BOB,1671,full,2022-01-03 08:00:00
ACC0002785,skarpe@okaxis,ICICI,1333,full,2022-12-07 08:00:00
ACC0002786,qvig@ybl,ICICI,681,full,2024-09-19 08:00:00
ACC0002787,ndoshi@oksbi,HDFC,233,full,2025-12-11 08:00:00
ACC0002788,prisha64@okaxis,PNB,1636,minimal,2022-02-07 08:00:00
ACC0002789,bhatnagarhimmat@okicici,Axis,355,full,2025-08-11 08:00:00
ACC0002790,chandranfaiyaz@okaxis,SBI,82,full,2026-05-11 08:00:00
ACC0002791,sarinkanav@oksbi,SBI,1245,full,2023-03-05 08:00:00
ACC0002792,cheemaanya@okhdfcbank,BOB,1143,full,2023-06-15 08:00:00
ACC0002793,nehmatdara@oksbi,Paytm Payments Bank,1533,full,2022-05-21 08:00:00
ACC0002794,oupadhyay@okicici,ICICI,1622,full,2022-02-21 08:00:00
ACC0002795,dhruvdora@oksbi,PNB,1868,full,2021-06-20 08:00:00
ACC0002796,eborah@oksbi,BOB,1751,minimal,2021-10-15 08:00:00
ACC0002797,hapte@okhdfcbank,PNB,1380,full,2022-10-21 08:00:00
ACC0002798,indransshankar@okhdfcbank,HDFC,324,full,2025-09-11 08:00:00
ACC0002799,ekibe@ybl,HDFC,1928,full,2021-04-21 08:00:00
ACC0002800,vasaalisha@okicici,ICICI,608,full,2024-12-01 08:00:00
ACC0002801,krishdin@okicici,Axis,1042,full,2023-09-24 08:00:00
ACC0002802,vbal@okhdfcbank,BOB,1035,full,2023-10-01 08:00:00
ACC0002803,behlmohanlal@okhdfcbank,Axis,1994,full,2021-02-14 08:00:00
ACC0002804,fjohal@okicici,Paytm Payments Bank,798,minimal,2024-05-25 08:00:00
ACC0002805,armaan76@okicici,SBI,398,minimal,2025-06-29 08:00:00
ACC0002806,lkunda@ybl,SBI,1380,full,2022-10-21 08:00:00
ACC0002807,tdalia@okicici,Paytm Payments Bank,732,none,2024-07-30 08:00:00
ACC0002808,lallaadvik@ybl,SBI,1258,full,2023-02-20 08:00:00
ACC0002809,umani@okicici,HDFC,1548,full,2022-05-06 08:00:00
ACC0002810,desaineelofar@ybl,SBI,90,full,2026-05-03 08:00:00
ACC0002811,ewalia@oksbi,Axis,1588,minimal,2022-03-27 08:00:00
ACC0002812,kotamisha@oksbi,SBI,265,full,2025-11-09 08:00:00
ACC0002813,alia60@okhdfcbank,ICICI,480,full,2025-04-08 08:00:00
ACC0002814,reyanshseshadri@oksbi,HDFC,1016,full,2023-10-20 08:00:00
ACC0002815,anayagera@okicici,Paytm Payments Bank,1159,full,2023-05-30 08:00:00
ACC0002816,gdalia@okaxis,BOB,1045,minimal,2023-09-21 08:00:00
ACC0002817,khushisani@oksbi,Axis,542,full,2025-02-05 08:00:00
ACC0002818,lavanya72@okicici,BOB,1847,full,2021-07-11 08:00:00
ACC0002819,samaira66@ybl,PNB,1654,full,2022-01-20 08:00:00
ACC0002820,yashvi72@okaxis,BOB,451,minimal,2025-05-07 08:00:00
ACC0002821,raunaksant@ybl,PNB,897,minimal,2024-02-16 08:00:00
ACC0002822,samaanya@okhdfcbank,BOB,1305,full,2023-01-04 08:00:00
ACC0002823,jayantchaudhry@okicici,Kotak,1191,minimal,2023-04-28 08:00:00
ACC0002824,mahikakorpal@okhdfcbank,Paytm Payments Bank,1708,full,2021-11-27 08:00:00
ACC0002825,sundaramzeeshan@ybl,PNB,99,full,2026-04-24 08:00:00
ACC0002826,pdoshi@ybl,Kotak,631,full,2024-11-08 08:00:00
ACC0002827,ivanabajwa@oksbi,Kotak,264,full,2025-11-10 08:00:00
ACC0002828,golapranay@okicici,Axis,410,full,2025-06-17 08:00:00
ACC0002829,parinaaz22@okicici,Kotak,1375,full,2022-10-26 08:00:00
ACC0002830,swamychirag@okhdfcbank,SBI,673,full,2024-09-27 08:00:00
ACC0002831,adah19@okicici,Axis,52,full,2026-06-10 08:00:00
ACC0002832,fatehmand@okicici,Axis,1658,full,2022-01-16 08:00:00
ACC0002833,aradhyadayal@okicici,Axis,819,full,2024-05-04 08:00:00
ACC0002834,vardaniya50@ybl,PNB,240,full,2025-12-04 08:00:00
ACC0002835,indrajit89@okhdfcbank,BOB,1967,full,2021-03-13 08:00:00
ACC0002836,sastrybadal@okicici,Kotak,921,full,2024-01-23 08:00:00
ACC0002837,dsura@okaxis,Paytm Payments Bank,131,full,2026-03-23 08:00:00
ACC0002838,beravardaniya@okaxis,HDFC,592,full,2024-12-17 08:00:00
ACC0002839,tatajhanvi@ybl,Kotak,380,full,2025-07-17 08:00:00
ACC0002840,kulkarniehsaan@ybl,SBI,514,full,2025-03-05 08:00:00
ACC0002841,mohanlalbhargava@ybl,SBI,1348,minimal,2022-11-22 08:00:00
ACC0002842,taranbrar@oksbi,BOB,612,full,2024-11-27 08:00:00
ACC0002843,rhea78@ybl,SBI,1122,full,2023-07-06 08:00:00
ACC0002844,gsha@okhdfcbank,Paytm Payments Bank,63,full,2026-05-30 08:00:00
ACC0002845,neelofargopal@okaxis,PNB,1673,full,2022-01-01 08:00:00
ACC0002846,hiran13@okicici,BOB,1573,full,2022-04-11 08:00:00
ACC0002847,xjohal@okicici,Paytm Payments Bank,1616,full,2022-02-27 08:00:00
ACC0002848,daszoya@okicici,Paytm Payments Bank,835,full,2024-04-18 08:00:00
ACC0002849,sgarde@okhdfcbank,Kotak,1342,minimal,2022-11-28 08:00:00
ACC0002850,dharmajandeol@okhdfcbank,Axis,240,full,2025-12-04 08:00:00
ACC0002851,saanvi65@oksbi,HDFC,51,none,2026-06-11 08:00:00
ACC0002852,indrajitshetty@okaxis,Axis,1794,full,2021-09-02 08:00:00
ACC0002853,osubramaniam@okicici,SBI,421,minimal,2025-06-06 08:00:00
ACC0002854,zainakala@okhdfcbank,PNB,1807,minimal,2021-08-20 08:00:00
ACC0002855,djayaraman@okhdfcbank,SBI,118,minimal,2026-04-05 08:00:00
ACC0002856,aniruddh72@okicici,Kotak,183,full,2026-01-30 08:00:00
ACC0002857,sekhonzara@okaxis,PNB,1651,full,2022-01-23 08:00:00
ACC0002858,basakshayak@oksbi,Paytm Payments Bank,1924,full,2021-04-25 08:00:00
ACC0002859,yakshit26@oksbi,BOB,683,full,2024-09-17 08:00:00
ACC0002860,hegdetara@okhdfcbank,Axis,1398,full,2022-10-03 08:00:00
ACC0002861,sahotanayantara@okaxis,PNB,1384,full,2022-10-17 08:00:00
ACC0002862,kashvibalakrishnan@okaxis,Axis,1526,full,2022-05-28 08:00:00
ACC0002863,aaina68@okicici,HDFC,1599,full,2022-03-16 08:00:00
ACC0002864,saira55@oksbi,Axis,1741,full,2021-10-25 08:00:00
ACC0002865,thakerranbir@okaxis,SBI,183,full,2026-01-30 08:00:00
ACC0002866,ratijaggi@oksbi,Paytm Payments Bank,1403,minimal,2022-09-28 08:00:00
ACC0002867,nrout@okaxis,HDFC,414,full,2025-06-13 08:00:00
ACC0002868,wsarkar@ybl,Kotak,1697,minimal,2021-12-08 08:00:00
ACC0002869,msoni@okaxis,ICICI,668,minimal,2024-10-02 08:00:00
ACC0002870,dharmajan08@oksbi,Axis,246,minimal,2025-11-28 08:00:00
ACC0002871,vidur28@okaxis,Axis,819,minimal,2024-05-04 08:00:00
ACC0002872,lakshit18@okhdfcbank,PNB,414,full,2025-06-13 08:00:00
ACC0002873,elakshi52@okicici,HDFC,1435,full,2022-08-27 08:00:00
ACC0002874,atwalyashvi@okhdfcbank,HDFC,1824,full,2021-08-03 08:00:00
ACC0002875,nakul46@okaxis,ICICI,1861,full,2021-06-27 08:00:00
ACC0002876,settybiju@ybl,Paytm Payments Bank,1005,full,2023-10-31 08:00:00
ACC0002877,pranay85@ybl,HDFC,272,full,2025-11-02 08:00:00
ACC0002878,bajwatanya@oksbi,BOB,464,full,2025-04-24 08:00:00
ACC0002879,kapurrohan@okicici,SBI,1070,full,2023-08-27 08:00:00
ACC0002880,karanshayak@okhdfcbank,SBI,787,full,2024-06-05 08:00:00
ACC0002881,zarasharma@okaxis,Axis,1529,full,2022-05-25 08:00:00
ACC0002882,stuvandoctor@oksbi,PNB,854,full,2024-03-30 08:00:00
ACC0002883,nitya92@ybl,BOB,1040,full,2023-09-26 08:00:00
ACC0002884,vlad@oksbi,HDFC,132,full,2026-03-22 08:00:00
ACC0002885,ehsaangade@okhdfcbank,PNB,138,full,2026-03-16 08:00:00
ACC0002886,vanyagole@okhdfcbank,PNB,1119,full,2023-07-09 08:00:00
ACC0002887,jbawa@okaxis,BOB,1300,full,2023-01-09 08:00:00
ACC0002888,athakkar@okicici,Paytm Payments Bank,480,full,2025-04-08 08:00:00
ACC0002889,batrabiju@oksbi,Kotak,1639,full,2022-02-04 08:00:00
ACC0002890,iwali@ybl,PNB,1475,full,2022-07-18 08:00:00
ACC0002891,cchhabra@oksbi,Paytm Payments Bank,223,full,2025-12-21 08:00:00
ACC0002892,goyalparinaaz@oksbi,ICICI,1776,full,2021-09-20 08:00:00
ACC0002893,jraja@oksbi,ICICI,172,full,2026-02-10 08:00:00
ACC0002894,qviswanathan@oksbi,SBI,962,full,2023-12-13 08:00:00
ACC0002895,bravi@okicici,SBI,906,full,2024-02-07 08:00:00
ACC0002896,fsankaran@okhdfcbank,ICICI,570,full,2025-01-08 08:00:00
ACC0002897,ktata@okhdfcbank,Kotak,1777,none,2021-09-19 08:00:00
ACC0002898,dishanibhatt@okhdfcbank,Paytm Payments Bank,1224,minimal,2023-03-26 08:00:00
ACC0002899,dsawhney@okhdfcbank,SBI,997,minimal,2023-11-08 08:00:00
ACC0002900,reneekunda@okicici,Axis,1191,full,2023-04-28 08:00:00
ACC0002901,saranlakshit@oksbi,HDFC,372,full,2025-07-25 08:00:00
ACC0002902,ckhalsa@okicici,Paytm Payments Bank,1676,full,2021-12-29 08:00:00
ACC0002903,jhanvigoyal@ybl,PNB,748,full,2024-07-14 08:00:00
ACC0002904,ramachandranyuvraj@okicici,Paytm Payments Bank,549,full,2025-01-29 08:00:00
ACC0002905,bhasintushar@okicici,Kotak,752,minimal,2024-07-10 08:00:00
ACC0002906,arnav82@ybl,Paytm Payments Bank,1616,full,2022-02-27 08:00:00
ACC0002907,grewalryan@ybl,SBI,1434,full,2022-08-28 08:00:00
ACC0002908,romil47@oksbi,ICICI,870,full,2024-03-14 08:00:00
ACC0002909,sulehridaan@oksbi,BOB,93,full,2026-04-30 08:00:00
ACC0002910,vardaniyaraja@okhdfcbank,Axis,1554,minimal,2022-04-30 08:00:00
ACC0002911,tbajwa@okhdfcbank,PNB,803,minimal,2024-05-20 08:00:00
ACC0002912,madhav27@ybl,Paytm Payments Bank,1420,none,2022-09-11 08:00:00
ACC0002913,bhatira@ybl,ICICI,1824,full,2021-08-03 08:00:00
ACC0002914,darshit06@okicici,Kotak,1420,full,2022-09-11 08:00:00
ACC0002915,tmangat@okicici,PNB,884,full,2024-02-29 08:00:00
ACC0002916,vyogi@ybl,Kotak,1216,minimal,2023-04-03 08:00:00
ACC0002917,ukhanna@okaxis,Paytm Payments Bank,281,full,2025-10-24 08:00:00
ACC0002918,tarinibiswas@okicici,PNB,1653,full,2022-01-21 08:00:00
ACC0002919,csidhu@okaxis,ICICI,47,full,2026-06-15 08:00:00
ACC0002920,uborde@ybl,PNB,337,full,2025-08-29 08:00:00
ACC0002921,dhruv99@oksbi,PNB,1390,full,2022-10-11 08:00:00
ACC0002922,ohari@okicici,SBI,162,full,2026-02-20 08:00:00
ACC0002923,igara@okicici,HDFC,475,full,2025-04-13 08:00:00
ACC0002924,sampathahana@okhdfcbank,BOB,656,full,2024-10-14 08:00:00
ACC0002925,neelofar12@okhdfcbank,SBI,1738,full,2021-10-28 08:00:00
ACC0002926,mangalmohanlal@okicici,ICICI,747,none,2024-07-15 08:00:00
ACC0002927,jhanvi18@okicici,ICICI,1490,none,2022-07-03 08:00:00
ACC0002928,charmiraya@okaxis,HDFC,432,full,2025-05-26 08:00:00
ACC0002929,maneelakshi@okaxis,Kotak,95,full,2026-04-28 08:00:00
ACC0002930,suhanakhanna@okaxis,BOB,1419,full,2022-09-12 08:00:00
ACC0002931,bhasinnirvi@okhdfcbank,PNB,1881,minimal,2021-06-07 08:00:00
ACC0002932,advikdevan@okicici,ICICI,1252,full,2023-02-26 08:00:00
ACC0002933,nirvaanthakkar@okicici,ICICI,1420,full,2022-09-11 08:00:00
ACC0002934,zbasak@okicici,ICICI,438,full,2025-05-20 08:00:00
ACC0002935,yakshit90@okicici,PNB,438,full,2025-05-20 08:00:00
ACC0002936,bvenkataraman@okaxis,ICICI,1190,full,2023-04-29 08:00:00
ACC0002937,adira26@okaxis,HDFC,1823,full,2021-08-04 08:00:00
ACC0002938,vasaeva@okicici,Kotak,935,full,2024-01-09 08:00:00
ACC0002939,vaibhav41@okaxis,BOB,905,none,2024-02-08 08:00:00
ACC0002940,bawahrishita@okhdfcbank,SBI,974,none,2023-12-01 08:00:00
ACC0002941,reyanshbora@okhdfcbank,ICICI,892,full,2024-02-21 08:00:00
ACC0002942,onkarsodhi@oksbi,Kotak,649,full,2024-10-21 08:00:00
ACC0002943,boseryan@ybl,PNB,1142,full,2023-06-16 08:00:00
ACC0002944,ksane@okaxis,ICICI,1760,full,2021-10-06 08:00:00
ACC0002945,ranashaan@okaxis,Paytm Payments Bank,42,minimal,2026-06-20 08:00:00
ACC0002946,anaysaxena@okhdfcbank,PNB,203,minimal,2026-01-10 08:00:00
ACC0002947,dixitvidur@okhdfcbank,Kotak,1360,full,2022-11-10 08:00:00
ACC0002948,duttahridaan@okicici,Paytm Payments Bank,1713,full,2021-11-22 08:00:00
ACC0002949,uwarrior@okhdfcbank,HDFC,1800,full,2021-08-27 08:00:00
ACC0002950,uthkarsh10@ybl,SBI,1411,full,2022-09-20 08:00:00
ACC0002951,nakulshetty@oksbi,Paytm Payments Bank,1087,full,2023-08-10 08:00:00
ACC0002952,bhaminikumar@oksbi,PNB,1863,full,2021-06-25 08:00:00
ACC0002953,rbhandari@okhdfcbank,Paytm Payments Bank,1502,full,2022-06-21 08:00:00
ACC0002954,duttanahi@okhdfcbank,HDFC,441,full,2025-05-17 08:00:00
ACC0002955,ebali@okhdfcbank,HDFC,1266,full,2023-02-12 08:00:00
ACC0002956,janimyra@okaxis,SBI,242,minimal,2025-12-02 08:00:00
ACC0002957,advikdesai@okaxis,SBI,938,minimal,2024-01-06 08:00:00
ACC0002958,dasguptatarini@okaxis,Paytm Payments Bank,644,none,2024-10-26 08:00:00
ACC0002959,romilmander@oksbi,PNB,1709,minimal,2021-11-26 08:00:00
ACC0002960,fkapoor@okaxis,HDFC,1425,full,2022-09-06 08:00:00
ACC0002961,vardaniyabobal@okhdfcbank,ICICI,1332,full,2022-12-08 08:00:00
ACC0002962,hrishita23@oksbi,ICICI,1554,full,2022-04-30 08:00:00
ACC0002963,cmall@ybl,Axis,1462,full,2022-07-31 08:00:00
ACC0002964,acharyaanahi@okicici,HDFC,623,none,2024-11-16 08:00:00
ACC0002965,neysa20@okicici,PNB,1039,full,2023-09-27 08:00:00
ACC0002966,khoslapurab@okhdfcbank,Paytm Payments Bank,1458,full,2022-08-04 08:00:00
ACC0002967,pihu65@oksbi,SBI,900,full,2024-02-13 08:00:00
ACC0002968,keyatrivedi@ybl,BOB,276,full,2025-10-29 08:00:00
ACC0002969,azad28@okhdfcbank,Paytm Payments Bank,650,full,2024-10-20 08:00:00
ACC0002970,doctordhruv@okicici,ICICI,1887,full,2021-06-01 08:00:00
ACC0002971,hsarkar@okaxis,PNB,1510,full,2022-06-13 08:00:00
ACC0002972,samairamall@okicici,Axis,354,full,2025-08-12 08:00:00
ACC0002973,adah39@ybl,BOB,1476,full,2022-07-17 08:00:00
ACC0002974,pihu54@oksbi,Kotak,387,full,2025-07-10 08:00:00
ACC0002975,pdeshpande@okicici,Paytm Payments Bank,1183,full,2023-05-06 08:00:00
ACC0002976,shlok37@oksbi,PNB,1641,minimal,2022-02-02 08:00:00
ACC0002977,advik20@okicici,BOB,1378,full,2022-10-23 08:00:00
ACC0002978,aagate@okaxis,BOB,1748,none,2021-10-18 08:00:00
ACC0002979,zainmall@oksbi,PNB,1270,full,2023-02-08 08:00:00
ACC0002980,zsingh@ybl,Kotak,693,full,2024-09-07 08:00:00
ACC0002981,subramaniamnehmat@okaxis,HDFC,1729,full,2021-11-06 08:00:00
ACC0002982,luthraaniruddh@oksbi,Axis,1774,full,2021-09-22 08:00:00
ACC0002983,hsamra@okaxis,Paytm Payments Bank,247,full,2025-11-27 08:00:00
ACC0002984,uthkarsh95@oksbi,HDFC,504,minimal,2025-03-15 08:00:00
ACC0002985,xchakrabarti@okaxis,BOB,386,minimal,2025-07-11 08:00:00
ACC0002986,bhatiaanahi@ybl,PNB,156,full,2026-02-26 08:00:00
ACC0002987,kartik70@okhdfcbank,Paytm Payments Bank,1764,minimal,2021-10-02 08:00:00
ACC0002988,shanayaanne@okhdfcbank,ICICI,1272,full,2023-02-06 08:00:00
ACC0002989,pihu53@okaxis,BOB,1460,full,2022-08-02 08:00:00
ACC0002990,tandonmannat@ybl,Axis,1335,full,2022-12-05 08:00:00
ACC0002991,zara33@okaxis,PNB,1035,full,2023-10-01 08:00:00
ACC0002992,cgolla@oksbi,BOB,1549,minimal,2022-05-05 08:00:00
ACC0002993,bhamini93@oksbi,HDFC,1686,full,2021-12-19 08:00:00
ACC0002994,chaudharinavya@okhdfcbank,Axis,1318,full,2022-12-22 08:00:00
ACC0002995,rbhakta@okhdfcbank,Kotak,317,minimal,2025-09-18 08:00:00
ACC0002996,jchada@ybl,HDFC,1193,full,2023-04-26 08:00:00
ACC0002997,nirvishankar@ybl,Paytm Payments Bank,1427,full,2022-09-04 08:00:00
ACC0002998,chiragraja@ybl,Paytm Payments Bank,454,full,2025-05-04 08:00:00
ACC0002999,shanayabali@ybl,ICICI,760,minimal,2024-07-02 08:00:00
ACC0003000,pranaymane@okaxis,BOB,928,minimal,2024-01-16 08:00:00
ACC0003001,elakshisethi@okhdfcbank,ICICI,1195,minimal,2023-04-24 08:00:00
ACC0003002,kartik08@okhdfcbank,HDFC,640,full,2024-10-30 08:00:00
ACC0003003,pihu87@ybl,Kotak,135,full,2026-03-19 08:00:00
ACC0003004,kalanayantara@okicici,PNB,1712,full,2021-11-23 08:00:00
ACC0003005,varmasamarth@okhdfcbank,ICICI,762,none,2024-06-30 08:00:00
ACC0003006,auppal@ybl,Axis,183,minimal,2026-01-30 08:00:00
ACC0003007,gatik87@ybl,PNB,1938,full,2021-04-11 08:00:00
ACC0003008,hgolla@ybl,HDFC,146,full,2026-03-08 08:00:00
ACC0003009,waglesaira@okicici,SBI,1948,full,2021-04-01 08:00:00
ACC0003010,badaldewan@okicici,Axis,893,full,2024-02-20 08:00:00
ACC0003011,clata@okhdfcbank,ICICI,1596,full,2022-03-19 08:00:00
ACC0003012,aarush63@okicici,SBI,1702,full,2021-12-03 08:00:00
ACC0003013,dhanush90@ybl,SBI,179,full,2026-02-03 08:00:00
ACC0003014,prishakakar@okaxis,HDFC,174,minimal,2026-02-08 08:00:00
ACC0003015,dashkiaan@oksbi,PNB,1010,full,2023-10-26 08:00:00
ACC0003016,shalvdugal@okhdfcbank,Paytm Payments Bank,243,full,2025-12-01 08:00:00
ACC0003017,rattanmishti@okicici,BOB,1361,full,2022-11-09 08:00:00
ACC0003018,atwalanvi@oksbi,SBI,1630,minimal,2022-02-13 08:00:00
ACC0003019,bswamy@oksbi,BOB,83,full,2026-05-10 08:00:00
ACC0003020,ojas31@okhdfcbank,Paytm Payments Bank,1541,full,2022-05-13 08:00:00
ACC0003021,vdar@okaxis,ICICI,1598,full,2022-03-17 08:00:00
ACC0003022,tarashamik@ybl,ICICI,904,full,2024-02-09 08:00:00
ACC0003023,devanshsoni@ybl,Kotak,271,full,2025-11-03 08:00:00
ACC0003024,gsinghal@okaxis,SBI,732,full,2024-07-30 08:00:00
ACC0003025,hmann@ybl,SBI,218,full,2025-12-26 08:00:00
ACC0003026,balasubramanianarhaan@ybl,SBI,1560,none,2022-04-24 08:00:00
ACC0003027,sdugar@oksbi,SBI,60,full,2026-06-02 08:00:00
ACC0003028,srinivasgokul@okaxis,ICICI,289,full,2025-10-16 08:00:00
ACC0003029,sureshahana@okicici,Axis,673,none,2024-09-27 08:00:00
ACC0003030,doramanjari@ybl,BOB,295,full,2025-10-10 08:00:00
ACC0003031,gbali@okhdfcbank,HDFC,280,full,2025-10-25 08:00:00
ACC0003032,mammenbaiju@oksbi,Paytm Payments Bank,1143,full,2023-06-15 08:00:00
ACC0003033,vaibhav61@okicici,Axis,1695,full,2021-12-10 08:00:00
ACC0003034,mdada@okicici,PNB,649,minimal,2024-10-21 08:00:00
ACC0003035,karanveer@ybl,PNB,530,full,2025-02-17 08:00:00
ACC0003036,bsunder@ybl,HDFC,1138,full,2023-06-20 08:00:00
ACC0003037,garanehmat@okaxis,Paytm Payments Bank,1874,full,2021-06-14 08:00:00
ACC0003038,karanela@oksbi,Axis,446,full,2025-05-12 08:00:00
ACC0003039,khushi31@oksbi,HDFC,1162,full,2023-05-27 08:00:00
ACC0003040,ahujakimaya@oksbi,SBI,1701,none,2021-12-04 08:00:00
ACC0003041,rajagopalanvritika@okaxis,Paytm Payments Bank,1460,none,2022-08-02 08:00:00
ACC0003042,kairabhatnagar@okaxis,SBI,73,full,2026-05-20 08:00:00
ACC0003043,sumer67@okaxis,PNB,1234,minimal,2023-03-16 08:00:00
ACC0003044,pchander@okhdfcbank,PNB,203,minimal,2026-01-10 08:00:00
ACC0003045,yasminbains@okaxis,SBI,816,minimal,2024-05-07 08:00:00
ACC0003046,bhattsahil@okaxis,SBI,817,full,2024-05-06 08:00:00
ACC0003047,pkunda@oksbi,BOB,806,full,2024-05-17 08:00:00
ACC0003048,sahil98@okicici,SBI,1382,full,2022-10-19 08:00:00
ACC0003049,hunarkeer@okhdfcbank,Kotak,742,minimal,2024-07-20 08:00:00
ACC0003050,lavanya54@okicici,Axis,1888,minimal,2021-05-31 08:00:00
ACC0003051,aayush89@ybl,BOB,728,minimal,2024-08-03 08:00:00
ACC0003052,bhavindani@okhdfcbank,HDFC,1632,full,2022-02-11 08:00:00
ACC0003053,kakarshray@okicici,Paytm Payments Bank,1980,full,2021-02-28 08:00:00
ACC0003054,krishreddy@ybl,PNB,1502,full,2022-06-21 08:00:00
ACC0003055,vedikabanerjee@okaxis,Axis,810,full,2024-05-13 08:00:00
ACC0003056,kanav77@okicici,PNB,61,full,2026-06-01 08:00:00
ACC0003057,kavya95@ybl,PNB,541,full,2025-02-06 08:00:00
ACC0003058,aaina52@okhdfcbank,PNB,838,full,2024-04-15 08:00:00
ACC0003059,karanvritika@okicici,SBI,1380,full,2022-10-21 08:00:00
ACC0003060,kotamadhup@okicici,PNB,1194,minimal,2023-04-25 08:00:00
ACC0003061,reddymamooty@okaxis,SBI,938,full,2024-01-06 08:00:00
ACC0003062,anahitaratta@okhdfcbank,Kotak,985,full,2023-11-20 08:00:00
ACC0003063,nakulkhosla@ybl,Axis,1759,full,2021-10-07 08:00:00
ACC0003064,zara63@okhdfcbank,PNB,1216,minimal,2023-04-03 08:00:00
ACC0003065,achanda@okicici,HDFC,1159,full,2023-05-30 08:00:00
ACC0003066,aayush15@okicici,PNB,558,minimal,2025-01-20 08:00:00
ACC0003067,mallfarhan@oksbi,ICICI,290,full,2025-10-15 08:00:00
ACC0003068,riaankannan@okhdfcbank,Axis,1295,full,2023-01-14 08:00:00
ACC0003069,mohanlalmaster@oksbi,Paytm Payments Bank,108,full,2026-04-15 08:00:00
ACC0003070,azad03@ybl,Axis,115,full,2026-04-08 08:00:00
ACC0003071,raunakchahal@okicici,PNB,1493,full,2022-06-30 08:00:00
ACC0003072,preraksem@okicici,SBI,1760,full,2021-10-06 08:00:00
ACC0003073,shayakvaidya@okhdfcbank,HDFC,746,full,2024-07-16 08:00:00
ACC0003074,jayeshchaudhari@ybl,HDFC,261,full,2025-11-13 08:00:00
ACC0003075,chakrabartiprerak@ybl,Kotak,697,minimal,2024-09-03 08:00:00
ACC0003076,anneparinaaz@okaxis,HDFC,1424,full,2022-09-07 08:00:00
ACC0003077,vaibhavsagar@okicici,ICICI,1823,full,2021-08-04 08:00:00
ACC0003078,garalakshay@okicici,Kotak,1273,none,2023-02-05 08:00:00
ACC0003079,amani35@okicici,Paytm Payments Bank,1867,minimal,2021-06-21 08:00:00
ACC0003080,nitara28@ybl,SBI,632,full,2024-11-07 08:00:00
ACC0003081,tvyas@okicici,ICICI,121,minimal,2026-04-02 08:00:00
ACC0003082,bhargavahridaan@okhdfcbank,Axis,82,minimal,2026-05-11 08:00:00
ACC0003083,yashvichandran@ybl,Kotak,1076,minimal,2023-08-21 08:00:00
ACC0003084,hazelgulati@ybl,SBI,805,full,2024-05-18 08:00:00
ACC0003085,samar96@okaxis,HDFC,337,none,2025-08-29 08:00:00
ACC0003086,azadsingh@oksbi,BOB,1993,full,2021-02-15 08:00:00
ACC0003087,heerdin@ybl,SBI,278,full,2025-10-27 08:00:00
ACC0003088,shaandasgupta@ybl,Paytm Payments Bank,1380,full,2022-10-21 08:00:00
ACC0003089,rauyashvi@ybl,PNB,429,minimal,2025-05-29 08:00:00
ACC0003090,gokul89@oksbi,Kotak,703,full,2024-08-28 08:00:00
ACC0003091,ucheema@okhdfcbank,Axis,674,full,2024-09-26 08:00:00
ACC0003092,srinivasananaya@okaxis,Kotak,1991,full,2021-02-17 08:00:00
ACC0003093,chackodiya@ybl,HDFC,1177,minimal,2023-05-12 08:00:00
ACC0003094,psheth@okaxis,Axis,1368,full,2022-11-02 08:00:00
ACC0003095,charvi87@oksbi,ICICI,887,minimal,2024-02-26 08:00:00
ACC0003096,samarthsawhney@okaxis,ICICI,531,full,2025-02-16 08:00:00
ACC0003097,eshani77@okicici,Kotak,1659,full,2022-01-15 08:00:00
ACC0003098,ldesai@okaxis,BOB,196,full,2026-01-17 08:00:00
ACC0003099,yray@ybl,Paytm Payments Bank,333,full,2025-09-02 08:00:00
ACC0003100,chawlamadhup@oksbi,ICICI,1612,minimal,2022-03-03 08:00:00
ACC0003101,alishavenkataraman@oksbi,HDFC,61,full,2026-06-01 08:00:00
ACC0003102,vivaanchopra@ybl,Paytm Payments Bank,1597,full,2022-03-18 08:00:00
ACC0003103,aarna69@okhdfcbank,BOB,288,full,2025-10-17 08:00:00
ACC0003104,umangdatta@okhdfcbank,ICICI,371,full,2025-07-26 08:00:00
ACC0003105,bhavsarsuhana@okaxis,BOB,1114,full,2023-07-14 08:00:00
ACC0003106,divanahana@ybl,Axis,853,full,2024-03-31 08:00:00
ACC0003107,manikya90@okicici,Kotak,273,full,2025-11-01 08:00:00
ACC0003108,nkunda@okhdfcbank,SBI,1292,full,2023-01-17 08:00:00
ACC0003109,aaryahi77@okicici,Paytm Payments Bank,1915,minimal,2021-05-04 08:00:00
ACC0003110,xjayaraman@okaxis,BOB,1321,full,2022-12-19 08:00:00
ACC0003111,rdutt@oksbi,ICICI,1007,full,2023-10-29 08:00:00
ACC0003112,larora@ybl,HDFC,1237,full,2023-03-13 08:00:00
ACC0003113,qdada@ybl,Kotak,45,full,2026-06-17 08:00:00
ACC0003114,goladharmajan@okaxis,Kotak,958,full,2023-12-17 08:00:00
ACC0003115,damini88@ybl,PNB,1071,minimal,2023-08-26 08:00:00
ACC0003116,srivastavaraghav@oksbi,PNB,228,full,2025-12-16 08:00:00
ACC0003117,divyanshbhargava@ybl,BOB,128,full,2026-03-26 08:00:00
ACC0003118,golearmaan@okicici,ICICI,816,none,2024-05-07 08:00:00
ACC0003119,shamikchaudhari@oksbi,BOB,115,full,2026-04-08 08:00:00
ACC0003120,ojas44@ybl,Kotak,1207,full,2023-04-12 08:00:00
ACC0003121,reneeramakrishnan@oksbi,HDFC,613,full,2024-11-26 08:00:00
ACC0003122,suhanasehgal@okaxis,Axis,1026,minimal,2023-10-10 08:00:00
ACC0003123,aayush44@okicici,HDFC,620,minimal,2024-11-19 08:00:00
ACC0003124,vardaniya66@okicici,ICICI,1394,full,2022-10-07 08:00:00
ACC0003125,keerneysa@ybl,ICICI,1160,full,2023-05-29 08:00:00
ACC0003126,vivaancomar@okhdfcbank,Axis,1878,full,2021-06-10 08:00:00
ACC0003127,samairashere@okhdfcbank,Kotak,1734,full,2021-11-01 08:00:00
ACC0003128,anikadada@ybl,BOB,1958,full,2021-03-22 08:00:00
ACC0003129,dsen@oksbi,Paytm Payments Bank,1096,full,2023-08-01 08:00:00
ACC0003130,vritika15@okhdfcbank,Paytm Payments Bank,254,minimal,2025-11-20 08:00:00
ACC0003131,aaryahisolanki@okicici,HDFC,1040,minimal,2023-09-26 08:00:00
ACC0003132,ccheema@okhdfcbank,Kotak,600,minimal,2024-12-09 08:00:00
ACC0003133,jvarkey@oksbi,HDFC,1554,full,2022-04-30 08:00:00
ACC0003134,groverhiran@okicici,PNB,1068,full,2023-08-29 08:00:00
ACC0003135,ryanshan@ybl,HDFC,1536,full,2022-05-18 08:00:00
ACC0003136,krishzoya@okhdfcbank,BOB,674,full,2024-09-26 08:00:00
ACC0003137,shayak36@ybl,Kotak,1474,full,2022-07-19 08:00:00
ACC0003138,wsankar@okhdfcbank,SBI,1173,full,2023-05-16 08:00:00
ACC0003139,xsingh@okaxis,Axis,1230,full,2023-03-20 08:00:00
ACC0003140,shaan90@okaxis,ICICI,573,full,2025-01-05 08:00:00
ACC0003141,boaseindrans@okaxis,PNB,413,full,2025-06-14 08:00:00
ACC0003142,jiya99@okhdfcbank,Axis,1330,full,2022-12-10 08:00:00
ACC0003143,nhalder@okaxis,Axis,167,full,2026-02-15 08:00:00
ACC0003144,ibalay@okaxis,PNB,109,full,2026-04-14 08:00:00
ACC0003145,echandra@ybl,Axis,1322,full,2022-12-18 08:00:00
ACC0003146,galajiya@ybl,ICICI,1021,minimal,2023-10-15 08:00:00
ACC0003147,treddy@oksbi,PNB,1751,full,2021-10-15 08:00:00
ACC0003148,chadaehsaan@okaxis,Kotak,1033,full,2023-10-03 08:00:00
ACC0003149,arhaanthaker@okhdfcbank,Axis,635,full,2024-11-04 08:00:00
ACC0003150,larya@okicici,BOB,1834,none,2021-07-24 08:00:00
ACC0003151,darshithans@oksbi,BOB,696,full,2024-09-04 08:00:00
ACC0003152,lagan34@okicici,HDFC,981,full,2023-11-24 08:00:00
ACC0003153,karanbhavin@oksbi,Paytm Payments Bank,845,minimal,2024-04-08 08:00:00
ACC0003154,ela02@okaxis,BOB,1799,full,2021-08-28 08:00:00
ACC0003155,zain62@okicici,PNB,89,full,2026-05-04 08:00:00
ACC0003156,bhattacharyyaheer@okaxis,SBI,1852,full,2021-07-06 08:00:00
ACC0003157,vkhare@okicici,Kotak,691,full,2024-09-09 08:00:00
ACC0003158,hayerlagan@okaxis,BOB,1686,full,2021-12-19 08:00:00
ACC0003159,lagandubey@okhdfcbank,PNB,1898,full,2021-05-21 08:00:00
ACC0003160,ttaneja@okicici,SBI,478,full,2025-04-10 08:00:00
ACC0003161,mbuch@oksbi,ICICI,869,full,2024-03-15 08:00:00
ACC0003162,khushi38@okhdfcbank,Kotak,1626,full,2022-02-17 08:00:00
ACC0003163,mdevi@okhdfcbank,SBI,1135,minimal,2023-06-23 08:00:00
ACC0003164,boraalia@okicici,Kotak,214,minimal,2025-12-30 08:00:00
ACC0003165,tellayakshit@okhdfcbank,SBI,1162,full,2023-05-27 08:00:00
ACC0003166,eshanigala@ybl,Axis,771,none,2024-06-21 08:00:00
ACC0003167,dkarpe@ybl,BOB,1746,minimal,2021-10-20 08:00:00
ACC0003168,shandivij@okicici,ICICI,499,minimal,2025-03-20 08:00:00
ACC0003169,neelofar75@okaxis,Axis,708,full,2024-08-23 08:00:00
ACC0003170,vihaan92@okhdfcbank,SBI,539,minimal,2025-02-08 08:00:00
ACC0003171,ldash@ybl,HDFC,1576,full,2022-04-08 08:00:00
ACC0003172,ykarnik@okaxis,SBI,1650,full,2022-01-24 08:00:00
ACC0003173,rashamane@okhdfcbank,Axis,647,full,2024-10-23 08:00:00
ACC0003174,hegderasha@oksbi,SBI,1439,full,2022-08-23 08:00:00
ACC0003175,darindranil@okaxis,BOB,283,full,2025-10-22 08:00:00
ACC0003176,mishti84@okicici,HDFC,1546,full,2022-05-08 08:00:00
ACC0003177,sarkarsamaira@okaxis,SBI,1063,full,2023-09-03 08:00:00
ACC0003178,bhaminijha@ybl,ICICI,1730,full,2021-11-05 08:00:00
ACC0003179,gourdhanuk@okaxis,Axis,1234,minimal,2023-03-16 08:00:00
ACC0003180,krishnantiya@okicici,Kotak,1789,full,2021-09-07 08:00:00
ACC0003181,yuvraj-72@okhdfcbank,PNB,1552,full,2022-05-02 08:00:00
ACC0003182,lakshay80@okhdfcbank,PNB,445,none,2025-05-13 08:00:00
ACC0003183,earya@okaxis,BOB,1210,full,2023-04-09 08:00:00
ACC0003184,vhalder@oksbi,BOB,220,full,2025-12-24 08:00:00
ACC0003185,mvarty@okicici,Axis,1019,full,2023-10-17 08:00:00
ACC0003186,abahl@okaxis,Kotak,1047,minimal,2023-09-19 08:00:00
ACC0003187,farhan25@okhdfcbank,Paytm Payments Bank,1493,full,2022-06-30 08:00:00
ACC0003188,dkibe@okaxis,Axis,80,full,2026-05-13 08:00:00
ACC0003189,barmanira@ybl,HDFC,1006,full,2023-10-30 08:00:00
ACC0003190,riyakanda@oksbi,HDFC,710,full,2024-08-21 08:00:00
ACC0003191,anayatara@oksbi,Paytm Payments Bank,376,full,2025-07-21 08:00:00
ACC0003192,ishaan20@oksbi,BOB,201,full,2026-01-12 08:00:00
ACC0003193,chakrabartiritvik@ybl,Axis,999,full,2023-11-06 08:00:00
ACC0003194,lokeseher@okicici,BOB,1040,full,2023-09-26 08:00:00
ACC0003195,echad@oksbi,SBI,721,full,2024-08-10 08:00:00
ACC0003196,sandhupurab@ybl,BOB,1187,minimal,2023-05-02 08:00:00
ACC0003197,advikagola@oksbi,Paytm Payments Bank,579,full,2024-12-30 08:00:00
ACC0003198,madhavsaxena@oksbi,Kotak,671,full,2024-09-29 08:00:00
ACC0003199,warriorpari@ybl,HDFC,1019,minimal,2023-10-17 08:00:00
ACC0003200,ahana-sarin@okhdfcbank,BOB,901,full,2024-02-12 08:00:00
ACC0003201,toormyra@oksbi,HDFC,57,full,2026-06-05 08:00:00
ACC0003202,hayerprisha@okhdfcbank,SBI,926,minimal,2024-01-18 08:00:00
ACC0003203,ahana-09@oksbi,Paytm Payments Bank,1044,full,2023-09-22 08:00:00
ACC0003204,bajwatrisha@ybl,BOB,1820,full,2021-08-07 08:00:00
ACC0003205,msinha@okhdfcbank,BOB,637,none,2024-11-02 08:00:00
ACC0003206,umangdar@okicici,Kotak,1504,full,2022-06-19 08:00:00
ACC0003207,divijanand@ybl,ICICI,791,full,2024-06-01 08:00:00
ACC0003208,aatwal@oksbi,Kotak,1101,full,2023-07-27 08:00:00
ACC0003209,kartik13@okaxis,Paytm Payments Bank,544,full,2025-02-03 08:00:00
ACC0003210,surnitya@oksbi,ICICI,706,full,2024-08-25 08:00:00
ACC0003211,samairachacko@okaxis,SBI,1728,full,2021-11-07 08:00:00
ACC0003212,johaldrishya@oksbi,Paytm Payments Bank,397,full,2025-06-30 08:00:00
ACC0003213,tandonshaan@okicici,Axis,41,full,2026-06-21 08:00:00
ACC0003214,jhanvi39@ybl,Paytm Payments Bank,222,full,2025-12-22 08:00:00
ACC0003215,hrishitahora@ybl,Paytm Payments Bank,155,full,2026-02-27 08:00:00
ACC0003216,obhasin@okicici,Axis,166,full,2026-02-16 08:00:00
ACC0003217,emirgokhale@oksbi,PNB,58,full,2026-06-04 08:00:00
ACC0003218,jayant06@okaxis,PNB,1896,full,2021-05-23 08:00:00
ACC0003219,abram63@okaxis,PNB,1600,full,2022-03-15 08:00:00
ACC0003220,echoudhary@oksbi,HDFC,1343,full,2022-11-27 08:00:00
ACC0003221,nehmat95@oksbi,PNB,240,full,2025-12-04 08:00:00
ACC0003222,bandimadhav@okhdfcbank,ICICI,1184,minimal,2023-05-05 08:00:00
ACC0003223,xdora@okaxis,Kotak,1232,full,2023-03-18 08:00:00
ACC0003224,tbehl@ybl,PNB,1777,none,2021-09-19 08:00:00
ACC0003225,ojasbatta@ybl,Paytm Payments Bank,1539,full,2022-05-15 08:00:00
ACC0003226,mohanlal62@oksbi,Axis,35,full,2026-06-27 08:00:00
ACC0003227,jayant57@ybl,ICICI,1675,full,2021-12-30 08:00:00
ACC0003228,ganeshadvik@okhdfcbank,Kotak,1003,full,2023-11-02 08:00:00
ACC0003229,ghalder@oksbi,Paytm Payments Bank,136,full,2026-03-18 08:00:00
ACC0003230,daminiraj@okicici,PNB,996,full,2023-11-09 08:00:00
ACC0003231,dadaakarsh@oksbi,BOB,270,full,2025-11-04 08:00:00
ACC0003232,dubeymiraan@okaxis,Kotak,819,full,2024-05-04 08:00:00
ACC0003233,pshukla@okicici,HDFC,1099,minimal,2023-07-29 08:00:00
ACC0003234,balanhiran@oksbi,ICICI,1754,minimal,2021-10-12 08:00:00
ACC0003235,charvi43@okicici,ICICI,1737,minimal,2021-10-29 08:00:00
ACC0003236,uthkarshchaudry@okaxis,Paytm Payments Bank,1177,full,2023-05-12 08:00:00
ACC0003237,danisamaira@okhdfcbank,BOB,543,full,2025-02-04 08:00:00
ACC0003238,vshankar@okhdfcbank,Kotak,394,minimal,2025-07-03 08:00:00
ACC0003239,ranbirdutt@okicici,BOB,1608,full,2022-03-07 08:00:00
ACC0003240,ladvritika@oksbi,BOB,1176,full,2023-05-13 08:00:00
ACC0003241,ssabharwal@okhdfcbank,Axis,1941,full,2021-04-08 08:00:00
ACC0003242,contractorsana@oksbi,SBI,1107,full,2023-07-21 08:00:00
ACC0003243,shlok33@okhdfcbank,Kotak,702,minimal,2024-08-29 08:00:00
ACC0003244,salvinishith@okhdfcbank,PNB,1059,full,2023-09-07 08:00:00
ACC0003245,mahikaviswanathan@okaxis,BOB,593,full,2024-12-16 08:00:00
ACC0003246,ulad@okicici,PNB,1454,full,2022-08-08 08:00:00
ACC0003247,ahana-rau@okhdfcbank,Paytm Payments Bank,1201,none,2023-04-18 08:00:00
ACC0003248,baliayesha@okaxis,Paytm Payments Bank,1324,full,2022-12-16 08:00:00
ACC0003249,charbaiju@ybl,HDFC,1565,full,2022-04-19 08:00:00
ACC0003250,laganbhatnagar@ybl,ICICI,89,full,2026-05-04 08:00:00
ACC0003251,chadhakiara@oksbi,HDFC,392,full,2025-07-05 08:00:00
ACC0003252,miraankulkarni@okhdfcbank,SBI,1762,full,2021-10-04 08:00:00
ACC0003253,kalasamaira@okhdfcbank,Kotak,1485,full,2022-07-08 08:00:00
ACC0003254,kdugal@okicici,Axis,1144,full,2023-06-14 08:00:00
ACC0003255,nirvaankala@okhdfcbank,Kotak,1540,minimal,2022-05-14 08:00:00
ACC0003256,mahikadash@okicici,ICICI,1767,minimal,2021-09-29 08:00:00
ACC0003257,reyansh97@okicici,SBI,1231,minimal,2023-03-19 08:00:00
ACC0003258,purabvenkataraman@okaxis,SBI,855,full,2024-03-29 08:00:00
ACC0003259,xbaral@ybl,ICICI,1719,full,2021-11-16 08:00:00
ACC0003260,kgulati@oksbi,Paytm Payments Bank,201,full,2026-01-12 08:00:00
ACC0003261,bkannan@oksbi,BOB,1276,full,2023-02-02 08:00:00
ACC0003262,jsidhu@okhdfcbank,PNB,1559,full,2022-04-25 08:00:00
ACC0003263,wanne@okhdfcbank,Kotak,748,full,2024-07-14 08:00:00
ACC0003264,fkala@okhdfcbank,Paytm Payments Bank,1742,full,2021-10-24 08:00:00
ACC0003265,kimaya82@okhdfcbank,ICICI,1910,full,2021-05-09 08:00:00
ACC0003266,onkargupta@okicici,SBI,410,minimal,2025-06-17 08:00:00
ACC0003267,ddua@okhdfcbank,Axis,1645,full,2022-01-29 08:00:00
ACC0003268,uthkarsh89@okhdfcbank,Axis,972,full,2023-12-03 08:00:00
ACC0003269,vbanik@oksbi,ICICI,1424,full,2022-09-07 08:00:00
ACC0003270,saanvikeer@okicici,ICICI,806,full,2024-05-17 08:00:00
ACC0003271,indranschandran@okicici,BOB,1187,full,2023-05-02 08:00:00
ACC0003272,ahujadamini@okicici,Axis,415,full,2025-06-12 08:00:00
ACC0003273,ayesha66@okicici,Paytm Payments Bank,634,full,2024-11-05 08:00:00
ACC0003274,xsharaf@okicici,Kotak,1033,full,2023-10-03 08:00:00
ACC0003275,tkonda@ybl,Paytm Payments Bank,1344,minimal,2022-11-26 08:00:00
ACC0003276,jayaramanarmaan@oksbi,SBI,1437,minimal,2022-08-25 08:00:00
ACC0003277,hansjivika@okaxis,ICICI,1228,full,2023-03-22 08:00:00
ACC0003278,kartiksingh@okaxis,Kotak,461,full,2025-04-27 08:00:00
ACC0003279,xdatta@okicici,Axis,1426,full,2022-09-05 08:00:00
ACC0003280,diya75@ybl,PNB,1061,full,2023-09-05 08:00:00
ACC0003281,sachdevveer@oksbi,PNB,1613,full,2022-03-02 08:00:00
ACC0003282,pshah@okhdfcbank,HDFC,564,full,2025-01-14 08:00:00
ACC0003283,anvibadal@oksbi,Paytm Payments Bank,1322,full,2022-12-18 08:00:00
ACC0003284,mohanlal02@okicici,Kotak,1231,full,2023-03-19 08:00:00
ACC0003285,lavanya72@ybl,SBI,1378,full,2022-10-23 08:00:00
ACC0003286,nishith99@okicici,SBI,244,full,2025-11-30 08:00:00
ACC0003287,abrambhardwaj@okicici,Kotak,1003,full,2023-11-02 08:00:00
ACC0003288,routriya@oksbi,Kotak,235,full,2025-12-09 08:00:00
ACC0003289,tissac@ybl,ICICI,986,minimal,2023-11-19 08:00:00
ACC0003290,ladkanav@ybl,Paytm Payments Bank,929,full,2024-01-15 08:00:00
ACC0003291,bbutala@okaxis,BOB,1452,full,2022-08-10 08:00:00
ACC0003292,rania48@okicici,Kotak,528,full,2025-02-19 08:00:00
ACC0003293,traj@okaxis,PNB,1018,full,2023-10-18 08:00:00
ACC0003294,ushetty@oksbi,HDFC,1932,full,2021-04-17 08:00:00
ACC0003295,bhagatmyra@okicici,BOB,1615,full,2022-02-28 08:00:00
ACC0003296,hridaan43@ybl,ICICI,365,minimal,2025-08-01 08:00:00
ACC0003297,tsarkar@ybl,Axis,1845,none,2021-07-13 08:00:00
ACC0003298,chadayesha@oksbi,ICICI,1193,full,2023-04-26 08:00:00
ACC0003299,bavadarshit@okhdfcbank,HDFC,1644,full,2022-01-30 08:00:00
ACC0003300,alala@oksbi,Kotak,1598,full,2022-03-17 08:00:00
ACC0003301,sana62@okaxis,SBI,368,full,2025-07-29 08:00:00
ACC0003302,umangchander@oksbi,PNB,440,full,2025-05-18 08:00:00
ACC0003303,kiaankohli@oksbi,Axis,408,full,2025-06-19 08:00:00
ACC0003304,daminibhakta@oksbi,ICICI,1513,full,2022-06-10 08:00:00
ACC0003305,nmander@okicici,SBI,1761,full,2021-10-05 08:00:00
ACC0003306,krishbalan@okhdfcbank,Paytm Payments Bank,735,full,2024-07-27 08:00:00
ACC0003307,zoyasibal@oksbi,Paytm Payments Bank,837,full,2024-04-16 08:00:00
ACC0003308,pranayyohannan@okaxis,Axis,1732,minimal,2021-11-03 08:00:00
ACC0003309,okannan@okaxis,ICICI,226,full,2025-12-18 08:00:00
ACC0003310,vigmyra@oksbi,BOB,1945,minimal,2021-04-04 08:00:00
ACC0003311,dhanushdin@okicici,BOB,1869,full,2021-06-19 08:00:00
ACC0003312,gulatigatik@okhdfcbank,Kotak,1123,full,2023-07-05 08:00:00
ACC0003313,chirag50@ybl,SBI,1546,full,2022-05-08 08:00:00
ACC0003314,anvikibe@oksbi,Axis,1276,full,2023-02-02 08:00:00
ACC0003315,agrawalbiju@ybl,SBI,726,full,2024-08-05 08:00:00
ACC0003316,suhana09@okaxis,HDFC,1569,full,2022-04-15 08:00:00
ACC0003317,bavalakshit@okaxis,Axis,312,full,2025-09-23 08:00:00
ACC0003318,guhalavanya@okaxis,HDFC,648,full,2024-10-22 08:00:00
ACC0003319,aradhya75@oksbi,BOB,1369,full,2022-11-01 08:00:00
ACC0003320,xganguly@okaxis,Paytm Payments Bank,667,full,2024-10-03 08:00:00
ACC0003321,saksham35@okaxis,ICICI,1993,full,2021-02-15 08:00:00
ACC0003322,ngulati@ybl,HDFC,1427,full,2022-09-04 08:00:00
ACC0003323,gokhaleshalv@okicici,HDFC,199,full,2026-01-14 08:00:00
ACC0003324,agarwalamani@okhdfcbank,ICICI,858,full,2024-03-26 08:00:00
ACC0003325,iseshadri@ybl,BOB,1206,full,2023-04-13 08:00:00
ACC0003326,ramachandrangatik@okaxis,BOB,53,full,2026-06-09 08:00:00
ACC0003327,rati35@okicici,BOB,141,full,2026-03-13 08:00:00
ACC0003328,rranganathan@okhdfcbank,Paytm Payments Bank,1328,full,2022-12-12 08:00:00
ACC0003329,akurian@okaxis,Kotak,1629,minimal,2022-02-14 08:00:00
ACC0003330,aaravray@okhdfcbank,ICICI,777,none,2024-06-15 08:00:00
ACC0003331,advik50@okaxis,HDFC,1118,full,2023-07-10 08:00:00
ACC0003332,parinaaz73@ybl,PNB,720,full,2024-08-11 08:00:00
ACC0003333,viyengar@ybl,Paytm Payments Bank,1694,full,2021-12-11 08:00:00
ACC0003334,ghoshaaryahi@okicici,SBI,981,full,2023-11-24 08:00:00
ACC0003335,ssahni@okaxis,Kotak,1032,full,2023-10-04 08:00:00
ACC0003336,shaveer@okicici,PNB,1257,full,2023-02-21 08:00:00
ACC0003337,mahika32@okicici,SBI,1412,full,2022-09-19 08:00:00
ACC0003338,bhattcharvi@okicici,Kotak,396,full,2025-07-01 08:00:00
ACC0003339,dorapari@okicici,PNB,944,full,2023-12-31 08:00:00
ACC0003340,cchad@okhdfcbank,Kotak,1250,full,2023-02-28 08:00:00
ACC0003341,khoslanitara@okaxis,Axis,1118,full,2023-07-10 08:00:00
ACC0003342,nirvaancherian@okhdfcbank,ICICI,1125,full,2023-07-03 08:00:00
ACC0003343,suhanasahni@okaxis,BOB,1326,minimal,2022-12-14 08:00:00
ACC0003344,beraadira@okaxis,Axis,737,minimal,2024-07-25 08:00:00
ACC0003345,buchshaan@ybl,Paytm Payments Bank,1880,full,2021-06-08 08:00:00
ACC0003346,rsinha@okicici,SBI,698,full,2024-09-02 08:00:00
ACC0003347,sairadave@okhdfcbank,BOB,1512,full,2022-06-11 08:00:00
ACC0003348,qyadav@okhdfcbank,Kotak,1515,minimal,2022-06-08 08:00:00
ACC0003349,salvihimmat@okicici,BOB,1564,full,2022-04-20 08:00:00
ACC0003350,ybath@okicici,HDFC,406,minimal,2025-06-21 08:00:00
ACC0003351,mamooty99@okhdfcbank,Axis,917,full,2024-01-27 08:00:00
ACC0003352,routshlok@ybl,Axis,650,full,2024-10-20 08:00:00
ACC0003353,vsekhon@okicici,Paytm Payments Bank,130,full,2026-03-24 08:00:00
ACC0003354,psachdeva@okaxis,PNB,1945,full,2021-04-04 08:00:00
ACC0003355,oswamy@oksbi,PNB,1623,full,2022-02-20 08:00:00
ACC0003356,pranaybhardwaj@ybl,BOB,123,minimal,2026-03-31 08:00:00
ACC0003357,dhruv11@okicici,PNB,1418,full,2022-09-13 08:00:00
ACC0003358,seher93@okhdfcbank,BOB,454,full,2025-05-04 08:00:00
ACC0003359,mangattushar@okicici,Paytm Payments Bank,592,full,2024-12-17 08:00:00
ACC0003360,sakshamgupta@okicici,HDFC,1330,full,2022-12-10 08:00:00
ACC0003361,dugalbiju@okicici,Axis,67,full,2026-05-26 08:00:00
ACC0003362,vidurkakar@ybl,Paytm Payments Bank,619,full,2024-11-20 08:00:00
ACC0003363,trisha52@ybl,Kotak,1330,full,2022-12-10 08:00:00
ACC0003364,emirhora@ybl,SBI,1004,full,2023-11-01 08:00:00
ACC0003365,luthraamira@okicici,Paytm Payments Bank,684,full,2024-09-16 08:00:00
ACC0003366,hunar43@okaxis,Axis,1779,full,2021-09-17 08:00:00
ACC0003367,dsangha@okaxis,PNB,378,full,2025-07-19 08:00:00
ACC0003368,kismatdhar@ybl,HDFC,1383,full,2022-10-18 08:00:00
ACC0003369,siyasalvi@okicici,HDFC,1179,full,2023-05-10 08:00:00
ACC0003370,ramsamar@okicici,PNB,1114,full,2023-07-14 08:00:00
ACC0003371,damini14@okaxis,Paytm Payments Bank,675,full,2024-09-25 08:00:00
ACC0003372,nraval@ybl,ICICI,1309,full,2022-12-31 08:00:00
ACC0003373,tdhingra@okaxis,BOB,1186,none,2023-05-03 08:00:00
ACC0003374,zbalan@okicici,Paytm Payments Bank,77,none,2026-05-16 08:00:00
ACC0003375,indrans33@ybl,ICICI,798,full,2024-05-25 08:00:00
ACC0003376,vermaurvi@okhdfcbank,HDFC,1973,full,2021-03-07 08:00:00
ACC0003377,aradhyaseth@okhdfcbank,PNB,462,full,2025-04-26 08:00:00
ACC0003378,qdoctor@okaxis,BOB,355,full,2025-08-11 08:00:00
ACC0003379,akarshmahal@okaxis,PNB,475,full,2025-04-13 08:00:00
ACC0003380,bganguly@okhdfcbank,Kotak,773,full,2024-06-19 08:00:00
ACC0003381,wghosh@okaxis,Axis,1120,minimal,2023-07-08 08:00:00
ACC0003382,ehayre@okaxis,PNB,1043,minimal,2023-09-23 08:00:00
ACC0003383,raunak38@oksbi,ICICI,950,full,2023-12-25 08:00:00
ACC0003384,ibava@ybl,Kotak,36,minimal,2026-06-26 08:00:00
ACC0003385,suhana90@oksbi,HDFC,1373,full,2022-10-28 08:00:00
ACC0003386,amira29@okaxis,BOB,1367,full,2022-11-03 08:00:00
ACC0003387,ahana-sarin@okhdfcbank,Axis,1333,full,2022-12-07 08:00:00
ACC0003388,jdhingra@ybl,HDFC,1299,full,2023-01-10 08:00:00
ACC0003389,madhavsuri@okaxis,SBI,1529,full,2022-05-25 08:00:00
ACC0003390,sarasachdev@oksbi,Paytm Payments Bank,541,full,2025-02-06 08:00:00
ACC0003391,gollasamaira@okicici,SBI,1979,full,2021-03-01 08:00:00
ACC0003392,sanevedika@okaxis,Axis,1839,minimal,2021-07-19 08:00:00
ACC0003393,uthkarshkala@okaxis,Kotak,360,full,2025-08-06 08:00:00
ACC0003394,bhavinbava@oksbi,Paytm Payments Bank,520,minimal,2025-02-27 08:00:00
ACC0003395,anika20@oksbi,Kotak,1916,full,2021-05-03 08:00:00
ACC0003396,kuriannehmat@okhdfcbank,Axis,162,full,2026-02-20 08:00:00
ACC0003397,kiara62@oksbi,Paytm Payments Bank,970,none,2023-12-05 08:00:00
ACC0003398,cdas@oksbi,Paytm Payments Bank,1661,full,2022-01-13 08:00:00
ACC0003399,daravivaan@ybl,Kotak,257,minimal,2025-11-17 08:00:00
ACC0003400,sdora@oksbi,Axis,1891,full,2021-05-28 08:00:00
ACC0003401,neysasharma@okhdfcbank,SBI,173,full,2026-02-09 08:00:00
ACC0003402,ssoni@ybl,Paytm Payments Bank,862,minimal,2024-03-22 08:00:00
ACC0003403,soodanahi@okaxis,PNB,174,minimal,2026-02-08 08:00:00
ACC0003404,odevan@okhdfcbank,SBI,1130,full,2023-06-28 08:00:00
ACC0003405,agour@okhdfcbank,PNB,1725,minimal,2021-11-10 08:00:00
ACC0003406,bhardwajdharmajan@okhdfcbank,Kotak,1726,full,2021-11-09 08:00:00
ACC0003407,kondanayantara@ybl,Paytm Payments Bank,1929,full,2021-04-20 08:00:00
ACC0003408,akarshraj@okhdfcbank,ICICI,284,minimal,2025-10-21 08:00:00
ACC0003409,sdevan@ybl,HDFC,1582,full,2022-04-02 08:00:00
ACC0003410,sundaramkiara@okaxis,Kotak,780,full,2024-06-12 08:00:00
ACC0003411,veerkhurana@okaxis,Axis,527,full,2025-02-20 08:00:00
ACC0003412,kdixit@okhdfcbank,Paytm Payments Bank,705,minimal,2024-08-26 08:00:00
ACC0003413,divyanshgaba@oksbi,PNB,1036,full,2023-09-30 08:00:00
ACC0003414,saxenayashvi@okaxis,Kotak,1441,minimal,2022-08-21 08:00:00
ACC0003415,yuvaantalwar@okicici,PNB,1462,full,2022-07-31 08:00:00
ACC0003416,hegdeivana@oksbi,ICICI,1589,full,2022-03-26 08:00:00
ACC0003417,hbalay@oksbi,Kotak,83,full,2026-05-10 08:00:00
ACC0003418,shettysuhana@okicici,PNB,1491,minimal,2022-07-02 08:00:00
ACC0003419,nirviyadav@ybl,PNB,354,full,2025-08-12 08:00:00
ACC0003420,chanakismat@okicici,ICICI,930,full,2024-01-14 08:00:00
ACC0003421,aarushmall@oksbi,ICICI,1453,full,2022-08-09 08:00:00
ACC0003422,usura@okaxis,PNB,1789,full,2021-09-07 08:00:00
ACC0003423,bahrigokul@oksbi,PNB,87,full,2026-05-06 08:00:00
ACC0003424,neysabuch@okicici,Kotak,54,full,2026-06-08 08:00:00
ACC0003425,mandonkar@ybl,BOB,1556,full,2022-04-28 08:00:00
ACC0003426,basakgatik@oksbi,Kotak,1873,full,2021-06-15 08:00:00
ACC0003427,tejas82@ybl,Kotak,1232,full,2023-03-18 08:00:00
ACC0003428,asaha@okaxis,ICICI,804,minimal,2024-05-19 08:00:00
ACC0003429,rohanbajaj@oksbi,Paytm Payments Bank,1017,minimal,2023-10-19 08:00:00
ACC0003430,nirvi87@okhdfcbank,Kotak,59,full,2026-06-03 08:00:00
ACC0003431,kashvikorpal@oksbi,ICICI,452,full,2025-05-06 08:00:00
ACC0003432,elakshi59@okhdfcbank,Axis,1623,full,2022-02-20 08:00:00
ACC0003433,prishabawa@ybl,SBI,970,minimal,2023-12-05 08:00:00
ACC0003434,daniarmaan@ybl,Axis,1762,full,2021-10-04 08:00:00
ACC0003435,hridaandoctor@okhdfcbank,BOB,774,full,2024-06-18 08:00:00
ACC0003436,himmatramachandran@okicici,HDFC,1979,full,2021-03-01 08:00:00
ACC0003437,kiaragola@ybl,HDFC,1999,none,2021-02-09 08:00:00
ACC0003438,gokul96@okaxis,Axis,144,full,2026-03-10 08:00:00
ACC0003439,maharajonkar@oksbi,Axis,1662,full,2022-01-12 08:00:00
ACC0003440,vaibhav26@okaxis,ICICI,1499,full,2022-06-24 08:00:00
ACC0003441,qbarman@okicici,PNB,1277,full,2023-02-01 08:00:00
ACC0003442,jsaran@okhdfcbank,ICICI,419,full,2025-06-08 08:00:00
ACC0003443,devanshrau@oksbi,Axis,154,full,2026-02-28 08:00:00
ACC0003444,myra35@ybl,Paytm Payments Bank,1589,full,2022-03-26 08:00:00
ACC0003445,aainatara@okhdfcbank,Kotak,1129,minimal,2023-06-29 08:00:00
ACC0003446,sakshamsubramaniam@oksbi,Paytm Payments Bank,179,full,2026-02-03 08:00:00
ACC0003447,bgupta@okaxis,Axis,200,full,2026-01-13 08:00:00
ACC0003448,dhanukdeshmukh@oksbi,Paytm Payments Bank,1237,full,2023-03-13 08:00:00
ACC0003449,latafaiyaz@ybl,BOB,49,minimal,2026-06-13 08:00:00
ACC0003450,vbali@okaxis,Axis,258,full,2025-11-16 08:00:00
ACC0003451,gollashamik@ybl,Paytm Payments Bank,1330,none,2022-12-10 08:00:00
ACC0003452,hunar34@okaxis,PNB,545,full,2025-02-02 08:00:00
ACC0003453,bawauthkarsh@okicici,Paytm Payments Bank,391,full,2025-07-06 08:00:00
ACC0003454,uthkarshben@okicici,PNB,1978,minimal,2021-03-02 08:00:00
ACC0003455,chahaleshani@okicici,PNB,539,full,2025-02-08 08:00:00
ACC0003456,khushi71@okicici,Paytm Payments Bank,1060,full,2023-09-06 08:00:00
ACC0003457,rati94@oksbi,Paytm Payments Bank,1579,full,2022-04-05 08:00:00
ACC0003458,mahika10@ybl,Paytm Payments Bank,1859,full,2021-06-29 08:00:00
ACC0003459,samarsheth@okhdfcbank,BOB,396,full,2025-07-01 08:00:00
ACC0003460,wchana@okaxis,Kotak,223,full,2025-12-21 08:00:00
ACC0003461,lkhare@oksbi,Axis,1133,minimal,2023-06-25 08:00:00
ACC0003462,pranayagrawal@oksbi,Axis,1592,full,2022-03-23 08:00:00
ACC0003463,nirvibhatnagar@okicici,Paytm Payments Bank,655,full,2024-10-15 08:00:00
ACC0003464,uthkarshmander@ybl,Axis,644,full,2024-10-26 08:00:00
ACC0003465,baiju53@okicici,ICICI,346,full,2025-08-20 08:00:00
ACC0003466,dsastry@oksbi,ICICI,841,full,2024-04-12 08:00:00
ACC0003467,advikagoel@okicici,Paytm Payments Bank,351,full,2025-08-15 08:00:00
ACC0003468,skrishnamurthy@okaxis,PNB,1645,full,2022-01-29 08:00:00
ACC0003469,aaryahi83@okaxis,PNB,568,full,2025-01-10 08:00:00
ACC0003470,myra14@okicici,Kotak,657,minimal,2024-10-13 08:00:00
ACC0003471,usolanki@okaxis,PNB,675,full,2024-09-25 08:00:00
ACC0003472,raveldhanush@okaxis,SBI,835,minimal,2024-04-18 08:00:00
ACC0003473,sethinakul@okhdfcbank,BOB,857,full,2024-03-27 08:00:00
ACC0003474,butalakashvi@oksbi,Paytm Payments Bank,1679,minimal,2021-12-26 08:00:00
ACC0003475,basakshanaya@oksbi,Axis,69,full,2026-05-24 08:00:00
ACC0003476,ishita70@okicici,Kotak,554,full,2025-01-24 08:00:00
ACC0003477,gsandhu@okaxis,Kotak,905,full,2024-02-08 08:00:00
ACC0003478,anvikothari@oksbi,Axis,1543,full,2022-05-11 08:00:00
ACC0003479,jainabram@okicici,HDFC,931,full,2024-01-13 08:00:00
ACC0003480,shanayaaggarwal@okicici,Paytm Payments Bank,358,minimal,2025-08-08 08:00:00
ACC0003481,isarna@okaxis,SBI,1244,minimal,2023-03-06 08:00:00
ACC0003482,nirvaan89@okaxis,Axis,828,full,2024-04-25 08:00:00
ACC0003483,ramanalia@ybl,BOB,1272,full,2023-02-06 08:00:00
ACC0003484,pariwadhwa@okicici,PNB,144,full,2026-03-10 08:00:00
ACC0003485,jayantbarad@okicici,HDFC,927,full,2024-01-17 08:00:00
ACC0003486,himmat85@okhdfcbank,Kotak,1833,none,2021-07-25 08:00:00
ACC0003487,kakarbhamini@okaxis,ICICI,1530,minimal,2022-05-24 08:00:00
ACC0003488,xchada@okicici,Axis,1237,full,2023-03-13 08:00:00
ACC0003489,garaparinaaz@oksbi,Kotak,927,full,2024-01-17 08:00:00
ACC0003490,hrishitavarghese@okicici,PNB,1592,full,2022-03-23 08:00:00
ACC0003491,dhillonrohan@okhdfcbank,Kotak,317,none,2025-09-18 08:00:00
ACC0003492,qdin@okaxis,Axis,769,full,2024-06-23 08:00:00
ACC0003493,aaravshan@oksbi,Paytm Payments Bank,989,full,2023-11-16 08:00:00
ACC0003494,tchopra@okicici,PNB,437,full,2025-05-21 08:00:00
ACC0003495,katamiraya@okhdfcbank,ICICI,1940,full,2021-04-09 08:00:00
ACC0003496,wbalakrishnan@okaxis,BOB,871,minimal,2024-03-13 08:00:00
ACC0003497,randhawaamira@okhdfcbank,SBI,1664,minimal,2022-01-10 08:00:00
ACC0003498,rohan51@okicici,SBI,1079,full,2023-08-18 08:00:00
ACC0003499,gillsaira@ybl,Kotak,95,minimal,2026-04-28 08:00:00
ACC0003500,yakshitgoel@okicici,Kotak,1037,full,2023-09-29 08:00:00
ACC0003501,bediadah@okhdfcbank,HDFC,1534,none,2022-05-20 08:00:00
ACC0003502,fchaudhary@okhdfcbank,ICICI,1628,minimal,2022-02-15 08:00:00
ACC0003503,zainbhatia@okhdfcbank,Paytm Payments Bank,1763,full,2021-10-03 08:00:00
ACC0003504,jaggarwal@okhdfcbank,BOB,420,minimal,2025-06-07 08:00:00
ACC0003505,mamooty76@okaxis,ICICI,983,full,2023-11-22 08:00:00
ACC0003506,rohan56@oksbi,Kotak,179,full,2026-02-03 08:00:00
ACC0003507,heertak@okaxis,SBI,1629,full,2022-02-14 08:00:00
ACC0003508,emir77@okhdfcbank,BOB,631,full,2024-11-08 08:00:00
ACC0003509,hirangoel@okicici,BOB,491,full,2025-03-28 08:00:00
ACC0003510,wagate@oksbi,Kotak,1782,full,2021-09-14 08:00:00
ACC0003511,faiyazchandran@oksbi,Kotak,1368,minimal,2022-11-02 08:00:00
ACC0003512,arnav26@ybl,ICICI,1494,full,2022-06-29 08:00:00
ACC0003513,vsharaf@oksbi,PNB,333,full,2025-09-02 08:00:00
ACC0003514,buchnitya@ybl,SBI,83,minimal,2026-05-10 08:00:00
ACC0003515,anvisalvi@okicici,HDFC,1136,full,2023-06-22 08:00:00
ACC0003516,fateh67@oksbi,Axis,675,full,2024-09-25 08:00:00
ACC0003517,rsura@okaxis,PNB,364,full,2025-08-02 08:00:00
ACC0003518,shaansheth@oksbi,Kotak,1913,full,2021-05-06 08:00:00
ACC0003519,ukrishna@okaxis,HDFC,1827,minimal,2021-07-31 08:00:00
ACC0003520,hbhatti@okhdfcbank,Paytm Payments Bank,798,minimal,2024-05-25 08:00:00
ACC0003521,suleakarsh@oksbi,BOB,1779,full,2021-09-17 08:00:00
ACC0003522,indransgera@okaxis,Axis,928,full,2024-01-16 08:00:00
ACC0003523,sinhapiya@ybl,HDFC,809,full,2024-05-14 08:00:00
ACC0003524,baijusane@ybl,HDFC,388,full,2025-07-09 08:00:00
ACC0003525,aaryahi90@okhdfcbank,Paytm Payments Bank,459,full,2025-04-29 08:00:00
ACC0003526,skhatri@okicici,BOB,763,full,2024-06-29 08:00:00
ACC0003527,aradhya16@ybl,Kotak,215,full,2025-12-29 08:00:00
ACC0003528,mirayabose@okhdfcbank,Paytm Payments Bank,1071,full,2023-08-26 08:00:00
ACC0003529,nishithdey@okaxis,BOB,808,none,2024-05-15 08:00:00
ACC0003530,venkateshprerak@okicici,Kotak,234,minimal,2025-12-10 08:00:00
ACC0003531,nityatara@okhdfcbank,BOB,1743,minimal,2021-10-23 08:00:00
ACC0003532,echaudhary@okicici,Axis,1365,none,2022-11-05 08:00:00
ACC0003533,sarmasamiha@okaxis,Paytm Payments Bank,202,full,2026-01-11 08:00:00
ACC0003534,kanavvarma@okicici,SBI,592,full,2024-12-17 08:00:00
ACC0003535,manikyabhasin@oksbi,SBI,539,full,2025-02-08 08:00:00
ACC0003536,yakshitbahl@oksbi,Paytm Payments Bank,348,minimal,2025-08-18 08:00:00
ACC0003537,kartik26@ybl,Axis,155,minimal,2026-02-27 08:00:00
ACC0003538,randhawakrish@okicici,Kotak,1383,full,2022-10-18 08:00:00
ACC0003539,venkateshbaiju@oksbi,BOB,1716,full,2021-11-19 08:00:00
ACC0003540,hjani@ybl,ICICI,1947,full,2021-04-02 08:00:00
ACC0003541,rati33@oksbi,Kotak,1689,minimal,2021-12-16 08:00:00
ACC0003542,aaryahi70@oksbi,SBI,254,full,2025-11-20 08:00:00
ACC0003543,drout@okaxis,Kotak,656,minimal,2024-10-14 08:00:00
ACC0003544,faiyaz45@ybl,Kotak,573,full,2025-01-05 08:00:00
ACC0003545,stuvan63@okicici,SBI,82,minimal,2026-05-11 08:00:00
ACC0003546,badal20@oksbi,BOB,100,full,2026-04-23 08:00:00
ACC0003547,balnitara@ybl,ICICI,802,full,2024-05-21 08:00:00
ACC0003548,lakshit47@okicici,Axis,60,full,2026-06-02 08:00:00
ACC0003549,mahika16@okhdfcbank,Paytm Payments Bank,165,full,2026-02-17 08:00:00
ACC0003550,ojaskorpal@ybl,Paytm Payments Bank,880,full,2024-03-04 08:00:00
ACC0003551,shamik41@okhdfcbank,PNB,1265,full,2023-02-13 08:00:00
ACC0003552,samiabram@okicici,ICICI,1872,full,2021-06-16 08:00:00
ACC0003553,shalvgole@okicici,HDFC,1135,full,2023-06-23 08:00:00
ACC0003554,shanaya98@ybl,Axis,1563,full,2022-04-21 08:00:00
ACC0003555,miraan43@oksbi,ICICI,1084,full,2023-08-13 08:00:00
ACC0003556,gbassi@okhdfcbank,BOB,198,full,2026-01-15 08:00:00
ACC0003557,mohanlalsharaf@okhdfcbank,Axis,1289,full,2023-01-20 08:00:00
ACC0003558,bailkhushi@okicici,Kotak,408,full,2025-06-19 08:00:00
ACC0003559,kartiksarraf@ybl,PNB,976,minimal,2023-11-29 08:00:00
ACC0003560,ebawa@okicici,BOB,299,full,2025-10-06 08:00:00
ACC0003561,romil73@ybl,SBI,327,full,2025-09-08 08:00:00
ACC0003562,azadbhatt@okaxis,SBI,1667,minimal,2022-01-07 08:00:00
ACC0003563,aainamaharaj@okhdfcbank,ICICI,403,full,2025-06-24 08:00:00
ACC0003564,tara85@oksbi,ICICI,1740,full,2021-10-26 08:00:00
ACC0003565,alia16@ybl,Paytm Payments Bank,53,full,2026-06-09 08:00:00
ACC0003566,khuranaaaina@oksbi,BOB,734,full,2024-07-28 08:00:00
ACC0003567,chackokismat@okaxis,PNB,469,full,2025-04-19 08:00:00
ACC0003568,rasha24@okicici,Kotak,271,full,2025-11-03 08:00:00
ACC0003569,mandalbiju@oksbi,PNB,1857,full,2021-07-01 08:00:00
ACC0003570,sehertandon@okaxis,Paytm Payments Bank,1815,full,2021-08-12 08:00:00
ACC0003571,rkota@okicici,PNB,1398,full,2022-10-03 08:00:00
ACC0003572,butalaadvika@okaxis,SBI,778,none,2024-06-14 08:00:00
ACC0003573,xmand@okhdfcbank,Axis,288,none,2025-10-17 08:00:00
ACC0003574,miyer@okhdfcbank,HDFC,1729,full,2021-11-06 08:00:00
ACC0003575,lagan20@oksbi,Kotak,635,full,2024-11-04 08:00:00
ACC0003576,kairachopra@ybl,HDFC,923,none,2024-01-21 08:00:00
ACC0003577,wablevritika@oksbi,BOB,1063,minimal,2023-09-03 08:00:00
ACC0003578,tkrishnamurthy@ybl,Axis,1843,full,2021-07-15 08:00:00
ACC0003579,romil34@oksbi,SBI,1423,full,2022-09-08 08:00:00
ACC0003580,ishita12@okicici,ICICI,1554,full,2022-04-30 08:00:00
ACC0003581,azadloke@ybl,SBI,1116,minimal,2023-07-12 08:00:00
ACC0003582,riaanbahri@ybl,Axis,772,full,2024-06-20 08:00:00
ACC0003583,ranbirbhavsar@oksbi,Kotak,1117,full,2023-07-11 08:00:00
ACC0003584,vritika03@oksbi,Axis,1423,minimal,2022-09-08 08:00:00
ACC0003585,hazelbhardwaj@oksbi,BOB,1568,minimal,2022-04-16 08:00:00
ACC0003586,sacharshray@okhdfcbank,BOB,600,full,2024-12-09 08:00:00
ACC0003587,shaan18@ybl,BOB,1875,minimal,2021-06-13 08:00:00
ACC0003588,saira26@okicici,ICICI,988,full,2023-11-17 08:00:00
ACC0003589,shaan00@okhdfcbank,HDFC,644,full,2024-10-26 08:00:00
ACC0003590,madhup42@okicici,Axis,1168,minimal,2023-05-21 08:00:00
ACC0003591,advik89@ybl,HDFC,1285,full,2023-01-24 08:00:00
ACC0003592,senshanaya@oksbi,ICICI,870,full,2024-03-14 08:00:00
ACC0003593,qsachdeva@oksbi,BOB,358,minimal,2025-08-08 08:00:00
ACC0003594,ahana-choudhary@okaxis,BOB,1353,full,2022-11-17 08:00:00
ACC0003595,priyansh39@okicici,HDFC,539,full,2025-02-08 08:00:00
ACC0003596,cbrahmbhatt@okicici,ICICI,1973,minimal,2021-03-07 08:00:00
ACC0003597,samihaseshadri@ybl,ICICI,282,full,2025-10-23 08:00:00
ACC0003598,jgour@okicici,Kotak,321,full,2025-09-14 08:00:00
ACC0003599,fbatra@ybl,PNB,270,full,2025-11-04 08:00:00
ACC0003600,amirachanda@ybl,Paytm Payments Bank,1610,full,2022-03-05 08:00:00
ACC0003601,kanavmane@okicici,HDFC,927,full,2024-01-17 08:00:00
ACC0003602,lsethi@okaxis,ICICI,1279,full,2023-01-30 08:00:00
ACC0003603,akarsh42@okicici,PNB,1574,minimal,2022-04-10 08:00:00
ACC0003604,vihaansankar@okaxis,PNB,113,full,2026-04-10 08:00:00
ACC0003605,darshitbora@okaxis,ICICI,985,minimal,2023-11-20 08:00:00
ACC0003606,kalanirvaan@okaxis,PNB,1446,full,2022-08-16 08:00:00
ACC0003607,zroy@okhdfcbank,Kotak,241,full,2025-12-03 08:00:00
ACC0003608,senguptaeshani@okaxis,BOB,1770,full,2021-09-26 08:00:00
ACC0003609,samihasheth@okhdfcbank,PNB,1336,minimal,2022-12-04 08:00:00
ACC0003610,ramachandrandivyansh@okicici,PNB,1530,full,2022-05-24 08:00:00
ACC0003611,bhanda@okaxis,PNB,703,none,2024-08-28 08:00:00
ACC0003612,thakerabram@okhdfcbank,HDFC,200,full,2026-01-13 08:00:00
ACC0003613,bhattinishith@oksbi,Paytm Payments Bank,1024,full,2023-10-12 08:00:00
ACC0003614,desaihridaan@okicici,HDFC,918,none,2024-01-26 08:00:00
ACC0003615,suleaayush@okaxis,BOB,1722,full,2021-11-13 08:00:00
ACC0003616,madansara@okaxis,SBI,1812,full,2021-08-15 08:00:00
ACC0003617,rhea13@okhdfcbank,HDFC,1239,full,2023-03-11 08:00:00
ACC0003618,anvisibal@oksbi,Kotak,1594,full,2022-03-21 08:00:00
ACC0003619,ktandon@ybl,BOB,1482,minimal,2022-07-11 08:00:00
ACC0003620,shalv72@okhdfcbank,Kotak,1501,full,2022-06-22 08:00:00
ACC0003621,bhavinmagar@okaxis,SBI,931,minimal,2024-01-13 08:00:00
ACC0003622,mishti81@okaxis,SBI,1695,full,2021-12-10 08:00:00
ACC0003623,tellaazad@okhdfcbank,Kotak,400,full,2025-06-27 08:00:00
ACC0003624,magarritvik@okaxis,SBI,1915,full,2021-05-04 08:00:00
ACC0003625,kumerzeeshan@okicici,Kotak,1769,minimal,2021-09-27 08:00:00
ACC0003626,aaravchoudhury@okicici,Axis,734,full,2024-07-28 08:00:00
ACC0003627,comaraaryahi@okhdfcbank,Kotak,1635,full,2022-02-08 08:00:00
ACC0003628,wborah@okicici,ICICI,1330,full,2022-12-10 08:00:00
ACC0003629,mamooty61@ybl,Kotak,1608,full,2022-03-07 08:00:00
ACC0003630,hchad@okicici,ICICI,1572,minimal,2022-04-12 08:00:00
ACC0003631,ehsaandhaliwal@okhdfcbank,Kotak,1784,full,2021-09-12 08:00:00
ACC0003632,dhanuk95@oksbi,Kotak,1132,minimal,2023-06-26 08:00:00
ACC0003633,goledharmajan@okhdfcbank,BOB,237,full,2025-12-07 08:00:00
ACC0003634,ramakrishnanindrajit@oksbi,BOB,1048,full,2023-09-18 08:00:00
ACC0003635,aaryahilanka@okaxis,Kotak,1783,full,2021-09-13 08:00:00
ACC0003636,kismat26@okicici,ICICI,926,none,2024-01-18 08:00:00
ACC0003637,nityasankar@okhdfcbank,HDFC,691,full,2024-09-09 08:00:00
ACC0003638,misha45@ybl,PNB,665,minimal,2024-10-05 08:00:00
ACC0003639,deshmukhcharvi@oksbi,BOB,1132,full,2023-06-26 08:00:00
ACC0003640,prerak10@oksbi,HDFC,185,full,2026-01-28 08:00:00
ACC0003641,vanyasagar@okaxis,PNB,1254,full,2023-02-24 08:00:00
ACC0003642,samarborah@ybl,Kotak,726,full,2024-08-05 08:00:00
ACC0003643,ukapoor@okaxis,HDFC,1916,minimal,2021-05-03 08:00:00
ACC0003644,etandon@okicici,HDFC,1537,full,2022-05-17 08:00:00
ACC0003645,maniaaryahi@okaxis,SBI,490,full,2025-03-29 08:00:00
ACC0003646,hunar15@okicici,SBI,347,full,2025-08-19 08:00:00
ACC0003647,jivinsinha@oksbi,Axis,1736,minimal,2021-10-30 08:00:00
ACC0003648,ugoda@oksbi,ICICI,931,full,2024-01-13 08:00:00
ACC0003649,ekala@okhdfcbank,Paytm Payments Bank,529,minimal,2025-02-18 08:00:00
ACC0003650,yramachandran@ybl,Axis,878,full,2024-03-06 08:00:00
ACC0003651,hiran36@ybl,BOB,1766,full,2021-09-30 08:00:00
ACC0003652,fmaharaj@okaxis,PNB,1849,full,2021-07-09 08:00:00
ACC0003653,ilata@okicici,BOB,775,full,2024-06-17 08:00:00
ACC0003654,veerbarman@oksbi,Kotak,1873,full,2021-06-15 08:00:00
ACC0003655,klall@oksbi,Kotak,187,minimal,2026-01-26 08:00:00
ACC0003656,ratibassi@oksbi,ICICI,1468,full,2022-07-25 08:00:00
ACC0003657,taranagarwal@ybl,Paytm Payments Bank,1908,full,2021-05-11 08:00:00
ACC0003658,advikgolla@ybl,Axis,244,full,2025-11-30 08:00:00
ACC0003659,hbhavsar@ybl,Axis,1499,full,2022-06-24 08:00:00
ACC0003660,ghoshtaran@okhdfcbank,Paytm Payments Bank,1206,full,2023-04-13 08:00:00
ACC0003661,ritvikkarpe@ybl,BOB,1048,full,2023-09-18 08:00:00
ACC0003662,ishitakade@okhdfcbank,Paytm Payments Bank,380,full,2025-07-17 08:00:00
ACC0003663,lakshaythaker@okicici,Paytm Payments Bank,147,minimal,2026-03-07 08:00:00
ACC0003664,bhavinshenoy@okhdfcbank,Kotak,332,full,2025-09-03 08:00:00
ACC0003665,fatehsarin@okicici,PNB,1502,minimal,2022-06-21 08:00:00
ACC0003666,uthkarshsha@okhdfcbank,Paytm Payments Bank,1520,full,2022-06-03 08:00:00
ACC0003667,sarinaarna@oksbi,BOB,1595,full,2022-03-20 08:00:00
ACC0003668,baiju19@okicici,PNB,955,full,2023-12-20 08:00:00
ACC0003669,kharekimaya@ybl,BOB,1197,full,2023-04-22 08:00:00
ACC0003670,aniruddhborah@ybl,Kotak,1135,minimal,2023-06-23 08:00:00
ACC0003671,hridaan13@okhdfcbank,Kotak,1278,full,2023-01-31 08:00:00
ACC0003672,ahujajiya@okhdfcbank,HDFC,1616,full,2022-02-27 08:00:00
ACC0003673,wborde@oksbi,Axis,1525,full,2022-05-29 08:00:00
ACC0003674,anayasharaf@oksbi,ICICI,1261,full,2023-02-17 08:00:00
ACC0003675,siyalalla@okaxis,HDFC,1932,full,2021-04-17 08:00:00
ACC0003676,anaya65@okaxis,BOB,222,minimal,2025-12-22 08:00:00
ACC0003677,psrinivas@okaxis,ICICI,810,minimal,2024-05-13 08:00:00
ACC0003678,dharfaiyaz@okhdfcbank,PNB,404,full,2025-06-23 08:00:00
ACC0003679,bijuwadhwa@okaxis,PNB,1478,full,2022-07-15 08:00:00
ACC0003680,ramakrishnansuhana@okicici,BOB,407,full,2025-06-20 08:00:00
ACC0003681,daminibuch@okhdfcbank,Kotak,749,full,2024-07-13 08:00:00
ACC0003682,horaaarna@ybl,PNB,222,full,2025-12-22 08:00:00
ACC0003683,tmalhotra@okhdfcbank,SBI,1271,full,2023-02-07 08:00:00
ACC0003684,kaira84@oksbi,SBI,225,none,2025-12-19 08:00:00
ACC0003685,aarnabrar@okhdfcbank,SBI,1113,full,2023-07-15 08:00:00
ACC0003686,divij86@okhdfcbank,Kotak,657,minimal,2024-10-13 08:00:00
ACC0003687,shanayacherian@oksbi,Axis,1987,full,2021-02-21 08:00:00
ACC0003688,dranganathan@oksbi,Axis,1050,none,2023-09-16 08:00:00
ACC0003689,vihaanchanda@oksbi,Kotak,228,full,2025-12-16 08:00:00
ACC0003690,tanejarania@okaxis,ICICI,1855,full,2021-07-03 08:00:00
ACC0003691,ukhare@okaxis,SBI,1697,full,2021-12-08 08:00:00
ACC0003692,ythaker@ybl,HDFC,1945,minimal,2021-04-04 08:00:00
ACC0003693,baijusuri@okicici,HDFC,668,full,2024-10-02 08:00:00
ACC0003694,neelofar63@ybl,ICICI,399,minimal,2025-06-28 08:00:00
ACC0003695,emir11@oksbi,ICICI,1049,none,2023-09-17 08:00:00
ACC0003696,lavanya50@okicici,Paytm Payments Bank,1914,minimal,2021-05-05 08:00:00
ACC0003697,raunakbumb@okaxis,Paytm Payments Bank,1152,minimal,2023-06-06 08:00:00
ACC0003698,balilakshit@ybl,HDFC,1399,full,2022-10-02 08:00:00
ACC0003699,shuklasahil@oksbi,Axis,778,none,2024-06-14 08:00:00
ACC0003700,ishitachaudhuri@oksbi,BOB,1035,full,2023-10-01 08:00:00
ACC0003701,darapriyansh@okaxis,HDFC,150,minimal,2026-03-04 08:00:00
ACC0003702,manejivika@okicici,BOB,216,minimal,2025-12-28 08:00:00
ACC0003703,mandavritika@oksbi,PNB,1347,full,2022-11-23 08:00:00
ACC0003704,dbajaj@oksbi,PNB,947,minimal,2023-12-28 08:00:00
ACC0003705,divij40@okaxis,BOB,903,full,2024-02-10 08:00:00
ACC0003706,suhana46@okhdfcbank,Paytm Payments Bank,1034,full,2023-10-02 08:00:00
ACC0003707,sakshamsheth@okaxis,BOB,1179,full,2023-05-10 08:00:00
ACC0003708,wseshadri@okicici,SBI,1640,full,2022-02-03 08:00:00
ACC0003709,ratisandal@oksbi,HDFC,115,full,2026-04-08 08:00:00
ACC0003710,gandhiyuvraj@ybl,ICICI,1233,full,2023-03-17 08:00:00
ACC0003711,krishnamurthyzara@okhdfcbank,SBI,1543,full,2022-05-11 08:00:00
ACC0003712,anayraj@okaxis,Axis,650,full,2024-10-20 08:00:00
ACC0003713,lkhare@okhdfcbank,BOB,1131,full,2023-06-27 08:00:00
ACC0003714,dhillonishaan@oksbi,Kotak,1103,full,2023-07-25 08:00:00
ACC0003715,pihukata@oksbi,HDFC,121,full,2026-04-02 08:00:00
ACC0003716,walimishti@oksbi,Kotak,410,full,2025-06-17 08:00:00
ACC0003717,sekhonmehul@okaxis,Axis,446,full,2025-05-12 08:00:00
ACC0003718,zarasangha@okhdfcbank,SBI,1285,minimal,2023-01-24 08:00:00
ACC0003719,tiyasekhon@okhdfcbank,PNB,451,full,2025-05-07 08:00:00
ACC0003720,daminikuruvilla@okicici,ICICI,522,none,2025-02-25 08:00:00
ACC0003721,alia25@oksbi,Kotak,1722,minimal,2021-11-13 08:00:00
ACC0003722,taran96@okhdfcbank,ICICI,853,full,2024-03-31 08:00:00
ACC0003723,wallariya@ybl,PNB,534,minimal,2025-02-13 08:00:00
ACC0003724,ndar@ybl,PNB,895,full,2024-02-18 08:00:00
ACC0003725,bosejiya@okicici,BOB,1829,full,2021-07-29 08:00:00
ACC0003726,zbava@okaxis,BOB,881,full,2024-03-03 08:00:00
ACC0003727,boratiya@oksbi,Paytm Payments Bank,1875,full,2021-06-13 08:00:00
ACC0003728,ira17@okaxis,SBI,51,full,2026-06-11 08:00:00
ACC0003729,karansaksham@oksbi,Axis,949,full,2023-12-26 08:00:00
ACC0003730,ritvikbuch@okhdfcbank,ICICI,264,minimal,2025-11-10 08:00:00
ACC0003731,deykashvi@okhdfcbank,ICICI,1030,full,2023-10-06 08:00:00
ACC0003732,sumer11@okicici,BOB,372,full,2025-07-25 08:00:00
ACC0003733,rheasom@okicici,PNB,616,full,2024-11-23 08:00:00
ACC0003734,edayal@okaxis,Axis,274,none,2025-10-31 08:00:00
ACC0003735,tarini72@okaxis,Axis,1166,full,2023-05-23 08:00:00
ACC0003736,manearadhya@okaxis,Paytm Payments Bank,103,full,2026-04-20 08:00:00
ACC0003737,gopalreyansh@okhdfcbank,BOB,498,full,2025-03-21 08:00:00
ACC0003738,njayaraman@okhdfcbank,Axis,1591,full,2022-03-24 08:00:00
ACC0003739,advikagoswami@okaxis,ICICI,789,full,2024-06-03 08:00:00
ACC0003740,umang16@okhdfcbank,Axis,1605,minimal,2022-03-10 08:00:00
ACC0003741,rdeep@okicici,SBI,1514,full,2022-06-09 08:00:00
ACC0003742,raonayantara@oksbi,Kotak,1972,minimal,2021-03-08 08:00:00
ACC0003743,shankervritika@oksbi,Kotak,543,full,2025-02-04 08:00:00
ACC0003744,ratitara@okhdfcbank,BOB,1876,full,2021-06-12 08:00:00
ACC0003745,brahmbhattehsaan@okicici,HDFC,1969,full,2021-03-11 08:00:00
ACC0003746,uthkarsh29@oksbi,Kotak,1314,full,2022-12-26 08:00:00
ACC0003747,evarma@okhdfcbank,Paytm Payments Bank,928,full,2024-01-16 08:00:00
ACC0003748,vidurvohra@ybl,PNB,533,full,2025-02-14 08:00:00
ACC0003749,fsami@ybl,Kotak,323,full,2025-09-12 08:00:00
ACC0003750,anahita78@okhdfcbank,BOB,1432,full,2022-08-30 08:00:00
ACC0003751,fbhagat@ybl,ICICI,65,full,2026-05-28 08:00:00
ACC0003752,sanabhagat@okicici,SBI,688,full,2024-09-12 08:00:00
ACC0003753,bsodhi@oksbi,SBI,242,full,2025-12-02 08:00:00
ACC0003754,yakshitgala@okhdfcbank,BOB,1182,minimal,2023-05-07 08:00:00
ACC0003755,duttshlok@oksbi,SBI,275,full,2025-10-30 08:00:00
ACC0003756,scherian@okhdfcbank,Paytm Payments Bank,181,minimal,2026-02-01 08:00:00
ACC0003757,rbhandari@okaxis,PNB,1350,full,2022-11-20 08:00:00
ACC0003758,ibahl@okaxis,Axis,822,full,2024-05-01 08:00:00
ACC0003759,anayabora@okicici,Kotak,1284,none,2023-01-25 08:00:00
ACC0003760,samarmander@okaxis,Paytm Payments Bank,1333,minimal,2022-12-07 08:00:00
ACC0003761,ramaurvi@okaxis,Kotak,343,full,2025-08-23 08:00:00
ACC0003762,zbalasubramanian@oksbi,BOB,617,none,2024-11-22 08:00:00
ACC0003763,vritika67@oksbi,Kotak,1836,full,2021-07-22 08:00:00
ACC0003764,baijucherian@okicici,ICICI,914,full,2024-01-30 08:00:00
ACC0003765,sibalpiya@ybl,Axis,870,none,2024-03-14 08:00:00
ACC0003766,qdeshmukh@okicici,Axis,286,minimal,2025-10-19 08:00:00
ACC0003767,dharmajanbobal@okaxis,Paytm Payments Bank,892,full,2024-02-21 08:00:00
ACC0003768,devanyuvaan@okaxis,Paytm Payments Bank,939,full,2024-01-05 08:00:00
ACC0003769,dixitriya@okaxis,ICICI,697,full,2024-09-03 08:00:00
ACC0003770,aviswanathan@oksbi,Axis,451,full,2025-05-07 08:00:00
ACC0003771,oorjawarrior@oksbi,Kotak,1194,minimal,2023-04-25 08:00:00
ACC0003772,kabir01@okaxis,Kotak,1152,full,2023-06-06 08:00:00
ACC0003773,wgarg@okaxis,ICICI,467,full,2025-04-21 08:00:00
ACC0003774,ivan35@okaxis,PNB,1141,minimal,2023-06-17 08:00:00
ACC0003775,ekhosla@ybl,BOB,1987,full,2021-02-21 08:00:00
ACC0003776,rashakamdar@okicici,ICICI,474,full,2025-04-14 08:00:00
ACC0003777,rania96@ybl,BOB,1949,full,2021-03-31 08:00:00
ACC0003778,mandvardaniya@okhdfcbank,Axis,937,full,2024-01-07 08:00:00
ACC0003779,dhanuksengupta@oksbi,PNB,1396,none,2022-10-05 08:00:00
ACC0003780,samarthsalvi@ybl,ICICI,1423,full,2022-09-08 08:00:00
ACC0003781,abram27@oksbi,ICICI,1207,full,2023-04-12 08:00:00
ACC0003782,charvivenkatesh@oksbi,ICICI,989,minimal,2023-11-16 08:00:00
ACC0003783,farhan64@okicici,SBI,1026,full,2023-10-10 08:00:00
ACC0003784,kargokul@okhdfcbank,HDFC,1641,full,2022-02-02 08:00:00
ACC0003785,lreddy@okhdfcbank,Kotak,1914,minimal,2021-05-05 08:00:00
ACC0003786,badamimadhav@okicici,Axis,671,full,2024-09-29 08:00:00
ACC0003787,aainasarin@oksbi,PNB,1991,minimal,2021-02-17 08:00:00
ACC0003788,kismatgulati@ybl,Kotak,773,full,2024-06-19 08:00:00
ACC0003789,stuvancheema@okaxis,Paytm Payments Bank,1726,full,2021-11-09 08:00:00
ACC0003790,parinaazmani@okicici,PNB,388,full,2025-07-09 08:00:00
ACC0003791,goyaltejas@oksbi,ICICI,1180,full,2023-05-09 08:00:00
ACC0003792,doraryan@ybl,BOB,272,full,2025-11-02 08:00:00
ACC0003793,sarmacharvi@okaxis,PNB,1161,full,2023-05-28 08:00:00
ACC0003794,ajhaveri@oksbi,HDFC,1880,full,2021-06-08 08:00:00
ACC0003795,sumer86@okaxis,HDFC,330,minimal,2025-09-05 08:00:00
ACC0003796,farhan27@okaxis,Paytm Payments Bank,307,full,2025-09-28 08:00:00
ACC0003797,lgrover@okhdfcbank,Kotak,379,minimal,2025-07-18 08:00:00
ACC0003798,hrishitakamdar@ybl,ICICI,1227,full,2023-03-23 08:00:00
ACC0003799,qdhar@okaxis,Kotak,70,minimal,2026-05-23 08:00:00
ACC0003800,sravel@okicici,HDFC,204,full,2026-01-09 08:00:00
ACC0003801,bassizara@okicici,BOB,1308,minimal,2023-01-01 08:00:00
ACC0003802,basunehmat@oksbi,Kotak,257,full,2025-11-17 08:00:00
ACC0003803,randhawazain@okhdfcbank,Kotak,1653,full,2022-01-21 08:00:00
ACC0003804,kotharisiya@okaxis,SBI,1667,full,2022-01-07 08:00:00
ACC0003805,ravelahana@okaxis,ICICI,1238,full,2023-03-12 08:00:00
ACC0003806,samariaan@oksbi,PNB,547,none,2025-01-31 08:00:00
ACC0003807,ocherian@okhdfcbank,Paytm Payments Bank,1881,full,2021-06-07 08:00:00
ACC0003808,ymajumdar@okhdfcbank,Axis,371,full,2025-07-26 08:00:00
ACC0003809,chaudharianaya@okaxis,BOB,568,full,2025-01-10 08:00:00
ACC0003810,gillyashvi@okaxis,HDFC,588,full,2024-12-21 08:00:00
ACC0003811,pjhaveri@oksbi,SBI,94,full,2026-04-29 08:00:00
ACC0003812,xaggarwal@okicici,BOB,69,full,2026-05-24 08:00:00
ACC0003813,dishanidhar@okaxis,BOB,992,full,2023-11-13 08:00:00
ACC0003814,nirvi44@okicici,BOB,1406,full,2022-09-25 08:00:00
ACC0003815,psamra@ybl,BOB,1674,full,2021-12-31 08:00:00
ACC0003816,yogizeeshan@oksbi,Kotak,730,full,2024-08-01 08:00:00
ACC0003817,ambleanay@oksbi,Paytm Payments Bank,1161,full,2023-05-28 08:00:00
ACC0003818,vritikagrover@okaxis,HDFC,200,minimal,2026-01-13 08:00:00
ACC0003819,shamik29@okicici,HDFC,1900,full,2021-05-19 08:00:00
ACC0003820,jdara@okhdfcbank,Axis,293,full,2025-10-12 08:00:00
ACC0003821,nchar@okhdfcbank,ICICI,794,full,2024-05-29 08:00:00
ACC0003822,dthakkar@okhdfcbank,HDFC,515,full,2025-03-04 08:00:00
ACC0003823,obhatt@okicici,HDFC,57,full,2026-06-05 08:00:00
ACC0003824,lseth@okaxis,Kotak,1312,minimal,2022-12-28 08:00:00
ACC0003825,uzacharia@ybl,HDFC,246,full,2025-11-28 08:00:00
ACC0003826,adiradalia@oksbi,HDFC,314,full,2025-09-21 08:00:00
ACC0003827,savantzaina@okhdfcbank,SBI,1500,full,2022-06-23 08:00:00
ACC0003828,dishanibhargava@oksbi,Axis,1434,full,2022-08-28 08:00:00
ACC0003829,wupadhyay@okaxis,Kotak,192,full,2026-01-21 08:00:00
ACC0003830,ishita25@okaxis,Axis,424,full,2025-06-03 08:00:00
ACC0003831,divijbatra@ybl,ICICI,1044,full,2023-09-22 08:00:00
ACC0003832,kamdaraayush@ybl,SBI,1528,full,2022-05-26 08:00:00
ACC0003833,aniruddhranganathan@okhdfcbank,HDFC,1069,full,2023-08-28 08:00:00
ACC0003834,mangalvaibhav@okicici,ICICI,434,minimal,2025-05-24 08:00:00
ACC0003835,sharafsana@oksbi,HDFC,1208,full,2023-04-11 08:00:00
ACC0003836,amaniravel@oksbi,ICICI,185,minimal,2026-01-28 08:00:00
ACC0003837,kabir33@oksbi,ICICI,1578,full,2022-04-06 08:00:00
ACC0003838,kartik83@ybl,PNB,1742,full,2021-10-24 08:00:00
ACC0003839,qsolanki@okicici,Axis,1067,full,2023-08-30 08:00:00
ACC0003840,devandharmajan@okicici,Axis,1718,full,2021-11-17 08:00:00
ACC0003841,mishtiapte@okicici,PNB,1371,minimal,2022-10-30 08:00:00
ACC0003842,bhaktaamira@okhdfcbank,HDFC,162,full,2026-02-20 08:00:00
ACC0003843,berahridaan@okhdfcbank,BOB,1878,full,2021-06-10 08:00:00
ACC0003844,prerak21@okaxis,SBI,1595,none,2022-03-20 08:00:00
ACC0003845,kotataran@okhdfcbank,Kotak,1411,full,2022-09-20 08:00:00
ACC0003846,vihaanbedi@okicici,HDFC,1906,full,2021-05-13 08:00:00
ACC0003847,bsunder@okicici,Paytm Payments Bank,1519,full,2022-06-04 08:00:00
ACC0003848,fbansal@okaxis,Kotak,1690,full,2021-12-15 08:00:00
ACC0003849,cheemapiya@okaxis,Kotak,1593,full,2022-03-22 08:00:00
ACC0003850,uguha@oksbi,Axis,1555,full,2022-04-29 08:00:00
ACC0003851,kswamy@okicici,BOB,117,full,2026-04-06 08:00:00
ACC0003852,rohanahluwalia@okicici,BOB,975,full,2023-11-30 08:00:00
ACC0003853,nirvimander@okaxis,Paytm Payments Bank,1871,full,2021-06-17 08:00:00
ACC0003854,bhargavashlok@okaxis,BOB,1541,minimal,2022-05-13 08:00:00
ACC0003855,anya99@oksbi,Kotak,1818,full,2021-08-09 08:00:00
ACC0003856,buchelakshi@oksbi,BOB,1812,full,2021-08-15 08:00:00
ACC0003857,gatik39@oksbi,ICICI,919,full,2024-01-25 08:00:00
ACC0003858,loyalakarsh@oksbi,HDFC,406,full,2025-06-21 08:00:00
ACC0003859,madhavverma@oksbi,PNB,997,full,2023-11-08 08:00:00
ACC0003860,farhan30@okaxis,BOB,74,full,2026-05-19 08:00:00
ACC0003861,hiran31@ybl,PNB,1729,full,2021-11-06 08:00:00
ACC0003862,priyanshdevan@ybl,Paytm Payments Bank,1026,full,2023-10-10 08:00:00
ACC0003863,fchaudhry@oksbi,Paytm Payments Bank,1970,none,2021-03-10 08:00:00
ACC0003864,rhea84@okicici,HDFC,152,full,2026-03-02 08:00:00
ACC0003865,zsharma@okaxis,PNB,692,full,2024-09-08 08:00:00
ACC0003866,gkamdar@okaxis,Axis,1092,full,2023-08-05 08:00:00
ACC0003867,qchar@okicici,ICICI,56,full,2026-06-06 08:00:00
ACC0003868,kiaansankar@ybl,BOB,666,full,2024-10-04 08:00:00
ACC0003869,vihaan19@oksbi,PNB,1256,full,2023-02-22 08:00:00
ACC0003870,ivan37@oksbi,Kotak,794,full,2024-05-29 08:00:00
ACC0003871,cwagle@okhdfcbank,SBI,999,full,2023-11-06 08:00:00
ACC0003872,vraju@oksbi,Axis,884,minimal,2024-02-29 08:00:00
ACC0003873,samar91@oksbi,Kotak,1439,full,2022-08-23 08:00:00
ACC0003874,mkala@okaxis,PNB,1876,full,2021-06-12 08:00:00
ACC0003875,umang17@okicici,Axis,1212,minimal,2023-04-07 08:00:00
ACC0003876,arhaankumer@ybl,Axis,689,full,2024-09-11 08:00:00
ACC0003877,khushi64@oksbi,Axis,1278,full,2023-01-31 08:00:00
ACC0003878,vivaan01@okhdfcbank,Kotak,992,full,2023-11-13 08:00:00
ACC0003879,zoyaedwin@okaxis,ICICI,225,full,2025-12-19 08:00:00
ACC0003880,lsubramanian@ybl,Paytm Payments Bank,196,full,2026-01-17 08:00:00
ACC0003881,nirvaan13@okicici,HDFC,1874,full,2021-06-14 08:00:00
ACC0003882,umang25@oksbi,PNB,1622,full,2022-02-21 08:00:00
ACC0003883,agrawalsamar@okhdfcbank,Paytm Payments Bank,775,full,2024-06-17 08:00:00
ACC0003884,sekhonshalv@okhdfcbank,Kotak,1326,full,2022-12-14 08:00:00
ACC0003885,anahitamander@okaxis,ICICI,1301,minimal,2023-01-08 08:00:00
ACC0003886,mehul81@okicici,Paytm Payments Bank,1989,none,2021-02-19 08:00:00
ACC0003887,mdhar@ybl,Axis,1268,minimal,2023-02-10 08:00:00
ACC0003888,eshanichopra@oksbi,HDFC,1352,full,2022-11-18 08:00:00
ACC0003889,mandranbir@oksbi,PNB,154,full,2026-02-28 08:00:00
ACC0003890,mangatneelofar@okaxis,SBI,800,full,2024-05-23 08:00:00
ACC0003891,wsanghvi@oksbi,PNB,448,full,2025-05-10 08:00:00
ACC0003892,udutt@okaxis,HDFC,1364,full,2022-11-06 08:00:00
ACC0003893,kiaanbakshi@oksbi,Paytm Payments Bank,1618,full,2022-02-25 08:00:00
ACC0003894,ckrish@oksbi,Paytm Payments Bank,1167,minimal,2023-05-22 08:00:00
ACC0003895,aaina11@okicici,Paytm Payments Bank,250,full,2025-11-24 08:00:00
ACC0003896,mchada@ybl,Paytm Payments Bank,1476,full,2022-07-17 08:00:00
ACC0003897,kiara63@oksbi,Kotak,1231,none,2023-03-19 08:00:00
ACC0003898,dharadvik@okhdfcbank,Kotak,283,full,2025-10-22 08:00:00
ACC0003899,kashyapraunak@oksbi,Kotak,785,minimal,2024-06-07 08:00:00
ACC0003900,yuvaanbadami@ybl,SBI,798,full,2024-05-25 08:00:00
ACC0003901,gangulyneelofar@okicici,BOB,1353,full,2022-11-17 08:00:00
ACC0003902,banerjeeanaya@okhdfcbank,PNB,1285,full,2023-01-24 08:00:00
ACC0003903,thakkarzaina@ybl,SBI,1579,minimal,2022-04-05 08:00:00
ACC0003904,tsengupta@oksbi,Paytm Payments Bank,144,full,2026-03-10 08:00:00
ACC0003905,samar56@oksbi,ICICI,169,full,2026-02-13 08:00:00
ACC0003906,mallurvi@oksbi,HDFC,364,minimal,2025-08-02 08:00:00
ACC0003907,bhamini90@okicici,HDFC,761,full,2024-07-01 08:00:00
ACC0003908,sdixit@okhdfcbank,Paytm Payments Bank,1567,full,2022-04-17 08:00:00
ACC0003909,pkoshy@ybl,BOB,157,full,2026-02-25 08:00:00
ACC0003910,upadhyayumang@oksbi,HDFC,840,minimal,2024-04-13 08:00:00
ACC0003911,atwalmamooty@oksbi,HDFC,948,minimal,2023-12-27 08:00:00
ACC0003912,tellaaayush@okicici,Axis,1809,full,2021-08-18 08:00:00
ACC0003913,ehsaanedwin@ybl,SBI,1350,full,2022-11-20 08:00:00
ACC0003914,kchowdhury@oksbi,Paytm Payments Bank,1756,full,2021-10-10 08:00:00
ACC0003915,chandransamaira@oksbi,ICICI,478,none,2025-04-10 08:00:00
ACC0003916,heer00@ybl,Kotak,311,full,2025-09-24 08:00:00
ACC0003917,vardaniya01@okaxis,SBI,1578,full,2022-04-06 08:00:00
ACC0003918,doshidhanuk@okaxis,SBI,623,full,2024-11-16 08:00:00
ACC0003919,shalv96@okaxis,HDFC,1457,full,2022-08-05 08:00:00
ACC0003920,rasha22@okhdfcbank,Axis,1237,full,2023-03-13 08:00:00
ACC0003921,ibhasin@okhdfcbank,Kotak,1036,full,2023-09-30 08:00:00
ACC0003922,hunar96@okicici,ICICI,1221,full,2023-03-29 08:00:00
ACC0003923,hsami@ybl,SBI,341,minimal,2025-08-25 08:00:00
ACC0003924,kashvikhare@ybl,PNB,1554,full,2022-04-30 08:00:00
ACC0003925,udey@ybl,BOB,796,full,2024-05-27 08:00:00
ACC0003926,fchowdhury@ybl,PNB,442,full,2025-05-16 08:00:00
ACC0003927,tiya41@okicici,BOB,699,full,2024-09-01 08:00:00
ACC0003928,ivana33@okaxis,SBI,614,full,2024-11-25 08:00:00
ACC0003929,baradbhamini@ybl,BOB,1364,full,2022-11-06 08:00:00
ACC0003930,cherianabram@okhdfcbank,BOB,260,minimal,2025-11-14 08:00:00
ACC0003931,anahitatank@oksbi,Axis,1551,minimal,2022-05-03 08:00:00
ACC0003932,fchandra@okicici,Axis,1536,minimal,2022-05-18 08:00:00
ACC0003933,gardelakshay@okicici,Kotak,1704,full,2021-12-01 08:00:00
ACC0003934,tara47@oksbi,PNB,1356,full,2022-11-14 08:00:00
ACC0003935,dishanibera@okicici,SBI,78,full,2026-05-15 08:00:00
ACC0003936,madhupgopal@okicici,Axis,400,full,2025-06-27 08:00:00
ACC0003937,nkara@okaxis,Kotak,1504,full,2022-06-19 08:00:00
ACC0003938,vanyaiyengar@ybl,ICICI,830,minimal,2024-04-23 08:00:00
ACC0003939,darshitdewan@ybl,PNB,1013,minimal,2023-10-23 08:00:00
ACC0003940,rbutala@oksbi,HDFC,1396,full,2022-10-05 08:00:00
ACC0003941,kashvi12@okhdfcbank,SBI,1841,full,2021-07-17 08:00:00
ACC0003942,gvora@okhdfcbank,PNB,1785,minimal,2021-09-11 08:00:00
ACC0003943,daraadvik@okaxis,BOB,651,full,2024-10-19 08:00:00
ACC0003944,rchander@oksbi,HDFC,1998,full,2021-02-10 08:00:00
ACC0003945,khannanitara@oksbi,BOB,470,full,2025-04-18 08:00:00
ACC0003946,qgoda@okhdfcbank,PNB,793,full,2024-05-30 08:00:00
ACC0003947,maharajdharmajan@okicici,SBI,75,minimal,2026-05-18 08:00:00
ACC0003948,adah32@oksbi,PNB,648,full,2024-10-22 08:00:00
ACC0003949,bkrishnamurthy@oksbi,HDFC,1939,minimal,2021-04-10 08:00:00
ACC0003950,baiju74@okhdfcbank,Paytm Payments Bank,1554,full,2022-04-30 08:00:00
ACC0003951,divyansh06@okhdfcbank,Axis,260,full,2025-11-14 08:00:00
ACC0003952,schatterjee@ybl,PNB,1845,full,2021-07-13 08:00:00
ACC0003953,yuvaanchakrabarti@ybl,Paytm Payments Bank,1469,full,2022-07-24 08:00:00
ACC0003954,eva97@oksbi,Axis,1446,full,2022-08-16 08:00:00
ACC0003955,rbhagat@okaxis,SBI,1418,full,2022-09-13 08:00:00
ACC0003956,roynishith@okaxis,BOB,915,full,2024-01-29 08:00:00
ACC0003957,choudharyfarhan@ybl,SBI,57,full,2026-06-05 08:00:00
ACC0003958,wasonarmaan@okicici,PNB,1994,full,2021-02-14 08:00:00
ACC0003959,nakul18@okicici,SBI,445,full,2025-05-13 08:00:00
ACC0003960,devimamooty@oksbi,Axis,1815,full,2021-08-12 08:00:00
ACC0003961,zhayre@okhdfcbank,SBI,1689,minimal,2021-12-16 08:00:00
ACC0003962,choudharysana@okaxis,Paytm Payments Bank,1740,minimal,2021-10-26 08:00:00
ACC0003963,bhamini32@okhdfcbank,PNB,1495,full,2022-06-28 08:00:00
ACC0003964,shrayray@okicici,Paytm Payments Bank,1254,minimal,2023-02-24 08:00:00
ACC0003965,renee94@oksbi,Kotak,1145,full,2023-06-13 08:00:00
ACC0003966,battakabir@ybl,ICICI,790,full,2024-06-02 08:00:00
ACC0003967,tshankar@okicici,BOB,1339,full,2022-12-01 08:00:00
ACC0003968,jayandugar@okicici,Paytm Payments Bank,852,none,2024-04-01 08:00:00
ACC0003969,chackokabir@okicici,ICICI,1601,minimal,2022-03-14 08:00:00
ACC0003970,amani20@okaxis,BOB,1569,full,2022-04-15 08:00:00
ACC0003971,vkala@okhdfcbank,PNB,914,minimal,2024-01-30 08:00:00
ACC0003972,chakrabartiprerak@okicici,Paytm Payments Bank,711,full,2024-08-20 08:00:00
ACC0003973,chadaparinaaz@oksbi,SBI,1134,full,2023-06-24 08:00:00
ACC0003974,rajansumer@oksbi,Kotak,1910,full,2021-05-09 08:00:00
ACC0003975,amanne@oksbi,ICICI,1733,none,2021-11-02 08:00:00
ACC0003976,pvohra@oksbi,BOB,1652,full,2022-01-22 08:00:00
ACC0003977,cbhakta@okhdfcbank,SBI,888,full,2024-02-25 08:00:00
ACC0003978,manderpihu@okhdfcbank,PNB,1208,minimal,2023-04-11 08:00:00
ACC0003979,manikya88@oksbi,Axis,1391,full,2022-10-10 08:00:00
ACC0003980,tanyaborah@okicici,Paytm Payments Bank,1643,full,2022-01-31 08:00:00
ACC0003981,bediromil@okicici,BOB,1528,full,2022-05-26 08:00:00
ACC0003982,alisha75@okaxis,Axis,1708,full,2021-11-27 08:00:00
ACC0003983,nitara74@okaxis,HDFC,1565,full,2022-04-19 08:00:00
ACC0003984,amira05@okaxis,ICICI,1348,minimal,2022-11-22 08:00:00
ACC0003985,rhea58@oksbi,SBI,1863,minimal,2021-06-25 08:00:00
ACC0003986,rbhalla@okhdfcbank,Paytm Payments Bank,1063,full,2023-09-03 08:00:00
ACC0003987,borahzain@okicici,Axis,177,minimal,2026-02-05 08:00:00
ACC0003988,nirvibobal@oksbi,HDFC,650,none,2024-10-20 08:00:00
ACC0003989,charvi03@okhdfcbank,SBI,421,full,2025-06-06 08:00:00
ACC0003990,ngole@oksbi,ICICI,277,minimal,2025-10-28 08:00:00
ACC0003991,chatterjeeuthkarsh@okhdfcbank,HDFC,1423,full,2022-09-08 08:00:00
ACC0003992,devanmishti@okhdfcbank,BOB,1977,minimal,2021-03-03 08:00:00
ACC0003993,hvora@okaxis,SBI,1384,full,2022-10-17 08:00:00
ACC0003994,preraksane@okicici,BOB,644,full,2024-10-26 08:00:00
ACC0003995,shalv69@okaxis,Paytm Payments Bank,652,full,2024-10-18 08:00:00
ACC0003996,tdevi@okhdfcbank,Paytm Payments Bank,1245,none,2023-03-05 08:00:00
ACC0003997,arnavmann@okicici,Kotak,1053,full,2023-09-13 08:00:00
ACC0003998,manjari16@okaxis,BOB,1464,minimal,2022-07-29 08:00:00
ACC0003999,ymander@okhdfcbank,BOB,1606,full,2022-03-09 08:00:00
ACC0004000,reyansh10@okicici,Paytm Payments Bank,1300,none,2023-01-09 08:00:00
ACC0004001,jsani@okhdfcbank,Paytm Payments Bank,808,minimal,2024-05-15 08:00:00
ACC0004002,jsangha@okaxis,PNB,207,full,2026-01-06 08:00:00
ACC0004003,misha82@oksbi,HDFC,199,full,2026-01-14 08:00:00
ACC0004004,aradhya41@okicici,Axis,1564,full,2022-04-20 08:00:00
ACC0004005,abram70@okhdfcbank,Kotak,991,full,2023-11-14 08:00:00
ACC0004006,raunaktella@okaxis,Axis,1621,full,2022-02-22 08:00:00
ACC0004007,balaayesha@okhdfcbank,ICICI,224,full,2025-12-20 08:00:00
ACC0004008,aarush65@okhdfcbank,Paytm Payments Bank,1412,full,2022-09-19 08:00:00
ACC0004009,bakshiojas@okaxis,PNB,401,full,2025-06-26 08:00:00
ACC0004010,stuvanvyas@ybl,SBI,824,full,2024-04-29 08:00:00
ACC0004011,vedika88@ybl,Paytm Payments Bank,270,full,2025-11-04 08:00:00
ACC0004012,dhruvsaxena@okicici,ICICI,955,full,2023-12-20 08:00:00
ACC0004013,hridaan36@okicici,BOB,1261,full,2023-02-17 08:00:00
ACC0004014,dhillonmadhup@okhdfcbank,Axis,347,full,2025-08-19 08:00:00
ACC0004015,khalsasumer@okhdfcbank,BOB,540,minimal,2025-02-07 08:00:00
ACC0004016,zoyasane@oksbi,BOB,1682,full,2021-12-23 08:00:00
ACC0004017,zkakar@oksbi,Kotak,404,minimal,2025-06-23 08:00:00
ACC0004018,warriorpranay@okaxis,Axis,1225,full,2023-03-25 08:00:00
ACC0004019,kimaya42@okhdfcbank,HDFC,1685,full,2021-12-20 08:00:00
ACC0004020,usane@ybl,SBI,300,full,2025-10-05 08:00:00
ACC0004021,pihusodhi@okaxis,SBI,780,full,2024-06-12 08:00:00
ACC0004022,ojasbir@okicici,HDFC,1868,full,2021-06-20 08:00:00
ACC0004023,mmalhotra@okicici,BOB,98,full,2026-04-25 08:00:00
ACC0004024,ryan14@okhdfcbank,HDFC,894,full,2024-02-19 08:00:00
ACC0004025,lmahajan@okicici,Paytm Payments Bank,1827,full,2021-07-31 08:00:00
ACC0004026,bsrinivas@oksbi,ICICI,1912,full,2021-05-07 08:00:00
ACC0004027,biswaseshani@okhdfcbank,ICICI,361,full,2025-08-05 08:00:00
ACC0004028,usaran@ybl,Kotak,943,full,2024-01-01 08:00:00
ACC0004029,anahita56@okhdfcbank,ICICI,1008,full,2023-10-28 08:00:00
ACC0004030,akade@ybl,SBI,267,full,2025-11-07 08:00:00
ACC0004031,jatwal@okicici,ICICI,331,full,2025-09-04 08:00:00
ACC0004032,sinhaaaina@okhdfcbank,Kotak,830,full,2024-04-23 08:00:00
ACC0004033,shroffhiran@okhdfcbank,HDFC,1644,full,2022-01-30 08:00:00
ACC0004034,vedika39@ybl,SBI,574,full,2025-01-04 08:00:00
ACC0004035,gokul98@oksbi,Kotak,1691,minimal,2021-12-14 08:00:00
ACC0004036,baiju62@okaxis,Axis,1792,full,2021-09-04 08:00:00
ACC0004037,asampath@okaxis,Paytm Payments Bank,1002,full,2023-11-03 08:00:00
ACC0004038,wswamy@okaxis,HDFC,383,full,2025-07-14 08:00:00
ACC0004039,dtripathi@ybl,ICICI,290,minimal,2025-10-15 08:00:00
ACC0004040,balapurab@okaxis,HDFC,169,full,2026-02-13 08:00:00
ACC0004041,ganesankimaya@okaxis,Kotak,535,minimal,2025-02-12 08:00:00
ACC0004042,tarariaan@okicici,BOB,1725,full,2021-11-10 08:00:00
ACC0004043,vsant@okhdfcbank,Kotak,914,minimal,2024-01-30 08:00:00
ACC0004044,bhatseher@oksbi,Kotak,86,full,2026-05-07 08:00:00
ACC0004045,sarnalagan@oksbi,ICICI,1271,full,2023-02-07 08:00:00
ACC0004046,jhanvishanker@ybl,BOB,1974,full,2021-03-06 08:00:00
ACC0004047,obir@oksbi,Axis,1577,full,2022-04-07 08:00:00
ACC0004048,romilratti@okaxis,HDFC,619,full,2024-11-20 08:00:00
ACC0004049,saira07@okaxis,HDFC,93,full,2026-04-30 08:00:00
ACC0004050,farhanbandi@oksbi,SBI,1472,full,2022-07-21 08:00:00
ACC0004051,boselavanya@okicici,Paytm Payments Bank,835,full,2024-04-18 08:00:00
ACC0004052,laddivit@okicici,PNB,1908,minimal,2021-05-11 08:00:00
ACC0004053,laganben@okicici,PNB,1269,minimal,2023-02-09 08:00:00
ACC0004054,garora@ybl,Paytm Payments Bank,992,full,2023-11-13 08:00:00
ACC0004055,dhayre@ybl,ICICI,1814,full,2021-08-13 08:00:00
ACC0004056,doctoryuvaan@okaxis,Kotak,216,full,2025-12-28 08:00:00
ACC0004057,pchanda@okhdfcbank,PNB,1292,full,2023-01-17 08:00:00
ACC0004058,manjari79@okicici,PNB,1943,full,2021-04-06 08:00:00
ACC0004059,kalitahunar@okicici,Kotak,496,minimal,2025-03-23 08:00:00
ACC0004060,chandahridaan@oksbi,Kotak,1189,none,2023-04-30 08:00:00
ACC0004061,jayankumer@okicici,BOB,422,full,2025-06-05 08:00:00
ACC0004062,anikakhatri@okaxis,Axis,1254,minimal,2023-02-24 08:00:00
ACC0004063,riaan19@oksbi,PNB,1853,full,2021-07-05 08:00:00
ACC0004064,qgour@okicici,Kotak,1434,full,2022-08-28 08:00:00
ACC0004065,vihaan61@ybl,ICICI,977,full,2023-11-28 08:00:00
ACC0004066,bjoshi@okicici,Axis,1510,full,2022-06-13 08:00:00
ACC0004067,aniruddhdhar@okicici,ICICI,1647,minimal,2022-01-27 08:00:00
ACC0004068,kbhasin@okaxis,Kotak,1688,full,2021-12-17 08:00:00
ACC0004069,lahluwalia@okicici,Paytm Payments Bank,1021,full,2023-10-15 08:00:00
ACC0004070,arhaan97@okicici,HDFC,329,full,2025-09-06 08:00:00
ACC0004071,goelhiran@ybl,BOB,801,full,2024-05-22 08:00:00
ACC0004072,uwadhwa@okicici,Paytm Payments Bank,416,full,2025-06-11 08:00:00
ACC0004073,adevi@ybl,PNB,1157,full,2023-06-01 08:00:00
ACC0004074,taimurkrishna@oksbi,PNB,891,full,2024-02-22 08:00:00
ACC0004075,stuvanzacharia@okaxis,HDFC,905,full,2024-02-08 08:00:00
ACC0004076,ekunda@okicici,HDFC,822,full,2024-05-01 08:00:00
ACC0004077,neysaborra@okicici,SBI,281,full,2025-10-24 08:00:00
ACC0004078,neysa95@okicici,HDFC,173,full,2026-02-09 08:00:00
ACC0004079,ysehgal@oksbi,HDFC,579,minimal,2024-12-30 08:00:00
ACC0004080,ranbirsrinivasan@okaxis,Axis,1436,full,2022-08-26 08:00:00
ACC0004081,vihaan17@ybl,SBI,1382,full,2022-10-19 08:00:00
ACC0004082,mkeer@ybl,PNB,721,full,2024-08-10 08:00:00
ACC0004083,kashvisathe@oksbi,Axis,522,full,2025-02-25 08:00:00
ACC0004084,hansh59@okicici,Kotak,1198,minimal,2023-04-21 08:00:00
ACC0004085,keya96@okhdfcbank,Kotak,340,minimal,2025-08-26 08:00:00
ACC0004086,bajajaniruddh@okaxis,Axis,381,full,2025-07-16 08:00:00
ACC0004087,mehulbava@oksbi,HDFC,65,full,2026-05-28 08:00:00
ACC0004088,krishparinaaz@okicici,Paytm Payments Bank,1287,full,2023-01-22 08:00:00
ACC0004089,wedwin@okaxis,Axis,534,full,2025-02-13 08:00:00
ACC0004090,trishaswamy@oksbi,ICICI,1278,minimal,2023-01-31 08:00:00
ACC0004091,ehsaanyogi@okhdfcbank,SBI,602,full,2024-12-07 08:00:00
ACC0004092,samihawalla@okaxis,BOB,661,full,2024-10-09 08:00:00
ACC0004093,ashroff@okhdfcbank,HDFC,505,full,2025-03-14 08:00:00
ACC0004094,balasubramanianmanjari@okaxis,ICICI,939,full,2024-01-05 08:00:00
ACC0004095,farhan01@ybl,BOB,817,full,2024-05-06 08:00:00
ACC0004096,xsingh@okicici,Axis,1596,minimal,2022-03-19 08:00:00
ACC0004097,chahalsamarth@okaxis,Kotak,1036,full,2023-09-30 08:00:00
ACC0004098,sarkaralisha@ybl,BOB,1052,minimal,2023-09-14 08:00:00
ACC0004099,obhavsar@oksbi,Kotak,1272,full,2023-02-06 08:00:00
ACC0004100,kiaandate@ybl,BOB,188,full,2026-01-25 08:00:00
ACC0004101,rkanda@oksbi,Axis,857,full,2024-03-27 08:00:00
ACC0004102,mamooty32@okicici,Axis,859,full,2024-03-25 08:00:00
ACC0004103,htalwar@oksbi,BOB,1870,full,2021-06-18 08:00:00
ACC0004104,dhruvmanne@okhdfcbank,Axis,991,full,2023-11-14 08:00:00
ACC0004105,rauoorja@okaxis,SBI,162,full,2026-02-20 08:00:00
ACC0004106,chaudryarhaan@okicici,BOB,736,full,2024-07-26 08:00:00
ACC0004107,aarushgole@okaxis,BOB,923,full,2024-01-21 08:00:00
ACC0004108,imander@okicici,Axis,552,full,2025-01-26 08:00:00
ACC0004109,gardekabir@okicici,Paytm Payments Bank,1896,full,2021-05-23 08:00:00
ACC0004110,nchandran@ybl,Axis,478,minimal,2025-04-10 08:00:00
ACC0004111,wkrishna@okicici,SBI,811,minimal,2024-05-12 08:00:00
ACC0004112,miraya82@oksbi,HDFC,214,full,2025-12-30 08:00:00
ACC0004113,kandaaaryahi@okhdfcbank,PNB,1162,full,2023-05-27 08:00:00
ACC0004114,evohra@okicici,Paytm Payments Bank,1938,full,2021-04-11 08:00:00
ACC0004115,bhattvardaniya@okaxis,PNB,320,minimal,2025-09-15 08:00:00
ACC0004116,divyansh17@oksbi,BOB,410,full,2025-06-17 08:00:00
ACC0004117,baijurama@okhdfcbank,Axis,1096,minimal,2023-08-01 08:00:00
ACC0004118,akarsh34@okhdfcbank,ICICI,1301,full,2023-01-08 08:00:00
ACC0004119,vidur51@okaxis,ICICI,993,full,2023-11-12 08:00:00
ACC0004120,reyanshbarad@oksbi,HDFC,1684,full,2021-12-21 08:00:00
ACC0004121,elaramaswamy@okicici,ICICI,237,full,2025-12-07 08:00:00
ACC0004122,yakshit90@okaxis,Kotak,1625,full,2022-02-18 08:00:00
ACC0004123,manneanaya@ybl,ICICI,342,full,2025-08-24 08:00:00
ACC0004124,neysa00@okicici,ICICI,47,minimal,2026-06-15 08:00:00
ACC0004125,aaina43@okhdfcbank,SBI,1081,full,2023-08-16 08:00:00
ACC0004126,tarini02@okhdfcbank,Paytm Payments Bank,372,full,2025-07-25 08:00:00
ACC0004127,irataneja@oksbi,Kotak,300,full,2025-10-05 08:00:00
ACC0004128,tanya03@okaxis,Axis,601,full,2024-12-08 08:00:00
ACC0004129,zbansal@okhdfcbank,Axis,1484,full,2022-07-09 08:00:00
ACC0004130,ghosedevansh@okhdfcbank,HDFC,1271,none,2023-02-07 08:00:00
ACC0004131,vram@okhdfcbank,PNB,308,full,2025-09-27 08:00:00
ACC0004132,waliishita@okaxis,BOB,1666,full,2022-01-08 08:00:00
ACC0004133,rbhattacharyya@okaxis,Paytm Payments Bank,1517,none,2022-06-06 08:00:00
ACC0004134,benarmaan@ybl,Kotak,1961,minimal,2021-03-19 08:00:00
ACC0004135,okulkarni@okaxis,PNB,1212,full,2023-04-07 08:00:00
ACC0004136,adah74@oksbi,Paytm Payments Bank,864,full,2024-03-20 08:00:00
ACC0004137,akarshbala@oksbi,HDFC,104,full,2026-04-19 08:00:00
ACC0004138,somanvardaniya@okicici,HDFC,782,full,2024-06-10 08:00:00
ACC0004139,hazelramanathan@okaxis,BOB,874,full,2024-03-10 08:00:00
ACC0004140,rsanghvi@okicici,Paytm Payments Bank,78,full,2026-05-15 08:00:00
ACC0004141,majumdaranya@oksbi,BOB,62,minimal,2026-05-31 08:00:00
ACC0004142,haritiya@oksbi,Paytm Payments Bank,1566,minimal,2022-04-18 08:00:00
ACC0004143,isarin@oksbi,PNB,1648,full,2022-01-26 08:00:00
ACC0004144,bsarna@okhdfcbank,Axis,321,minimal,2025-09-14 08:00:00
ACC0004145,farhankanda@okaxis,BOB,547,full,2025-01-31 08:00:00
ACC0004146,yadavmannat@okicici,Axis,982,full,2023-11-23 08:00:00
ACC0004147,sumer35@okhdfcbank,Axis,881,minimal,2024-03-03 08:00:00
ACC0004148,pbalakrishnan@okhdfcbank,PNB,1867,full,2021-06-21 08:00:00
ACC0004149,divijraja@okaxis,BOB,747,minimal,2024-07-15 08:00:00
ACC0004150,comarzain@okaxis,HDFC,1816,full,2021-08-11 08:00:00
ACC0004151,sureshabram@ybl,Paytm Payments Bank,756,full,2024-07-06 08:00:00
ACC0004152,bhavinbarad@okaxis,HDFC,1808,full,2021-08-19 08:00:00
ACC0004153,bhatnagaradvika@okicici,ICICI,426,full,2025-06-01 08:00:00
ACC0004154,raunakbains@oksbi,PNB,237,full,2025-12-07 08:00:00
ACC0004155,stuvan93@oksbi,Kotak,1073,full,2023-08-24 08:00:00
ACC0004156,hansh96@okicici,Paytm Payments Bank,856,full,2024-03-28 08:00:00
ACC0004157,hsaha@okicici,Kotak,698,full,2024-09-02 08:00:00
ACC0004158,baradojas@ybl,HDFC,1088,minimal,2023-08-09 08:00:00
ACC0004159,bhaminisastry@okaxis,BOB,1583,minimal,2022-04-01 08:00:00
ACC0004160,madhup74@ybl,HDFC,104,none,2026-04-19 08:00:00
ACC0004161,vanya84@okaxis,Kotak,344,full,2025-08-22 08:00:00
ACC0004162,eshaniwarrior@okicici,ICICI,930,full,2024-01-14 08:00:00
ACC0004163,samar88@oksbi,HDFC,1903,full,2021-05-16 08:00:00
ACC0004164,balashray@okaxis,Axis,594,full,2024-12-15 08:00:00
ACC0004165,nsastry@okhdfcbank,ICICI,650,full,2024-10-20 08:00:00
ACC0004166,fdey@oksbi,BOB,1195,minimal,2023-04-24 08:00:00
ACC0004167,hirantrivedi@oksbi,BOB,1838,full,2021-07-20 08:00:00
ACC0004168,ryanshanker@oksbi,SBI,552,none,2025-01-26 08:00:00
ACC0004169,gatikgrewal@okhdfcbank,PNB,364,full,2025-08-02 08:00:00
ACC0004170,armaandalal@okhdfcbank,Axis,1641,full,2022-02-02 08:00:00
ACC0004171,wsachar@okaxis,HDFC,369,full,2025-07-28 08:00:00
ACC0004172,bbhandari@okicici,Kotak,971,minimal,2023-12-04 08:00:00
ACC0004173,ctoor@okicici,Kotak,1987,full,2021-02-21 08:00:00
ACC0004174,ranbir96@ybl,ICICI,698,full,2024-09-02 08:00:00
ACC0004175,dharmajan04@ybl,PNB,1740,minimal,2021-10-26 08:00:00
ACC0004176,bkota@oksbi,Axis,1623,minimal,2022-02-20 08:00:00
ACC0004177,chanda@okaxis,PNB,918,full,2024-01-26 08:00:00
ACC0004178,choudhurylagan@okicici,Paytm Payments Bank,1072,none,2023-08-25 08:00:00
ACC0004179,qchanda@okhdfcbank,PNB,858,minimal,2024-03-26 08:00:00
ACC0004180,dlata@okhdfcbank,ICICI,557,full,2025-01-21 08:00:00
ACC0004181,arhaan85@oksbi,Axis,1759,full,2021-10-07 08:00:00
ACC0004182,ramanathantanya@okhdfcbank,Kotak,343,full,2025-08-23 08:00:00
ACC0004183,prerak93@okaxis,Kotak,848,full,2024-04-05 08:00:00
ACC0004184,gardesamaira@oksbi,Paytm Payments Bank,526,minimal,2025-02-21 08:00:00
ACC0004185,bverma@okhdfcbank,Kotak,1387,minimal,2022-10-14 08:00:00
ACC0004186,swamyemir@okaxis,BOB,146,minimal,2026-03-08 08:00:00
ACC0004187,rsen@okaxis,Paytm Payments Bank,345,none,2025-08-21 08:00:00
ACC0004188,hazel76@okicici,HDFC,713,full,2024-08-18 08:00:00
ACC0004189,ishaan67@okaxis,BOB,1026,full,2023-10-10 08:00:00
ACC0004190,hanshamble@okaxis,Axis,860,full,2024-03-24 08:00:00
ACC0004191,yasmin41@oksbi,Kotak,1280,full,2023-01-29 08:00:00
ACC0004192,trishamadan@ybl,BOB,699,minimal,2024-09-01 08:00:00
ACC0004193,shayak96@okhdfcbank,HDFC,236,minimal,2025-12-08 08:00:00
ACC0004194,randhawaraghav@oksbi,BOB,47,full,2026-06-15 08:00:00
ACC0004195,priyansh49@oksbi,SBI,219,full,2025-12-25 08:00:00
ACC0004196,bhatiaryan@okhdfcbank,ICICI,393,full,2025-07-04 08:00:00
ACC0004197,prerak27@okicici,Kotak,1757,full,2021-10-09 08:00:00
ACC0004198,canand@okhdfcbank,ICICI,209,minimal,2026-01-04 08:00:00
ACC0004199,kaularmaan@okhdfcbank,SBI,706,none,2024-08-25 08:00:00
ACC0004200,anvi83@okhdfcbank,SBI,198,minimal,2026-01-15 08:00:00
ACC0004201,lbalakrishnan@oksbi,BOB,423,minimal,2025-06-04 08:00:00
ACC0004202,devimanjari@okhdfcbank,PNB,1034,full,2023-10-02 08:00:00
ACC0004203,chirag72@ybl,HDFC,1290,minimal,2023-01-19 08:00:00
ACC0004204,tiya44@oksbi,HDFC,612,full,2024-11-27 08:00:00
ACC0004205,obhatt@okicici,ICICI,1775,full,2021-09-21 08:00:00
ACC0004206,hunarviswanathan@ybl,HDFC,1463,full,2022-07-30 08:00:00
ACC0004207,dadafarhan@okicici,SBI,488,full,2025-03-31 08:00:00
ACC0004208,chandapiya@oksbi,Paytm Payments Bank,723,minimal,2024-08-08 08:00:00
ACC0004209,umann@ybl,PNB,764,full,2024-06-28 08:00:00
ACC0004210,malhotrasaanvi@okaxis,BOB,1475,minimal,2022-07-18 08:00:00
ACC0004211,bijusaxena@okicici,Kotak,511,full,2025-03-08 08:00:00
ACC0004212,onkar05@oksbi,ICICI,974,full,2023-12-01 08:00:00
ACC0004213,ramamiraan@ybl,HDFC,150,full,2026-03-04 08:00:00
ACC0004214,emir18@oksbi,ICICI,949,full,2023-12-26 08:00:00
ACC0004215,gbhalla@okicici,Kotak,608,full,2024-12-01 08:00:00
ACC0004216,danilagan@okaxis,BOB,1501,full,2022-06-22 08:00:00
ACC0004217,kaira56@ybl,PNB,1934,minimal,2021-04-15 08:00:00
ACC0004218,regeaaryahi@okaxis,SBI,459,full,2025-04-29 08:00:00
ACC0004219,hridaan05@oksbi,Kotak,830,full,2024-04-23 08:00:00
ACC0004220,shamik65@okicici,BOB,94,full,2026-04-29 08:00:00
ACC0004221,ndin@okaxis,BOB,1049,minimal,2023-09-17 08:00:00
ACC0004222,buchtushar@okicici,Paytm Payments Bank,1796,full,2021-08-31 08:00:00
ACC0004223,dhillonindrajit@okaxis,Kotak,699,none,2024-09-01 08:00:00
ACC0004224,beramahika@ybl,ICICI,1569,full,2022-04-15 08:00:00
ACC0004225,zaradugar@oksbi,PNB,1634,full,2022-02-09 08:00:00
ACC0004226,madhav69@okicici,ICICI,1027,full,2023-10-09 08:00:00
ACC0004227,sahasamaira@oksbi,Paytm Payments Bank,317,none,2025-09-18 08:00:00
ACC0004228,vaibhavsingh@oksbi,ICICI,1888,full,2021-05-31 08:00:00
ACC0004229,baradmamooty@okhdfcbank,Kotak,1608,full,2022-03-07 08:00:00
ACC0004230,uluthra@ybl,Kotak,1668,full,2022-01-06 08:00:00
ACC0004231,vaidyaeva@okaxis,Axis,244,full,2025-11-30 08:00:00
ACC0004232,ramananaya@ybl,PNB,710,full,2024-08-21 08:00:00
ACC0004233,rdutt@ybl,Axis,1851,full,2021-07-07 08:00:00
ACC0004234,kashvidin@okhdfcbank,Paytm Payments Bank,1975,none,2021-03-05 08:00:00
ACC0004235,shalvdara@ybl,PNB,1240,full,2023-03-10 08:00:00
ACC0004236,mehul75@okaxis,SBI,1577,full,2022-04-07 08:00:00
ACC0004237,sarafnakul@okaxis,HDFC,66,full,2026-05-27 08:00:00
ACC0004238,asha@okaxis,Paytm Payments Bank,1828,minimal,2021-07-30 08:00:00
ACC0004239,dhanush58@ybl,Axis,1276,minimal,2023-02-02 08:00:00
ACC0004240,gollaneysa@ybl,Axis,1739,full,2021-10-27 08:00:00
ACC0004241,oramakrishnan@okhdfcbank,Axis,644,full,2024-10-26 08:00:00
ACC0004242,asrivastava@okicici,BOB,1216,full,2023-04-03 08:00:00
ACC0004243,jiyathaker@oksbi,SBI,1116,full,2023-07-12 08:00:00
ACC0004244,heerdas@okaxis,Axis,1712,full,2021-11-23 08:00:00
ACC0004245,lsandal@okhdfcbank,HDFC,910,minimal,2024-02-03 08:00:00
ACC0004246,mahikade@ybl,BOB,590,full,2024-12-19 08:00:00
ACC0004247,shlok51@okicici,SBI,1808,full,2021-08-19 08:00:00
ACC0004248,jayaramanaaina@oksbi,PNB,1218,minimal,2023-04-01 08:00:00
ACC0004249,kashvikota@oksbi,BOB,1781,full,2021-09-15 08:00:00
ACC0004250,jivinvora@oksbi,Axis,702,full,2024-08-29 08:00:00
ACC0004251,kamble@okhdfcbank,Kotak,909,full,2024-02-04 08:00:00
ACC0004252,kadakiaprerak@okaxis,SBI,1968,full,2021-03-12 08:00:00
ACC0004253,gsharaf@okicici,ICICI,1936,full,2021-04-13 08:00:00
ACC0004254,arhaanthaman@okicici,BOB,1405,full,2022-09-26 08:00:00
ACC0004255,sarora@oksbi,ICICI,903,full,2024-02-10 08:00:00
ACC0004256,devanshbhatti@okicici,PNB,1596,none,2022-03-19 08:00:00
ACC0004257,bzacharia@ybl,HDFC,1446,full,2022-08-16 08:00:00
ACC0004258,gokul68@okhdfcbank,SBI,348,none,2025-08-18 08:00:00
ACC0004259,riyadin@okicici,ICICI,165,full,2026-02-17 08:00:00
ACC0004260,gangulyshayak@okicici,HDFC,954,full,2023-12-21 08:00:00
ACC0004261,senazad@ybl,Paytm Payments Bank,1740,full,2021-10-26 08:00:00
ACC0004262,shankarsumer@ybl,PNB,1015,minimal,2023-10-21 08:00:00
ACC0004263,ojayaraman@okhdfcbank,Kotak,759,full,2024-07-03 08:00:00
ACC0004264,bshanker@oksbi,PNB,1681,full,2021-12-24 08:00:00
ACC0004265,tanya72@ybl,HDFC,1895,none,2021-05-24 08:00:00
ACC0004266,samairasinha@oksbi,Kotak,362,full,2025-08-04 08:00:00
ACC0004267,borraaarush@ybl,Axis,1699,full,2021-12-06 08:00:00
ACC0004268,pari76@okicici,SBI,1923,full,2021-04-26 08:00:00
ACC0004269,advika28@okaxis,HDFC,827,minimal,2024-04-26 08:00:00
ACC0004270,trisha13@okaxis,Axis,1618,full,2022-02-25 08:00:00
ACC0004271,bhamini50@okaxis,HDFC,1301,none,2023-01-08 08:00:00
ACC0004272,udhar@oksbi,Paytm Payments Bank,1555,full,2022-04-29 08:00:00
ACC0004273,wdutta@okaxis,Kotak,967,full,2023-12-08 08:00:00
ACC0004274,hridaanbail@okhdfcbank,SBI,437,full,2025-05-21 08:00:00
ACC0004275,adahlad@ybl,Kotak,37,full,2026-06-25 08:00:00
ACC0004276,kashvi95@okicici,Kotak,1391,full,2022-10-10 08:00:00
ACC0004277,ghoseraunak@okhdfcbank,Kotak,1745,minimal,2021-10-21 08:00:00
ACC0004278,fatehdhawan@oksbi,HDFC,204,full,2026-01-09 08:00:00
ACC0004279,aradhya73@okhdfcbank,ICICI,1179,full,2023-05-10 08:00:00
ACC0004280,reyanshdayal@ybl,Kotak,1163,full,2023-05-26 08:00:00
ACC0004281,dalianitya@okhdfcbank,Kotak,1690,full,2021-12-15 08:00:00
ACC0004282,hridaan13@okaxis,PNB,1129,full,2023-06-29 08:00:00
ACC0004283,aniruddhram@okhdfcbank,PNB,248,full,2025-11-26 08:00:00
ACC0004284,wallahrishita@okicici,BOB,310,none,2025-09-25 08:00:00
ACC0004285,aarushkonda@okicici,BOB,604,none,2024-12-05 08:00:00
ACC0004286,goyallagan@okicici,HDFC,1117,full,2023-07-11 08:00:00
ACC0004287,kaira67@okicici,BOB,1542,full,2022-05-12 08:00:00
ACC0004288,amanidivan@okicici,ICICI,613,full,2024-11-26 08:00:00
ACC0004289,sehgalrenee@oksbi,HDFC,1810,full,2021-08-17 08:00:00
ACC0004290,kapadiaadah@okicici,Kotak,224,full,2025-12-20 08:00:00
ACC0004291,fdeep@oksbi,Axis,283,full,2025-10-22 08:00:00
ACC0004292,ranbirsetty@oksbi,SBI,191,full,2026-01-22 08:00:00
ACC0004293,goelzaina@ybl,HDFC,1753,minimal,2021-10-13 08:00:00
ACC0004294,sharmayashvi@ybl,PNB,1154,minimal,2023-06-04 08:00:00
ACC0004295,samihabarad@okicici,HDFC,1377,minimal,2022-10-24 08:00:00
ACC0004296,indranil85@okhdfcbank,PNB,1570,minimal,2022-04-14 08:00:00
ACC0004297,amani81@okhdfcbank,Kotak,890,full,2024-02-23 08:00:00
ACC0004298,armaan61@oksbi,HDFC,136,full,2026-03-18 08:00:00
ACC0004299,kanav80@ybl,SBI,1964,full,2021-03-16 08:00:00
ACC0004300,dashiran@okhdfcbank,Paytm Payments Bank,1006,minimal,2023-10-30 08:00:00
ACC0004301,oviswanathan@ybl,HDFC,861,full,2024-03-23 08:00:00
ACC0004302,prerakkeer@ybl,Axis,1240,full,2023-03-10 08:00:00
ACC0004303,aradhyatalwar@oksbi,HDFC,374,full,2025-07-23 08:00:00
ACC0004304,sanakothari@okaxis,Axis,64,full,2026-05-29 08:00:00
ACC0004305,hansh31@oksbi,Axis,289,none,2025-10-16 08:00:00
ACC0004306,aaravkalla@ybl,PNB,40,full,2026-06-22 08:00:00
ACC0004307,korpalivana@oksbi,Paytm Payments Bank,1524,full,2022-05-30 08:00:00
ACC0004308,rheachakraborty@okaxis,Axis,151,full,2026-03-03 08:00:00
ACC0004309,kadakiaprisha@oksbi,PNB,825,full,2024-04-28 08:00:00
ACC0004310,mannat69@ybl,BOB,858,minimal,2024-03-26 08:00:00
ACC0004311,navyaghosh@okicici,Axis,619,full,2024-11-20 08:00:00
ACC0004312,qlanka@okhdfcbank,BOB,1851,full,2021-07-07 08:00:00
ACC0004313,rohantrivedi@okaxis,SBI,1269,none,2023-02-09 08:00:00
ACC0004314,riaansami@ybl,Axis,860,full,2024-03-24 08:00:00
ACC0004315,ykonda@oksbi,ICICI,1445,minimal,2022-08-17 08:00:00
ACC0004316,wram@okhdfcbank,Axis,1218,full,2023-04-01 08:00:00
ACC0004317,gdivan@oksbi,Axis,112,full,2026-04-11 08:00:00
ACC0004318,faiyazwadhwa@okhdfcbank,BOB,1527,full,2022-05-27 08:00:00
ACC0004319,aaina75@okicici,HDFC,476,full,2025-04-12 08:00:00
ACC0004320,nitarakala@oksbi,HDFC,1364,minimal,2022-11-06 08:00:00
ACC0004321,chakrabartianahi@okaxis,HDFC,58,full,2026-06-04 08:00:00
ACC0004322,nitara15@oksbi,ICICI,945,full,2023-12-30 08:00:00
ACC0004323,isarraf@okhdfcbank,Kotak,1638,full,2022-02-05 08:00:00
ACC0004324,ztrivedi@okaxis,PNB,871,full,2024-03-13 08:00:00
ACC0004325,arama@oksbi,Axis,442,full,2025-05-16 08:00:00
ACC0004326,aniruddhdhillon@oksbi,Paytm Payments Bank,415,full,2025-06-12 08:00:00
ACC0004327,dishani36@okaxis,SBI,590,full,2024-12-19 08:00:00
ACC0004328,mandtrisha@okaxis,ICICI,917,full,2024-01-27 08:00:00
ACC0004329,pranay56@okhdfcbank,Paytm Payments Bank,1850,full,2021-07-08 08:00:00
ACC0004330,ctailor@okaxis,HDFC,447,minimal,2025-05-11 08:00:00
ACC0004331,qiyengar@okicici,PNB,318,full,2025-09-17 08:00:00
ACC0004332,desaiaradhya@okhdfcbank,Paytm Payments Bank,1605,minimal,2022-03-10 08:00:00
ACC0004333,shayakravi@okhdfcbank,Paytm Payments Bank,1114,full,2023-07-14 08:00:00
ACC0004334,dubealia@oksbi,Paytm Payments Bank,1349,full,2022-11-21 08:00:00
ACC0004335,kchoudhry@okicici,Paytm Payments Bank,1799,none,2021-08-28 08:00:00
ACC0004336,heerchauhan@oksbi,Paytm Payments Bank,582,full,2024-12-27 08:00:00
ACC0004337,ranamanjari@oksbi,SBI,1883,minimal,2021-06-05 08:00:00
ACC0004338,hansh98@okaxis,BOB,1351,full,2022-11-19 08:00:00
ACC0004339,senakarsh@ybl,ICICI,1972,full,2021-03-08 08:00:00
ACC0004340,xbath@okicici,PNB,1507,full,2022-06-16 08:00:00
ACC0004341,sumer81@ybl,PNB,586,full,2024-12-23 08:00:00
ACC0004342,ladlakshay@okhdfcbank,HDFC,71,full,2026-05-22 08:00:00
ACC0004343,heer32@okicici,Axis,609,minimal,2024-11-30 08:00:00
ACC0004344,tvasa@ybl,ICICI,1398,full,2022-10-03 08:00:00
ACC0004345,riaansuresh@okhdfcbank,ICICI,1112,none,2023-07-16 08:00:00
ACC0004346,umanggandhi@ybl,BOB,700,full,2024-08-31 08:00:00
ACC0004347,jchokshi@okaxis,Axis,32,full,2026-06-30 08:00:00
ACC0004348,abrambadami@okicici,BOB,1530,full,2022-05-24 08:00:00
ACC0004349,shroffeshani@okicici,Axis,1677,full,2021-12-28 08:00:00
ACC0004350,krishnavivaan@ybl,Kotak,1401,full,2022-09-30 08:00:00
ACC0004351,kbail@ybl,Axis,996,minimal,2023-11-09 08:00:00
ACC0004352,romil03@okhdfcbank,Kotak,695,full,2024-09-05 08:00:00
ACC0004353,arhaandeshpande@oksbi,Kotak,1584,full,2022-03-31 08:00:00
ACC0004354,talwarvardaniya@ybl,SBI,912,full,2024-02-01 08:00:00
ACC0004355,zsagar@ybl,ICICI,241,full,2025-12-03 08:00:00
ACC0004356,sehervora@okhdfcbank,Axis,1804,full,2021-08-23 08:00:00
ACC0004357,dharmajan11@okhdfcbank,HDFC,1125,full,2023-07-03 08:00:00
ACC0004358,aanne@okaxis,ICICI,1153,full,2023-06-05 08:00:00
ACC0004359,divitshah@oksbi,Kotak,469,full,2025-04-19 08:00:00
ACC0004360,mchatterjee@okhdfcbank,BOB,555,full,2025-01-23 08:00:00
ACC0004361,vardaniya56@ybl,Paytm Payments Bank,604,minimal,2024-12-05 08:00:00
ACC0004362,doraraghav@okicici,Axis,221,full,2025-12-23 08:00:00
ACC0004363,gchaudhuri@okicici,Axis,221,full,2025-12-23 08:00:00
ACC0004364,neysa97@okicici,ICICI,1441,full,2022-08-21 08:00:00
ACC0004365,bdhingra@okhdfcbank,Paytm Payments Bank,1455,minimal,2022-08-07 08:00:00
ACC0004366,choudhryyuvraj@okaxis,Kotak,473,full,2025-04-15 08:00:00
ACC0004367,anya48@ybl,Axis,1061,minimal,2023-09-05 08:00:00
ACC0004368,vaibhavanand@okhdfcbank,BOB,598,full,2024-12-11 08:00:00
ACC0004369,zseth@okicici,Paytm Payments Bank,1944,full,2021-04-05 08:00:00
ACC0004370,tarini81@okhdfcbank,HDFC,366,none,2025-07-31 08:00:00
ACC0004371,kchoudhury@okhdfcbank,PNB,1200,full,2023-04-19 08:00:00
ACC0004372,issactrisha@oksbi,Axis,1714,full,2021-11-21 08:00:00
ACC0004373,aliagoyal@oksbi,Axis,1530,minimal,2022-05-24 08:00:00
ACC0004374,gmanda@oksbi,PNB,434,full,2025-05-24 08:00:00
ACC0004375,shamik21@okaxis,Axis,1385,full,2022-10-16 08:00:00
ACC0004376,mandjayan@okhdfcbank,Axis,94,full,2026-04-29 08:00:00
ACC0004377,ayesharajagopalan@okicici,BOB,1579,full,2022-04-05 08:00:00
ACC0004378,dharmajanbobal@oksbi,Paytm Payments Bank,159,full,2026-02-23 08:00:00
ACC0004379,erandhawa@okicici,SBI,380,full,2025-07-17 08:00:00
ACC0004380,bijusinha@okaxis,HDFC,1431,full,2022-08-31 08:00:00
ACC0004381,adate@oksbi,HDFC,352,full,2025-08-14 08:00:00
ACC0004382,seher52@okaxis,Axis,252,full,2025-11-22 08:00:00
ACC0004383,dyalprisha@okicici,Kotak,370,minimal,2025-07-27 08:00:00
ACC0004384,aviswanathan@ybl,Axis,352,none,2025-08-14 08:00:00
ACC0004385,prisha38@oksbi,Paytm Payments Bank,900,full,2024-02-13 08:00:00
ACC0004386,fmahajan@ybl,Axis,562,minimal,2025-01-16 08:00:00
ACC0004387,nehmat35@okhdfcbank,Axis,1664,full,2022-01-10 08:00:00
ACC0004388,esathe@ybl,Paytm Payments Bank,799,minimal,2024-05-24 08:00:00
ACC0004389,benaarna@ybl,HDFC,1821,minimal,2021-08-06 08:00:00
ACC0004390,guhagokul@okhdfcbank,Axis,289,full,2025-10-16 08:00:00
ACC0004391,buchelakshi@okhdfcbank,Paytm Payments Bank,1122,full,2023-07-06 08:00:00
ACC0004392,chackokiaan@ybl,ICICI,1360,full,2022-11-10 08:00:00
ACC0004393,hvirk@ybl,Axis,398,minimal,2025-06-29 08:00:00
ACC0004394,waliaarna@okhdfcbank,HDFC,522,full,2025-02-25 08:00:00
ACC0004395,ochada@okhdfcbank,Kotak,1161,full,2023-05-28 08:00:00
ACC0004396,vboase@okicici,PNB,221,full,2025-12-23 08:00:00
ACC0004397,aiyengar@oksbi,SBI,308,full,2025-09-27 08:00:00
ACC0004398,fateh64@oksbi,ICICI,1771,minimal,2021-09-25 08:00:00
ACC0004399,elakshi59@okhdfcbank,ICICI,481,full,2025-04-07 08:00:00
ACC0004400,jivika22@okaxis,HDFC,176,full,2026-02-06 08:00:00
ACC0004401,elakshi39@okaxis,ICICI,689,full,2024-09-11 08:00:00
ACC0004402,ela94@okicici,SBI,1765,full,2021-10-01 08:00:00
ACC0004403,nkashyap@okhdfcbank,SBI,53,minimal,2026-06-09 08:00:00
ACC0004404,siya22@okhdfcbank,HDFC,1510,full,2022-06-13 08:00:00
ACC0004405,uahluwalia@ybl,HDFC,1581,full,2022-04-03 08:00:00
ACC0004406,jchakraborty@okaxis,HDFC,419,full,2025-06-08 08:00:00
ACC0004407,abandi@ybl,Kotak,1861,full,2021-06-27 08:00:00
ACC0004408,rati33@ybl,SBI,1321,full,2022-12-19 08:00:00
ACC0004409,luthraamira@okicici,BOB,753,full,2024-07-09 08:00:00
ACC0004410,divit09@ybl,PNB,1657,minimal,2022-01-17 08:00:00
ACC0004411,krajan@oksbi,HDFC,564,full,2025-01-14 08:00:00
ACC0004412,gillmyra@ybl,Paytm Payments Bank,332,full,2025-09-03 08:00:00
ACC0004413,shrayratti@okhdfcbank,ICICI,1099,full,2023-07-29 08:00:00
ACC0004414,charraghav@okicici,SBI,1593,full,2022-03-22 08:00:00
ACC0004415,aaryahi94@okhdfcbank,BOB,990,full,2023-11-15 08:00:00
ACC0004416,misha64@ybl,SBI,120,full,2026-04-03 08:00:00
ACC0004417,dhanukrajagopalan@oksbi,BOB,565,full,2025-01-13 08:00:00
ACC0004418,ehsaansetty@okhdfcbank,Kotak,729,full,2024-08-02 08:00:00
ACC0004419,ranbirchakraborty@ybl,ICICI,593,full,2024-12-16 08:00:00
ACC0004420,jivika12@okhdfcbank,Axis,1183,full,2023-05-06 08:00:00
ACC0004421,kgandhi@okicici,Axis,1663,none,2022-01-11 08:00:00
ACC0004422,zara97@okhdfcbank,Kotak,786,full,2024-06-06 08:00:00
ACC0004423,jayanagarwal@ybl,BOB,378,full,2025-07-19 08:00:00
ACC0004424,madhavbath@okhdfcbank,Paytm Payments Bank,1161,full,2023-05-28 08:00:00
ACC0004425,hridaanbutala@oksbi,BOB,455,full,2025-05-03 08:00:00
ACC0004426,avohra@ybl,Paytm Payments Bank,1287,full,2023-01-22 08:00:00
ACC0004427,dhanuk02@okhdfcbank,ICICI,1640,full,2022-02-03 08:00:00
ACC0004428,qkala@okicici,SBI,154,minimal,2026-02-28 08:00:00
ACC0004429,tgade@okaxis,PNB,1802,minimal,2021-08-25 08:00:00
ACC0004430,darajhanvi@ybl,SBI,284,full,2025-10-21 08:00:00
ACC0004431,xgulati@okicici,ICICI,1531,full,2022-05-23 08:00:00
ACC0004432,esastry@okaxis,Axis,1000,full,2023-11-05 08:00:00
ACC0004433,sahil85@oksbi,HDFC,804,full,2024-05-19 08:00:00
ACC0004434,waglelavanya@oksbi,HDFC,526,full,2025-02-21 08:00:00
ACC0004435,ivanravel@ybl,PNB,849,full,2024-04-04 08:00:00
ACC0004436,riya26@ybl,PNB,1098,full,2023-07-30 08:00:00
ACC0004437,skonda@okhdfcbank,Axis,354,minimal,2025-08-12 08:00:00
ACC0004438,piya18@oksbi,Kotak,1579,full,2022-04-05 08:00:00
ACC0004439,wsachdev@ybl,BOB,1760,full,2021-10-06 08:00:00
ACC0004440,anayverma@okicici,HDFC,664,full,2024-10-06 08:00:00
ACC0004441,anahita56@okaxis,PNB,113,minimal,2026-04-10 08:00:00
ACC0004442,mannatmammen@okaxis,ICICI,1323,full,2022-12-17 08:00:00
ACC0004443,vaibhavgrover@okicici,PNB,1566,minimal,2022-04-18 08:00:00
ACC0004444,siyaahluwalia@oksbi,BOB,116,minimal,2026-04-07 08:00:00
ACC0004445,ahana-gole@okicici,Kotak,1506,full,2022-06-17 08:00:00
ACC0004446,aarushraj@okicici,Axis,412,none,2025-06-15 08:00:00
ACC0004447,shalv15@okhdfcbank,HDFC,1896,full,2021-05-23 08:00:00
ACC0004448,damini09@okaxis,PNB,660,minimal,2024-10-10 08:00:00
ACC0004449,arhaan47@ybl,SBI,1080,minimal,2023-08-17 08:00:00
ACC0004450,sbains@okhdfcbank,Kotak,1526,full,2022-05-28 08:00:00
ACC0004451,raghav09@ybl,ICICI,1458,minimal,2022-08-04 08:00:00
ACC0004452,venkataramansaanvi@okicici,ICICI,594,full,2024-12-15 08:00:00
ACC0004453,oramanathan@okhdfcbank,Kotak,1733,full,2021-11-02 08:00:00
ACC0004454,lkorpal@okhdfcbank,PNB,1436,full,2022-08-26 08:00:00
ACC0004455,pshere@oksbi,Axis,1906,none,2021-05-13 08:00:00
ACC0004456,bahltushar@okicici,Axis,1717,minimal,2021-11-18 08:00:00
ACC0004457,rameshriya@ybl,Kotak,557,minimal,2025-01-21 08:00:00
ACC0004458,reneeshah@okaxis,Axis,280,minimal,2025-10-25 08:00:00
ACC0004459,hanshbarman@okhdfcbank,HDFC,1680,full,2021-12-25 08:00:00
ACC0004460,htiwari@okaxis,Paytm Payments Bank,1258,full,2023-02-20 08:00:00
ACC0004461,kapadianavya@okhdfcbank,SBI,1642,full,2022-02-01 08:00:00
ACC0004462,dugardivit@oksbi,HDFC,436,full,2025-05-22 08:00:00
ACC0004463,kartik90@okaxis,Axis,435,full,2025-05-23 08:00:00
ACC0004464,pari52@okicici,Axis,1348,full,2022-11-22 08:00:00
ACC0004465,ela06@okhdfcbank,HDFC,862,none,2024-03-22 08:00:00
ACC0004466,qtoor@ybl,Paytm Payments Bank,1910,minimal,2021-05-09 08:00:00
ACC0004467,balikartik@okaxis,HDFC,700,full,2024-08-31 08:00:00
ACC0004468,samihadeol@okaxis,SBI,1055,full,2023-09-11 08:00:00
ACC0004469,chadhaahana@oksbi,SBI,408,none,2025-06-19 08:00:00
ACC0004470,devimahika@ybl,HDFC,90,full,2026-05-03 08:00:00
ACC0004471,prishakrishnan@okhdfcbank,ICICI,879,minimal,2024-03-05 08:00:00
ACC0004472,ochadha@okhdfcbank,Axis,1102,full,2023-07-26 08:00:00
ACC0004473,dugalraghav@okaxis,Paytm Payments Bank,713,full,2024-08-18 08:00:00
ACC0004474,fateh57@ybl,HDFC,610,none,2024-11-29 08:00:00
ACC0004475,mandalanahi@okaxis,SBI,1889,minimal,2021-05-30 08:00:00
ACC0004476,bhardwajdivij@oksbi,BOB,1422,full,2022-09-09 08:00:00
ACC0004477,samihabassi@okicici,ICICI,1652,minimal,2022-01-22 08:00:00
ACC0004478,samarrajagopal@okicici,HDFC,186,minimal,2026-01-27 08:00:00
ACC0004479,sinhajayan@ybl,PNB,1813,full,2021-08-14 08:00:00
ACC0004480,chopranavya@oksbi,Axis,628,full,2024-11-11 08:00:00
ACC0004481,amira13@okicici,SBI,1007,full,2023-10-29 08:00:00
ACC0004482,pihu32@okaxis,Axis,1579,full,2022-04-05 08:00:00
ACC0004483,baiju64@oksbi,Axis,1510,full,2022-06-13 08:00:00
ACC0004484,ranbirboase@oksbi,HDFC,1065,full,2023-09-01 08:00:00
ACC0004485,zain33@okicici,Kotak,593,full,2024-12-16 08:00:00
ACC0004486,krish24@okicici,SBI,218,full,2025-12-26 08:00:00
ACC0004487,rasha74@okicici,ICICI,1785,full,2021-09-11 08:00:00
ACC0004488,kondasumer@okhdfcbank,Kotak,864,full,2024-03-20 08:00:00
ACC0004489,stuvan87@okicici,Axis,1623,full,2022-02-20 08:00:00
ACC0004490,armaantiwari@okaxis,BOB,839,none,2024-04-14 08:00:00
ACC0004491,ibrahmbhatt@okhdfcbank,HDFC,1553,full,2022-05-01 08:00:00
ACC0004492,ratikalla@okaxis,SBI,293,minimal,2025-10-12 08:00:00
ACC0004493,neelofar43@oksbi,SBI,1963,full,2021-03-17 08:00:00
ACC0004494,rati88@okicici,BOB,446,full,2025-05-12 08:00:00
ACC0004495,divij83@okhdfcbank,SBI,1274,full,2023-02-04 08:00:00
ACC0004496,madhav74@okaxis,HDFC,1432,full,2022-08-30 08:00:00
ACC0004497,bhardwajela@oksbi,HDFC,1556,none,2022-04-28 08:00:00
ACC0004498,anikaboase@oksbi,PNB,1602,minimal,2022-03-13 08:00:00
ACC0004499,uraj@okhdfcbank,BOB,758,full,2024-07-04 08:00:00
MULE0010000,jivika69@okaxis,BOB,16,minimal,2026-07-16 08:00:00
MULE0010001,edwinrati@okhdfcbank,ICICI,2,none,2026-07-30 08:00:00
MULE0010002,rautaimur@ybl,Paytm Payments Bank,8,none,2026-07-24 08:00:00
MULE0010003,buchaaina@okhdfcbank,Axis,12,none,2026-07-20 08:00:00
MULE0010004,vganesh@oksbi,PNB,15,none,2026-07-17 08:00:00
MULE0010005,chandertaimur@okicici,Paytm Payments Bank,7,none,2026-07-25 08:00:00
MULE0010006,ishaan78@ybl,Paytm Payments Bank,14,none,2026-07-18 08:00:00
MULE0010007,suhanaapte@ybl,BOB,8,none,2026-07-24 08:00:00
MULE0010008,ntailor@oksbi,Paytm Payments Bank,7,none,2026-07-25 08:00:00
MULE0010009,krajagopalan@okicici,PNB,5,none,2026-07-27 08:00:00
MULE0010010,zsetty@oksbi,PNB,2,none,2026-07-30 08:00:00
MULE0010011,ptiwari@oksbi,SBI,14,none,2026-07-18 08:00:00
MULE0010100,samaira59@okhdfcbank,BOB,30,minimal,2026-07-02 08:00:00
MULE0010101,anya64@ybl,BOB,2,none,2026-07-30 08:00:00
MULE0010102,vyasmehul@okicici,Paytm Payments Bank,15,none,2026-07-17 08:00:00
MULE0010103,kadeaaryahi@okicici,ICICI,6,none,2026-07-26 08:00:00
MULE0010104,kashvi69@okicici,HDFC,15,none,2026-07-17 08:00:00
MULE0010105,bumbdrishya@okicici,HDFC,13,none,2026-07-19 08:00:00
MULE0010106,rohanwali@oksbi,Kotak,12,none,2026-07-20 08:00:00
MULE0010107,jiyasheth@okicici,PNB,15,none,2026-07-17 08:00:00
MULE0010108,hanshsaini@okhdfcbank,PNB,10,none,2026-07-22 08:00:00
MULE0010109,vedika01@ybl,Kotak,14,none,2026-07-18 08:00:00
MULE0010110,vritika25@okhdfcbank,PNB,11,none,2026-07-21 08:00:00
MULE0010111,khora@okaxis,SBI,12,none,2026-07-20 08:00:00
MULE0010112,qacharya@okhdfcbank,ICICI,12,none,2026-07-20 08:00:00
MULE0010113,krishwagle@ybl,Kotak,12,none,2026-07-20 08:00:00
MULE0010114,romildube@ybl,Kotak,7,none,2026-07-25 08:00:00
MULE0010115,chandamiraan@okicici,SBI,7,none,2026-07-25 08:00:00
MULE0010116,adirabath@okaxis,SBI,5,none,2026-07-27 08:00:00
MULE0010200,indranssani@ybl,Axis,26,minimal,2026-07-06 08:00:00
MULE0010201,aarush72@okicici,ICICI,5,none,2026-07-27 08:00:00
MULE0010202,divyansh78@okaxis,SBI,5,none,2026-07-27 08:00:00
MULE0010203,nsarkar@okhdfcbank,HDFC,10,none,2026-07-22 08:00:00
MULE0010204,ysami@okaxis,HDFC,8,none,2026-07-24 08:00:00
MULE0010205,psastry@oksbi,Kotak,7,none,2026-07-25 08:00:00
MULE0010206,harigokul@ybl,PNB,4,none,2026-07-28 08:00:00
MULE0010207,tarini26@okaxis,Axis,10,none,2026-07-22 08:00:00
MULE0010208,raunak69@okhdfcbank,SBI,9,none,2026-07-23 08:00:00
MULE0010300,eloke@oksbi,HDFC,12,minimal,2026-07-20 08:00:00
MULE0010301,ayesha90@okicici,HDFC,7,none,2026-07-25 08:00:00
MULE0010302,mahikachakraborty@okhdfcbank,Paytm Payments Bank,2,none,2026-07-30 08:00:00
MULE0010303,tushargolla@okhdfcbank,ICICI,2,none,2026-07-30 08:00:00
MULE0010304,damini09@ybl,HDFC,6,none,2026-07-26 08:00:00
MULE0010305,pbarad@ybl,ICICI,7,none,2026-07-25 08:00:00
MULE0010306,hirankrish@okaxis,BOB,2,none,2026-07-30 08:00:00
MULE0010400,azadcherian@okhdfcbank,HDFC,40,minimal,2026-06-22 08:00:00
MULE0010401,adira15@okicici,HDFC,1,none,2026-07-31 08:00:00
MULE0010402,lsachdeva@okaxis,ICICI,2,none,2026-07-30 08:00:00
MULE0010403,sborra@oksbi,Paytm Payments Bank,9,none,2026-07-23 08:00:00
MULE0010404,vidur70@okhdfcbank,Paytm Payments Bank,1,none,2026-07-31 08:00:00
MULE0010405,aaina22@ybl,BOB,5,none,2026-07-27 08:00:00
MULE0010406,hsanghvi@ybl,Axis,9,none,2026-07-23 08:00:00
MULE0010407,kaulzara@okicici,Paytm Payments Bank,5,none,2026-07-27 08:00:00
MULE0010408,ghosepiya@okicici,SBI,1,none,2026-07-31 08:00:00
MULE0010409,sagaryuvaan@ybl,HDFC,7,none,2026-07-25 08:00:00
MULE0010410,buchsamar@oksbi,Kotak,4,none,2026-07-28 08:00:00
MULE0010411,kashvikulkarni@okicici,SBI,11,none,2026-07-21 08:00:00
MULE0010412,dsankar@oksbi,Axis,12,none,2026-07-20 08:00:00
MULE0010413,kibeneysa@okaxis,ICICI,6,none,2026-07-26 08:00:00
MULE0010500,xkakar@ybl,BOB,13,minimal,2026-07-19 08:00:00
MULE0010501,doshiaarna@oksbi,SBI,1,none,2026-07-31 08:00:00
MULE0010502,seher19@okaxis,BOB,8,none,2026-07-24 08:00:00
MULE0010503,xkrishnamurthy@oksbi,Kotak,6,none,2026-07-26 08:00:00
MULE0010504,vsawhney@okhdfcbank,ICICI,5,none,2026-07-27 08:00:00
MULE0010505,faiyaz26@okhdfcbank,PNB,15,none,2026-07-17 08:00:00
MULE0010506,rvirk@okhdfcbank,ICICI,12,none,2026-07-20 08:00:00
MULE0010507,bordeaarush@okicici,SBI,1,none,2026-07-31 08:00:00
MULE0010600,rhea94@oksbi,HDFC,24,minimal,2026-07-08 08:00:00
MULE0010601,drishyatalwar@okaxis,PNB,2,none,2026-07-30 08:00:00
MULE0010602,dkalla@okhdfcbank,ICICI,10,none,2026-07-22 08:00:00
MULE0010603,cdhaliwal@okaxis,BOB,3,none,2026-07-29 08:00:00
MULE0010604,vigayesha@okaxis,BOB,12,none,2026-07-20 08:00:00
MULE0010605,dgoswami@ybl,Kotak,13,none,2026-07-19 08:00:00
MULE0010606,ojas65@okhdfcbank,PNB,13,none,2026-07-19 08:00:00
MULE0010607,tiya08@oksbi,HDFC,15,none,2026-07-17 08:00:00
MULE0010700,jayesh45@okaxis,Paytm Payments Bank,39,minimal,2026-06-23 08:00:00
MULE0010701,canand@oksbi,PNB,2,none,2026-07-30 08:00:00
MULE0010702,rohan09@ybl,HDFC,2,none,2026-07-30 08:00:00
MULE0010703,gokhalesana@ybl,SBI,13,none,2026-07-19 08:00:00
MULE0010704,lataseher@ybl,Axis,8,none,2026-07-24 08:00:00
MULE0010705,ldash@oksbi,Kotak,15,none,2026-07-17 08:00:00
MULE0010706,lokedivit@okhdfcbank,Axis,4,none,2026-07-28 08:00:00
MULE0010707,samihabora@ybl,HDFC,6,none,2026-07-26 08:00:00
MULE0010708,rkale@ybl,Paytm Payments Bank,14,none,2026-07-18 08:00:00
MULE0010709,amira93@ybl,ICICI,2,none,2026-07-30 08:00:00
MULE0010710,ebahri@okicici,PNB,15,none,2026-07-17 08:00:00
MULE0010711,umang02@okaxis,SBI,11,none,2026-07-21 08:00:00
MULE0010800,halderdrishya@okicici,PNB,40,minimal,2026-06-22 08:00:00
MULE0010801,gangulynavya@oksbi,Kotak,9,none,2026-07-23 08:00:00
MULE0010802,aarna60@okicici,Paytm Payments Bank,3,none,2026-07-29 08:00:00
MULE0010803,siyadave@okaxis,SBI,12,none,2026-07-20 08:00:00
MULE0010804,tooradah@ybl,ICICI,7,none,2026-07-25 08:00:00
MULE0010805,sundaramkartik@oksbi,Paytm Payments Bank,6,none,2026-07-26 08:00:00
MULE0010806,romil98@ybl,Paytm Payments Bank,11,none,2026-07-21 08:00:00
MULE0010807,raniasura@oksbi,Kotak,14,none,2026-07-18 08:00:00
MULE0010808,groverkaira@okhdfcbank,BOB,9,none,2026-07-23 08:00:00
MULE0010809,wchokshi@oksbi,Axis,2,none,2026-07-30 08:00:00
MULE0010810,vdevan@oksbi,SBI,11,none,2026-07-21 08:00:00
MULE0010811,raghavkrishna@okaxis,ICICI,2,none,2026-07-30 08:00:00
MULE0010900,ramakrishnanyakshit@okicici,Kotak,25,minimal,2026-07-07 08:00:00
MULE0010901,parinaazdhar@okhdfcbank,PNB,13,none,2026-07-19 08:00:00
MULE0010902,aarush63@okaxis,ICICI,4,none,2026-07-28 08:00:00
MULE0010903,srinivaszeeshan@oksbi,Paytm Payments Bank,10,none,2026-07-22 08:00:00
MULE0010904,raghavdeol@oksbi,ICICI,12,none,2026-07-20 08:00:00
MULE0010905,yram@ybl,BOB,13,none,2026-07-19 08:00:00
MULE0010906,divit33@oksbi,ICICI,6,none,2026-07-26 08:00:00
MULE0010907,savantshaan@oksbi,HDFC,1,none,2026-07-31 08:00:00
MULE0010908,chiragramesh@oksbi,ICICI,2,none,2026-07-30 08:00:00
MULE0010909,samiha97@ybl,HDFC,8,none,2026-07-24 08:00:00
MULE0010910,mravi@okicici,Kotak,9,none,2026-07-23 08:00:00
MULE0010911,hrishita67@okhdfcbank,BOB,14,none,2026-07-18 08:00:00
MULE0010912,gargshlok@okaxis,BOB,13,none,2026-07-19 08:00:00
MULE0010913,shray72@okhdfcbank,BOB,7,none,2026-07-25 08:00:00
MULE0010914,vvarma@okhdfcbank,BOB,9,none,2026-07-23 08:00:00
MULE0010915,icheema@oksbi,SBI,11,none,2026-07-21 08:00:00
MULE0010916,parihayer@okaxis,BOB,2,none,2026-07-30 08:00:00
MULE0011000,yuvaan09@ybl,PNB,9,minimal,2026-07-23 08:00:00
MULE0011001,ravalaradhya@oksbi,BOB,14,none,2026-07-18 08:00:00
MULE0011002,dharmajan38@ybl,SBI,3,none,2026-07-29 08:00:00
MULE0011003,romil45@okicici,Kotak,15,none,2026-07-17 08:00:00
MULE0011004,dsandal@ybl,Paytm Payments Bank,6,none,2026-07-26 08:00:00
MULE0011005,brahmbhattmisha@okaxis,HDFC,9,none,2026-07-23 08:00:00
MULE0011006,mishagoda@okaxis,PNB,12,none,2026-07-20 08:00:00
MULE0011007,wjohal@oksbi,SBI,1,none,2026-07-31 08:00:00
MULE0011008,shethraunak@ybl,BOB,5,none,2026-07-27 08:00:00
MULE0011009,ydalal@okhdfcbank,Kotak,9,none,2026-07-23 08:00:00
MULE0011010,uthkarshraman@ybl,BOB,3,none,2026-07-29 08:00:00
MULE0011011,bavavivaan@okaxis,PNB,8,none,2026-07-24 08:00:00
MULE0011012,lakshitbhakta@okaxis,Kotak,5,none,2026-07-27 08:00:00
MULE0011013,jayesh26@ybl,HDFC,9,none,2026-07-23 08:00:00
MULE0011014,wgoda@okicici,Kotak,3,none,2026-07-29 08:00:00
MULE0011015,aainayohannan@okhdfcbank,Kotak,6,none,2026-07-26 08:00:00
MULE0011016,samar51@okhdfcbank,ICICI,8,none,2026-07-24 08:00:00
MULE0011017,damini88@okicici,Axis,1,none,2026-07-31 08:00:00
MULE0011018,zchowdhury@okhdfcbank,SBI,10,none,2026-07-22 08:00:00
MULE0011019,dshukla@okhdfcbank,SBI,7,none,2026-07-25 08:00:00
MULE0011020,alisha22@okaxis,BOB,6,none,2026-07-26 08:00:00
MULE0011021,adhawan@oksbi,Axis,3,none,2026-07-29 08:00:00
MULE0011022,tarini72@oksbi,ICICI,9,none,2026-07-23 08:00:00
MULE0011023,handakavya@okaxis,HDFC,10,none,2026-07-22 08:00:00
MULE0011024,akadakia@oksbi,HDFC,4,none,2026-07-28 08:00:00
MULE0011100,myraatwal@okaxis,SBI,32,minimal,2026-06-30 08:00:00
MULE0011101,hiranramaswamy@ybl,HDFC,8,none,2026-07-24 08:00:00
MULE0011102,ramkaira@okicici,PNB,13,none,2026-07-19 08:00:00
MULE0011103,uapte@oksbi,Paytm Payments Bank,14,none,2026-07-18 08:00:00
MULE0011104,ivanmane@okicici,BOB,10,none,2026-07-22 08:00:00
MULE0011105,fsani@ybl,HDFC,10,none,2026-07-22 08:00:00
MULE0011106,akarsh96@oksbi,Kotak,11,none,2026-07-21 08:00:00
MULE0011107,ishaankarnik@okicici,Kotak,4,none,2026-07-28 08:00:00
MULE0011108,samaira32@oksbi,PNB,2,none,2026-07-30 08:00:00
MULE0011109,msawhney@okaxis,Kotak,9,none,2026-07-23 08:00:00
MULE0011110,hansh41@okaxis,BOB,15,none,2026-07-17 08:00:00
MULE0011111,chauhankashvi@okhdfcbank,Paytm Payments Bank,2,none,2026-07-30 08:00:00
MULE0011200,pkarpe@okicici,PNB,22,minimal,2026-07-10 08:00:00
MULE0011201,ydara@ybl,HDFC,13,none,2026-07-19 08:00:00
MULE0011202,anahikrishna@oksbi,BOB,8,none,2026-07-24 08:00:00
MULE0011203,surilavanya@okaxis,Kotak,14,none,2026-07-18 08:00:00
MULE0011204,indranil37@okicici,Kotak,3,none,2026-07-29 08:00:00
MULE0011205,aggarwalsiya@oksbi,ICICI,2,none,2026-07-30 08:00:00
MULE0011206,sanghviparinaaz@okicici,PNB,8,none,2026-07-24 08:00:00
MULE0011207,hverma@oksbi,Kotak,5,none,2026-07-27 08:00:00
MULE0011208,yvenkataraman@ybl,ICICI,7,none,2026-07-25 08:00:00
MULE0011209,srinivaszeeshan@okhdfcbank,Paytm Payments Bank,15,none,2026-07-17 08:00:00
MULE0011210,saanvi81@okhdfcbank,ICICI,5,none,2026-07-27 08:00:00
MULE0011211,kandaanya@okaxis,SBI,3,none,2026-07-29 08:00:00
MULE0011212,dhingrazoya@okaxis,BOB,13,none,2026-07-19 08:00:00
MULE0011213,uthakkar@oksbi,Paytm Payments Bank,11,none,2026-07-21 08:00:00
MULE0011214,gopalyakshit@oksbi,Kotak,2,none,2026-07-30 08:00:00
MULE0011215,ykala@okhdfcbank,Kotak,5,none,2026-07-27 08:00:00
MULE0011216,benhunar@ybl,PNB,11,none,2026-07-21 08:00:00
MULE0011217,tara91@ybl,Paytm Payments Bank,1,none,2026-07-31 08:00:00
MULE0011218,tejasjhaveri@ybl,BOB,7,none,2026-07-25 08:00:00
MULE0011300,hridaan37@ybl,SBI,20,minimal,2026-07-12 08:00:00
MULE0011301,prerakbava@oksbi,ICICI,11,none,2026-07-21 08:00:00
MULE0011302,nayantara17@okaxis,HDFC,14,none,2026-07-18 08:00:00
MULE0011303,pshetty@ybl,Paytm Payments Bank,8,none,2026-07-24 08:00:00
MULE0011304,shlok47@okicici,SBI,4,none,2026-07-28 08:00:00
MULE0011305,vedika74@okaxis,SBI,11,none,2026-07-21 08:00:00
MULE0011306,kimaya02@okhdfcbank,PNB,12,none,2026-07-20 08:00:00
MULE0011307,elakshidhawan@okicici,PNB,4,none,2026-07-28 08:00:00
MULE0011308,choudhrytushar@okicici,Kotak,5,none,2026-07-27 08:00:00
MULE0011309,riya44@oksbi,SBI,3,none,2026-07-29 08:00:00
MULE0011310,jiyaravel@okicici,Kotak,4,none,2026-07-28 08:00:00
MULE0011311,anika74@oksbi,Paytm Payments Bank,9,none,2026-07-23 08:00:00
MULE0011312,shanayaswaminathan@okhdfcbank,HDFC,7,none,2026-07-25 08:00:00
MULE0011313,hunarramanathan@okicici,ICICI,1,none,2026-07-31 08:00:00
MULE0011314,veer43@oksbi,BOB,11,none,2026-07-21 08:00:00
MULE0011315,vargheselakshit@oksbi,Paytm Payments Bank,4,none,2026-07-28 08:00:00
MULE0011316,hunar90@okaxis,Axis,14,none,2026-07-18 08:00:00
MULE0011317,tejas88@okaxis,PNB,13,none,2026-07-19 08:00:00
MULE0011318,nkhare@okaxis,BOB,9,none,2026-07-23 08:00:00
MULE0011319,shrayrout@okhdfcbank,Paytm Payments Bank,6,none,2026-07-26 08:00:00
MULE0011320,khushivarkey@okaxis,SBI,4,none,2026-07-28 08:00:00
MULE0011321,elakshi56@ybl,Axis,10,none,2026-07-22 08:00:00
MULE0011322,ksabharwal@oksbi,SBI,1,none,2026-07-31 08:00:00
MULE0011400,echahal@okhdfcbank,Kotak,34,minimal,2026-06-28 08:00:00
MULE0011401,qamble@okicici,PNB,5,none,2026-07-27 08:00:00
MULE0011402,gargmamooty@okaxis,BOB,3,none,2026-07-29 08:00:00
MULE0011403,lagan32@ybl,Kotak,10,none,2026-07-22 08:00:00
MULE0011404,mahika13@okhdfcbank,HDFC,2,none,2026-07-30 08:00:00
MULE0011405,charvi79@oksbi,PNB,3,none,2026-07-29 08:00:00
MULE0011406,trivedisiya@ybl,Paytm Payments Bank,4,none,2026-07-28 08:00:00
MULE0011407,seherchaudhuri@okhdfcbank,BOB,11,none,2026-07-21 08:00:00
MULE0011408,nitya06@okicici,PNB,15,none,2026-07-17 08:00:00
MULE0011409,galadishani@ybl,SBI,1,none,2026-07-31 08:00:00
MULE0020000,deshmukhishita@okhdfcbank,SBI,12,minimal,2026-07-20 08:00:00
MULE0020001,surbhavin@okaxis,HDFC,14,minimal,2026-07-18 08:00:00
MULE0020002,hmander@okicici,Kotak,8,minimal,2026-07-24 08:00:00
MULE0020003,nirvaandave@oksbi,PNB,7,minimal,2026-07-25 08:00:00
MULE0020004,prishasachdev@ybl,HDFC,20,minimal,2026-07-12 08:00:00
MULE0020005,manikyasant@okicici,SBI,6,minimal,2026-07-26 08:00:00
MULE0020006,cchakrabarti@okaxis,BOB,7,minimal,2026-07-25 08:00:00
MULE0020007,ishita41@ybl,ICICI,2,minimal,2026-07-30 08:00:00
MULE0020100,sanathakur@oksbi,Kotak,9,minimal,2026-07-23 08:00:00
MULE0020101,zachariahhansh@okaxis,SBI,5,minimal,2026-07-27 08:00:00
MULE0020102,biju33@okicici,BOB,15,minimal,2026-07-17 08:00:00
MULE0020103,keyasidhu@oksbi,PNB,17,minimal,2026-07-15 08:00:00
MULE0020104,gkata@okicici,BOB,10,minimal,2026-07-22 08:00:00
MULE0020105,duttavritika@ybl,BOB,20,minimal,2026-07-12 08:00:00
MULE0020106,chaudharianvi@oksbi,Kotak,3,minimal,2026-07-29 08:00:00
MULE0020107,kantdharmajan@okicici,Paytm Payments Bank,14,minimal,2026-07-18 08:00:00
MULE0020200,gchaudhary@okaxis,ICICI,16,minimal,2026-07-16 08:00:00
MULE0020201,kismatkohli@okhdfcbank,Axis,20,minimal,2026-07-12 08:00:00
MULE0020202,jiya09@ybl,HDFC,4,minimal,2026-07-28 08:00:00
MULE0020203,hvasa@oksbi,PNB,8,minimal,2026-07-24 08:00:00
MULE0020204,psood@ybl,Axis,15,minimal,2026-07-17 08:00:00
MULE0020205,khushiswaminathan@oksbi,SBI,9,minimal,2026-07-23 08:00:00
MULE0020206,qacharya@oksbi,HDFC,15,minimal,2026-07-17 08:00:00
MULE0020207,rrama@ybl,Kotak,4,minimal,2026-07-28 08:00:00
MULE0020300,lraval@oksbi,PNB,8,minimal,2026-07-24 08:00:00
MULE0020301,dishani78@okaxis,Kotak,17,minimal,2026-07-15 08:00:00
MULE0020302,neelofar44@okicici,SBI,11,minimal,2026-07-21 08:00:00
MULE0020400,shlokdevan@okhdfcbank,BOB,8,minimal,2026-07-24 08:00:00
MULE0020401,mishti71@okicici,PNB,2,minimal,2026-07-30 08:00:00
MULE0020402,aradhyaaggarwal@okaxis,Paytm Payments Bank,4,minimal,2026-07-28 08:00:00
MULE0020403,diya77@okicici,SBI,13,minimal,2026-07-19 08:00:00
MULE0020404,jayeshbali@okhdfcbank,Axis,18,minimal,2026-07-14 08:00:00
MULE0020500,tsamra@okicici,SBI,20,minimal,2026-07-12 08:00:00
MULE0020501,venkataramanahana@ybl,PNB,16,minimal,2026-07-16 08:00:00
MULE0020502,navya82@okhdfcbank,PNB,15,minimal,2026-07-17 08:00:00
MULE0020600,vanyabhagat@okhdfcbank,SBI,14,minimal,2026-07-18 08:00:00
MULE0020601,lakshitdube@okhdfcbank,ICICI,19,minimal,2026-07-13 08:00:00
MULE0020602,samar87@ybl,HDFC,9,minimal,2026-07-23 08:00:00
MULE0020603,sanirohan@okicici,ICICI,18,minimal,2026-07-14 08:00:00
MULE0020604,kairasamra@okaxis,HDFC,19,minimal,2026-07-13 08:00:00
MULE0020605,samarthbrar@ybl,Kotak,18,minimal,2026-07-14 08:00:00
MULE0020606,tiyahora@okicici,ICICI,9,minimal,2026-07-23 08:00:00
MULE0020607,indranilramaswamy@oksbi,BOB,11,minimal,2026-07-21 08:00:00
MULE0020700,shaankuruvilla@okhdfcbank,ICICI,11,minimal,2026-07-21 08:00:00
MULE0020701,msachdeva@oksbi,BOB,4,minimal,2026-07-28 08:00:00
MULE0020702,usridhar@okicici,Kotak,2,minimal,2026-07-30 08:00:00
MULE0020703,manikya47@okaxis,PNB,12,minimal,2026-07-20 08:00:00
MULE0020704,tushar24@oksbi,Axis,17,minimal,2026-07-15 08:00:00
MULE0020705,samiha55@oksbi,Paytm Payments Bank,8,minimal,2026-07-24 08:00:00
MULE0020706,bdube@oksbi,ICICI,13,minimal,2026-07-19 08:00:00
MULE0020707,asingh@okaxis,SBI,14,minimal,2026-07-18 08:00:00
MULE0020800,singhyuvaan@okaxis,Kotak,19,minimal,2026-07-13 08:00:00
MULE0020801,jayaramansumer@okicici,Paytm Payments Bank,20,minimal,2026-07-12 08:00:00
MULE0020802,amanisinha@okhdfcbank,Paytm Payments Bank,16,minimal,2026-07-16 08:00:00
MULE0020803,advik33@oksbi,ICICI,16,minimal,2026-07-16 08:00:00
MULE0020900,ritvik50@okicici,Paytm Payments Bank,13,minimal,2026-07-19 08:00:00
MULE0020901,aaryahi65@okicici,Paytm Payments Bank,19,minimal,2026-07-13 08:00:00
MULE0020902,yasminchokshi@ybl,PNB,18,minimal,2026-07-14 08:00:00
MULE0021000,rvarty@ybl,Kotak,3,minimal,2026-07-29 08:00:00
MULE0021001,baradnirvaan@oksbi,BOB,14,minimal,2026-07-18 08:00:00
MULE0021002,shaansengupta@okhdfcbank,HDFC,15,minimal,2026-07-17 08:00:00
MULE0021100,lsen@okicici,PNB,16,minimal,2026-07-16 08:00:00
MULE0021101,xbajaj@oksbi,BOB,19,minimal,2026-07-13 08:00:00
MULE0021102,tsankaran@oksbi,PNB,8,minimal,2026-07-24 08:00:00
MULE0021103,rdash@okicici,Kotak,18,minimal,2026-07-14 08:00:00
MULE0021104,gbalan@ybl,PNB,9,minimal,2026-07-23 08:00:00
MULE0021105,reddyshlok@okaxis,Axis,17,minimal,2026-07-15 08:00:00
MULE0021106,heer57@okhdfcbank,PNB,7,minimal,2026-07-25 08:00:00
MULE0021107,faiyaz72@okaxis,SBI,14,minimal,2026-07-18 08:00:00
MULE0021200,gabaurvi@okaxis,PNB,20,minimal,2026-07-12 08:00:00
MULE0021201,jtella@ybl,ICICI,14,minimal,2026-07-18 08:00:00
MULE0021202,khushidoctor@okicici,BOB,11,minimal,2026-07-21 08:00:00
MULE0021203,jhanvibasu@oksbi,Paytm Payments Bank,16,minimal,2026-07-16 08:00:00
MULE0021204,udas@okaxis,Kotak,5,minimal,2026-07-27 08:00:00
MULE0021205,ivana84@okicici,Paytm Payments Bank,7,minimal,2026-07-25 08:00:00
MULE0021206,boasetrisha@ybl,Kotak,15,minimal,2026-07-17 08:00:00
MULE0021300,virkvedika@oksbi,Axis,15,minimal,2026-07-17 08:00:00
MULE0021301,taran73@okhdfcbank,PNB,5,minimal,2026-07-27 08:00:00
MULE0021302,samarthkaur@okaxis,Axis,10,minimal,2026-07-22 08:00:00
MULE0021303,amiragolla@okicici,Paytm Payments Bank,20,minimal,2026-07-12 08:00:00
MULE0021304,kiaan44@oksbi,BOB,9,minimal,2026-07-23 08:00:00
MULE0021400,boasefateh@okaxis,BOB,2,minimal,2026-07-30 08:00:00
MULE0021401,zkala@okaxis,Axis,15,minimal,2026-07-17 08:00:00
MULE0021402,dsur@ybl,ICICI,6,minimal,2026-07-26 08:00:00
MULE0021403,kundaumang@oksbi,Kotak,15,minimal,2026-07-17 08:00:00
MULE0021404,mandaladira@okhdfcbank,HDFC,16,minimal,2026-07-16 08:00:00
MULE0030000,krishnanyasmin@okaxis,BOB,6,minimal,2026-07-26 08:00:00
MULE0030001,vritika87@ybl,HDFC,151,full,2026-03-03 08:00:00
MULE0030002,kashvi51@okicici,Paytm Payments Bank,372,minimal,2025-07-25 08:00:00
MULE0030003,mandaldivij@oksbi,Kotak,424,full,2025-06-03 08:00:00
MULE0030004,lataindranil@oksbi,ICICI,423,full,2025-06-04 08:00:00
MULE0030005,mangatanahita@okhdfcbank,Paytm Payments Bank,208,minimal,2026-01-05 08:00:00
MULE0030006,suhanabansal@okhdfcbank,SBI,103,full,2026-04-20 08:00:00
MULE0030007,rtaneja@okicici,HDFC,405,full,2025-06-22 08:00:00
MULE0030008,vkara@okhdfcbank,PNB,351,full,2025-08-15 08:00:00
MULE0030009,nehmatgandhi@okicici,SBI,281,minimal,2025-10-24 08:00:00
MULE0030010,chandneelofar@okicici,Kotak,104,none,2026-04-19 08:00:00
MULE0030500,amani86@okaxis,Paytm Payments Bank,1,none,2026-07-31 08:00:00
MULE0030501,iyerkashvi@okicici,BOB,9,none,2026-07-23 08:00:00
MULE0030502,aarush96@ybl,SBI,4,none,2026-07-28 08:00:00
MULE0030503,agrawalmamooty@okaxis,PNB,6,none,2026-07-26 08:00:00
MULE0030504,aaryahi24@okhdfcbank,ICICI,6,none,2026-07-26 08:00:00
MULE0030505,keyasandal@okaxis,BOB,5,none,2026-07-27 08:00:00
MULE0030506,hazel73@okhdfcbank,ICICI,10,none,2026-07-22 08:00:00
MULE0030507,saanvi92@ybl,Axis,1,none,2026-07-31 08:00:00
MULE0030508,trishaborah@okhdfcbank,ICICI,7,none,2026-07-25 08:00:00
MULE0030509,ryanchana@okicici,Kotak,10,none,2026-07-22 08:00:00
MULE0031000,aryahazel@ybl,ICICI,3,minimal,2026-07-29 08:00:00
MULE0031001,sridhargokul@ybl,Paytm Payments Bank,254,full,2025-11-20 08:00:00
MULE0031002,darshit55@oksbi,BOB,137,minimal,2026-03-17 08:00:00
MULE0031003,nirvichawla@okicici,BOB,430,minimal,2025-05-28 08:00:00
MULE0031004,romilbumb@ybl,PNB,93,minimal,2026-04-30 08:00:00
MULE0031005,odeshmukh@okicici,Axis,188,full,2026-01-25 08:00:00
MULE0031006,trishagoel@okaxis,ICICI,236,full,2025-12-08 08:00:00
MULE0031007,biswasadvika@okicici,Axis,118,full,2026-04-05 08:00:00
MULE0031008,tiwariuthkarsh@okicici,Paytm Payments Bank,118,none,2026-04-05 08:00:00
MULE0031009,kapadiashanaya@okicici,BOB,174,full,2026-02-08 08:00:00
MULE0031500,vaibhavbakshi@okicici,PNB,1,none,2026-07-31 08:00:00
MULE0031501,zkanda@okhdfcbank,Kotak,7,none,2026-07-25 08:00:00
MULE0031502,lagansolanki@okhdfcbank,SBI,7,none,2026-07-25 08:00:00
MULE0031503,hrajagopal@ybl,ICICI,7,none,2026-07-25 08:00:00
MULE0031504,chahaldishani@okhdfcbank,SBI,1,none,2026-07-31 08:00:00
MULE0031505,bumbtanya@okicici,Kotak,9,none,2026-07-23 08:00:00
MULE0031506,fatehkonda@oksbi,HDFC,1,none,2026-07-31 08:00:00
MULE0031507,siya56@okicici,Kotak,1,none,2026-07-31 08:00:00
MULE0031508,lakshaybath@ybl,ICICI,8,none,2026-07-24 08:00:00
MULE0031509,anvi48@ybl,HDFC,3,none,2026-07-29 08:00:00
MULE0031510,kariadvik@okhdfcbank,Axis,10,none,2026-07-22 08:00:00
MULE0032000,guptazaina@oksbi,Kotak,16,minimal,2026-07-16 08:00:00
MULE0032001,giyengar@okaxis,ICICI,81,minimal,2026-05-12 08:00:00
MULE0032002,taran41@oksbi,SBI,44,full,2026-06-18 08:00:00
MULE0032003,pvala@ybl,BOB,422,full,2025-06-05 08:00:00
MULE0032004,manikya16@okhdfcbank,PNB,272,minimal,2025-11-02 08:00:00
MULE0032005,ranand@ybl,Paytm Payments Bank,353,full,2025-08-13 08:00:00
MULE0032006,azad23@ybl,ICICI,419,full,2025-06-08 08:00:00
MULE0032007,jivikaagrawal@ybl,BOB,406,full,2025-06-21 08:00:00
MULE0032008,elabrahmbhatt@oksbi,BOB,122,minimal,2026-04-01 08:00:00
MULE0032009,raniakeer@okaxis,ICICI,478,minimal,2025-04-10 08:00:00
MULE0032010,balasubramaniankimaya@ybl,PNB,164,full,2026-02-18 08:00:00
MULE0032011,sehersahota@ybl,ICICI,171,full,2026-02-11 08:00:00
MULE0032012,umang96@okaxis,BOB,262,full,2025-11-12 08:00:00
MULE0032013,aainachadha@ybl,Axis,316,full,2025-09-19 08:00:00
MULE0032500,elaborra@oksbi,Kotak,2,none,2026-07-30 08:00:00
MULE0032501,tejaswable@ybl,BOB,3,none,2026-07-29 08:00:00
MULE0032502,srivastavaishaan@oksbi,SBI,2,none,2026-07-30 08:00:00
MULE0032503,kotharilagan@ybl,Paytm Payments Bank,6,none,2026-07-26 08:00:00
MULE0033000,yuvaan54@ybl,Axis,10,minimal,2026-07-22 08:00:00
MULE0033001,aniruddh05@oksbi,Kotak,135,full,2026-03-19 08:00:00
MULE0033002,waliaanaya@oksbi,Axis,90,full,2026-05-03 08:00:00
MULE0033003,shahhridaan@oksbi,Kotak,393,full,2025-07-04 08:00:00
MULE0033004,ibajaj@ybl,Axis,228,full,2025-12-16 08:00:00
MULE0033005,msingh@okhdfcbank,Kotak,197,minimal,2026-01-16 08:00:00
MULE0033006,indranilbedi@ybl,HDFC,494,minimal,2025-03-25 08:00:00
MULE0033007,ghoshmamooty@okaxis,Paytm Payments Bank,396,full,2025-07-01 08:00:00
MULE0033008,kadakiachirag@okicici,ICICI,79,full,2026-05-14 08:00:00
MULE0033500,khannaanahi@okicici,HDFC,9,none,2026-07-23 08:00:00
MULE0033501,ivarty@ybl,ICICI,4,none,2026-07-28 08:00:00
MULE0033502,mbhavsar@okhdfcbank,SBI,5,none,2026-07-27 08:00:00
MULE0033503,dugalanika@okhdfcbank,ICICI,1,none,2026-07-31 08:00:00
MULE0033504,qyogi@oksbi,SBI,9,none,2026-07-23 08:00:00
MULE0033505,samarthsaha@ybl,HDFC,5,none,2026-07-27 08:00:00
MULE0033506,mannat17@okaxis,HDFC,4,none,2026-07-28 08:00:00
MULE0033507,kshere@okicici,Axis,4,none,2026-07-28 08:00:00
MULE0034000,gokulchoudhary@oksbi,SBI,8,minimal,2026-07-24 08:00:00
MULE0034001,zarabora@okhdfcbank,Kotak,376,full,2025-07-21 08:00:00
MULE0034002,nirvibarman@okaxis,BOB,304,none,2025-10-01 08:00:00
MULE0034003,sekhonyuvaan@okhdfcbank,HDFC,496,full,2025-03-23 08:00:00
MULE0034004,mannat13@okaxis,Paytm Payments Bank,297,minimal,2025-10-08 08:00:00
MULE0034005,ojaschanda@ybl,HDFC,439,full,2025-05-19 08:00:00
MULE0034500,shalv79@oksbi,PNB,10,none,2026-07-22 08:00:00
MULE0034501,tara25@okicici,ICICI,6,none,2026-07-26 08:00:00
MULE0034502,qgrover@ybl,Kotak,8,none,2026-07-24 08:00:00
MULE0034503,kavyashan@okaxis,Paytm Payments Bank,6,none,2026-07-26 08:00:00
MULE0034504,shenoyyasmin@okaxis,HDFC,10,none,2026-07-22 08:00:00
MULE0034505,draval@okhdfcbank,BOB,5,none,2026-07-27 08:00:00
MULE0034506,jivinamble@okhdfcbank,Axis,3,none,2026-07-29 08:00:00
MULE0034507,myrabadal@oksbi,HDFC,1,none,2026-07-31 08:00:00
MULE0034508,ishaanissac@ybl,Paytm Payments Bank,2,none,2026-07-30 08:00:00
MULE0034509,aayush97@okhdfcbank,Paytm Payments Bank,1,none,2026-07-31 08:00:00
MULE0034510,wvarughese@okaxis,Axis,4,none,2026-07-28 08:00:00
MULE0034511,mishtivirk@ybl,Kotak,9,none,2026-07-23 08:00:00
MULE0034512,nkara@okaxis,ICICI,8,none,2026-07-24 08:00:00
MULE0034513,qrastogi@ybl,SBI,6,none,2026-07-26 08:00:00
MULE0035000,vbhargava@okaxis,ICICI,16,minimal,2026-07-16 08:00:00
MULE0035001,neysa85@oksbi,BOB,420,full,2025-06-07 08:00:00
MULE0035002,kabir45@oksbi,PNB,371,full,2025-07-26 08:00:00
MULE0035003,jsom@oksbi,BOB,134,minimal,2026-03-20 08:00:00
MULE0035004,gsaini@oksbi,HDFC,136,full,2026-03-18 08:00:00
MULE0035005,tarini84@okaxis,PNB,474,full,2025-04-14 08:00:00
MULE0035006,srinivastejas@okhdfcbank,HDFC,121,full,2026-04-02 08:00:00
MULE0035007,brege@okhdfcbank,Axis,371,minimal,2025-07-26 08:00:00
MULE0035008,divitcomar@okaxis,PNB,341,full,2025-08-25 08:00:00
MULE0035009,hthakkar@okicici,Kotak,298,full,2025-10-07 08:00:00
MULE0035010,maharajriya@okhdfcbank,Kotak,198,full,2026-01-15 08:00:00
MULE0035011,gokul54@okicici,Axis,340,full,2025-08-26 08:00:00
MULE0035500,jkamdar@okicici,Paytm Payments Bank,4,none,2026-07-28 08:00:00
MULE0035501,vermadishani@okaxis,PNB,9,none,2026-07-23 08:00:00
MULE0035502,vivaantank@oksbi,PNB,3,none,2026-07-29 08:00:00
MULE0035503,hridaantrivedi@okicici,SBI,3,none,2026-07-29 08:00:00
MULE0035504,urvianand@okicici,SBI,6,none,2026-07-26 08:00:00
MULE0035505,sanasharma@ybl,Paytm Payments Bank,7,none,2026-07-25 08:00:00
MULE0035506,eshani92@okaxis,BOB,2,none,2026-07-30 08:00:00
MULE0035507,surahazel@okicici,Paytm Payments Bank,10,none,2026-07-22 08:00:00
MULE0035508,hrishita38@okicici,Paytm Payments Bank,8,none,2026-07-24 08:00:00
MULE0035509,umangbuch@okaxis,BOB,4,none,2026-07-28 08:00:00
MULE0035510,sanghaivan@okhdfcbank,Kotak,3,none,2026-07-29 08:00:00
MULE0035511,suhanasehgal@oksbi,Paytm Payments Bank,3,none,2026-07-29 08:00:00
MULE0035512,hrishitaramaswamy@okhdfcbank,HDFC,5,none,2026-07-27 08:00:00
MULE0035513,mvarughese@oksbi,ICICI,8,none,2026-07-24 08:00:00
MULE0036000,badal64@okicici,ICICI,17,minimal,2026-07-15 08:00:00
MULE0036001,hyohannan@okicici,BOB,352,full,2025-08-14 08:00:00
MULE0036002,ewarrior@okaxis,SBI,263,minimal,2025-11-11 08:00:00
MULE0036003,idyal@ybl,BOB,293,full,2025-10-12 08:00:00
MULE0036004,aarav14@oksbi,SBI,499,minimal,2025-03-20 08:00:00
MULE0036005,lakshay99@okaxis,Axis,232,full,2025-12-12 08:00:00
MULE0036006,balantanya@okhdfcbank,HDFC,284,full,2025-10-21 08:00:00
MULE0036007,jboase@okhdfcbank,BOB,389,full,2025-07-08 08:00:00
MULE0036008,ktata@ybl,Paytm Payments Bank,331,minimal,2025-09-04 08:00:00
MULE0036009,vihaansrivastava@okicici,ICICI,407,full,2025-06-20 08:00:00
MULE0036010,neelofarkadakia@okicici,Axis,183,full,2026-01-30 08:00:00
MULE0036500,mrajagopal@ybl,Kotak,8,none,2026-07-24 08:00:00
MULE0036501,stuvanbanik@okicici,PNB,10,none,2026-07-22 08:00:00
MULE0036502,raghavboase@ybl,Axis,8,none,2026-07-24 08:00:00
MULE0036503,ubhatia@okicici,ICICI,10,none,2026-07-22 08:00:00
MULE0036504,lagankapadia@oksbi,ICICI,1,none,2026-07-31 08:00:00
MULE0036505,paridevi@okhdfcbank,Kotak,9,none,2026-07-23 08:00:00
MULE0036506,aayush18@oksbi,SBI,7,none,2026-07-25 08:00:00
MULE0036507,eshani19@okicici,SBI,10,none,2026-07-22 08:00:00
MULE0036508,qdalia@okicici,Axis,5,none,2026-07-27 08:00:00
MULE0036509,hdixit@okaxis,Axis,9,none,2026-07-23 08:00:00
MULE0036510,ebose@oksbi,HDFC,6,none,2026-07-26 08:00:00
MULE0036511,purab06@ybl,Paytm Payments Bank,1,none,2026-07-31 08:00:00
MULE0037000,faiyaz76@okhdfcbank,Kotak,7,minimal,2026-07-25 08:00:00
MULE0037001,rheasaraf@ybl,BOB,473,full,2025-04-15 08:00:00
MULE0037002,ssibal@okhdfcbank,SBI,93,full,2026-04-30 08:00:00
MULE0037003,elakshibehl@okicici,BOB,315,full,2025-09-20 08:00:00
MULE0037004,settylavanya@ybl,Axis,304,full,2025-10-01 08:00:00
MULE0037005,nakul76@okaxis,Kotak,467,full,2025-04-21 08:00:00
MULE0037006,obalakrishnan@oksbi,SBI,153,minimal,2026-03-01 08:00:00
MULE0037007,venkateshtrisha@okhdfcbank,Axis,67,minimal,2026-05-26 08:00:00
MULE0037008,samaira44@ybl,Paytm Payments Bank,472,full,2025-04-16 08:00:00
MULE0037009,aaina45@okaxis,HDFC,59,full,2026-06-03 08:00:00
MULE0037010,ahujadivyansh@oksbi,Axis,343,full,2025-08-23 08:00:00
MULE0037011,ldara@okicici,BOB,92,full,2026-05-01 08:00:00
MULE0037012,lchoudhry@ybl,PNB,494,full,2025-03-25 08:00:00
MULE0037013,rsalvi@ybl,SBI,483,minimal,2025-04-05 08:00:00
MULE0037500,sridharrhea@okaxis,BOB,2,none,2026-07-30 08:00:00
MULE0037501,mmand@oksbi,PNB,6,none,2026-07-26 08:00:00
MULE0037502,hraman@okaxis,Axis,3,none,2026-07-29 08:00:00
MULE0037503,mbail@okaxis,BOB,7,none,2026-07-25 08:00:00
MULE0037504,rajagopalyashvi@okhdfcbank,Kotak,2,none,2026-07-30 08:00:00
MULE0037505,manidivit@oksbi,Axis,8,none,2026-07-24 08:00:00
MULE0037506,singhalnakul@ybl,ICICI,8,none,2026-07-24 08:00:00
MULE0037507,kavya96@okaxis,SBI,5,none,2026-07-27 08:00:00
MULE0037508,vsekhon@oksbi,ICICI,2,none,2026-07-30 08:00:00
MULE0037509,ghoseneelofar@ybl,ICICI,5,none,2026-07-27 08:00:00
MULE0038000,dvarkey@okhdfcbank,Paytm Payments Bank,8,minimal,2026-07-24 08:00:00
MULE0038001,iyengarzara@oksbi,SBI,54,full,2026-06-08 08:00:00
MULE0038002,bsami@okicici,Kotak,258,full,2025-11-16 08:00:00
MULE0038003,jiyachana@okicici,ICICI,354,full,2025-08-12 08:00:00
MULE0038004,raushalv@okaxis,HDFC,361,none,2025-08-05 08:00:00
MULE0038005,dhingrazain@okicici,PNB,219,minimal,2025-12-25 08:00:00
MULE0038006,sethiamani@okaxis,ICICI,70,minimal,2026-05-23 08:00:00
MULE0038007,taimur55@okaxis,BOB,241,full,2025-12-03 08:00:00
MULE0038008,raghavkapoor@ybl,HDFC,118,full,2026-04-05 08:00:00
MULE0038009,gabaamira@okicici,SBI,50,full,2026-06-12 08:00:00
MULE0038010,tiya23@ybl,PNB,176,none,2026-02-06 08:00:00
MULE0038011,seher65@okhdfcbank,Paytm Payments Bank,410,minimal,2025-06-17 08:00:00
MULE0038012,charvivarty@oksbi,SBI,440,minimal,2025-05-18 08:00:00
MULE0038013,ganesansumer@okhdfcbank,Axis,400,full,2025-06-27 08:00:00
MULE0038014,samarthakkar@ybl,SBI,375,minimal,2025-07-22 08:00:00
MULE0038500,divyansh16@ybl,HDFC,5,none,2026-07-27 08:00:00
MULE0038501,misha72@okhdfcbank,BOB,3,none,2026-07-29 08:00:00
MULE0038502,qchaudhuri@okaxis,ICICI,3,none,2026-07-29 08:00:00
MULE0038503,vgill@okhdfcbank,Axis,3,none,2026-07-29 08:00:00
MULE0039000,xwason@ybl,Kotak,17,minimal,2026-07-15 08:00:00
MULE0039001,jayanedwin@ybl,Paytm Payments Bank,478,full,2025-04-10 08:00:00
MULE0039002,bhallakanav@okhdfcbank,Axis,144,minimal,2026-03-10 08:00:00
MULE0039003,dishani84@oksbi,PNB,97,minimal,2026-04-26 08:00:00
MULE0039004,vivaanranganathan@okhdfcbank,HDFC,366,full,2025-07-31 08:00:00
MULE0039005,chaudharydivij@oksbi,Paytm Payments Bank,226,full,2025-12-18 08:00:00
MULE0039006,sawhneykismat@okhdfcbank,ICICI,160,full,2026-02-22 08:00:00
MULE0039007,qvarkey@okhdfcbank,HDFC,474,full,2025-04-14 08:00:00
MULE0039008,saanvigarde@okhdfcbank,PNB,98,full,2026-04-25 08:00:00
MULE0039009,vivaan26@ybl,SBI,95,full,2026-04-28 08:00:00
MULE0039010,uppalsara@okhdfcbank,Paytm Payments Bank,353,minimal,2025-08-13 08:00:00
MULE0039011,mannat91@oksbi,BOB,185,full,2026-01-28 08:00:00
MULE0039012,mamooty70@oksbi,PNB,225,minimal,2025-12-19 08:00:00
MULE0039013,irabrahmbhatt@okicici,Paytm Payments Bank,486,full,2025-04-02 08:00:00
MULE0039014,anay73@okaxis,SBI,158,minimal,2026-02-24 08:00:00
MULE0039500,nirvaanvora@oksbi,BOB,3,none,2026-07-29 08:00:00
MULE0039501,advikasabharwal@okaxis,HDFC,5,none,2026-07-27 08:00:00
MULE0039502,hunarahuja@okhdfcbank,Paytm Payments Bank,2,none,2026-07-30 08:00:00
MULE0039503,nirvaan09@oksbi,HDFC,5,none,2026-07-27 08:00:00
MULE0039504,ctripathi@ybl,Axis,2,none,2026-07-30 08:00:00
MULE0039505,jmall@okhdfcbank,Axis,7,none,2026-07-25 08:00:00
MULE0039506,zainchander@okicici,ICICI,5,none,2026-07-27 08:00:00
MULE0039507,kratti@okhdfcbank,Axis,10,none,2026-07-22 08:00:00
MULE0039508,qshenoy@okicici,BOB,6,none,2026-07-26 08:00:00
MULE0039509,zaina46@oksbi,Axis,3,none,2026-07-29 08:00:00
MULE0039510,tejas35@okhdfcbank,Kotak,6,none,2026-07-26 08:00:00
